species,Compartment,MP_Form,Size_Fraction_um,mass_g,number_of_particles,concentration_g_m3,concentration_num_m3,mass_fraction,number_fraction
eA0_Utopia,Ocean_Surface_Water,freeMP,5000.0,46537.25689229897,725547.8666788659,1.2246646550604991e-11,1.9093364912601733e-10,4.167929266131218e-06,1.0110302135095467e-11
dA0_Utopia,Ocean_Surface_Water,freeMP,500.0,29794.892004525573,464522874.26051605,7.840761053822518e-12,1.2224286164750422e-07,2.668464165266068e-06,6.472993475860467e-09
cA0_Utopia,Ocean_Surface_Water,freeMP,50.0,2025.4461349262972,31578099363.908005,5.330121407700782e-13,8.310026148396843e-06,1.8140124249843032e-07,4.4003178850567155e-07
bA0_Utopia,Ocean_Surface_Water,freeMP,5.0,13.810471828391726,215314761592.15433,3.634334691682034e-15,5.66617793663564e-05,1.2368814484671496e-09,3.0003496582620976e-06
aA0_Utopia,Ocean_Surface_Water,freeMP,0.5,0.00947722705458111,147756492983.59128,2.494007119626608e-18,3.888328762726086e-05,8.487911544501827e-13,2.058944495728796e-06
eB0_Utopia,Ocean_Surface_Water,heterMP,5000.0,465372.56892460847,7255478.666813896,1.224664655064759e-10,1.909336491266815e-09,4.1679292661457153e-05,1.0110302135130634e-10
dB0_Utopia,Ocean_Surface_Water,heterMP,500.0,297948.9358600371,4645228989.168488,7.840761470000976e-11,1.2224286813601282e-06,2.668464306905036e-05,6.472993819439415e-08
cB0_Utopia,Ocean_Surface_Water,heterMP,50.0,20255.239743477916,315793129340.6619,5.330326248283662e-12,8.310345508964787e-05,1.8140821388489722e-06,4.400486992589449e-06
bB0_Utopia,Ocean_Surface_Water,heterMP,5.0,138.62933970443027,2161326824965.7751,3.6481405185376386e-14,0.0005687702170962566,1.241580017137099e-08,3.0117471522747e-05
aB0_Utopia,Ocean_Surface_Water,heterMP,0.5,0.09403820191136682,1466120294563.3716,2.4746895239833372e-17,0.0003858211301482557,8.422167528864421e-12,2.0429967236044e-05
eC0_Utopia,Ocean_Surface_Water,biofMP,5000.0,67721.07734939021,1046903.8572865291,1.782133614457637e-11,2.7550101507540243e-10,6.0651761420249816e-06,1.458830600937936e-11
dC0_Utopia,Ocean_Surface_Water,biofMP,500.0,1097.9399352022674,15752083.11841555,2.8893156189533355e-13,4.145285031161986e-09,9.833274013065017e-08,2.1950077575627022e-10
cC0_Utopia,Ocean_Surface_Water,biofMP,50.0,78.65834511809761,603784336.8849952,2.069956450476253e-14,1.588906149697356e-07,7.044730191164755e-09,8.413562151713209e-09
bC0_Utopia,Ocean_Surface_Water,biofMP,5.0,3.5637000684364004,1468903804.6968694,9.378158074832632e-16,3.8655363281496563e-07,3.191690014158919e-10,2.0468754654129287e-08
aC0_Utopia,Ocean_Surface_Water,biofMP,0.5,0.008064625060552931,9586100.555529494,2.1222697527770874e-18,2.5226580409288142e-09,7.222769250891554e-13,1.3357957119692922e-10
eD0_Utopia,Ocean_Surface_Water,heterBiofMP,5000.0,677210.7735368081,10558182.08556432,1.7821336145705476e-10,2.7784689698853478e-09,6.065176142409253e-05,1.4712524946290635e-10
dD0_Utopia,Ocean_Surface_Water,heterBiofMP,500.0,10979.397696499102,171176367.23947117,2.889315183289237e-12,4.504641243143978e-08,9.833272530359416e-07,2.3852937492614945e-09
cD0_Utopia,Ocean_Surface_Water,heterBiofMP,50.0,786.5804510381457,12263330637.274134,2.0699485553635413e-13,3.2271922729668772e-06,7.044703321546861e-08,1.7088600713961116e-07
bD0_Utopia,Ocean_Surface_Water,heterBiofMP,5.0,35.63364081113891,555552986983.2344,9.377273897668134e-15,0.0001461981544692722,3.1913891001197065e-09,7.741472077046722e-06
aD0_Utopia,Ocean_Surface_Water,heterBiofMP,0.5,0.08062120195382821,1256940030265.6392,2.1216105777323215e-17,0.0003307736921751682,7.220525865366194e-12,1.751510004412479e-05
eA1_Utopia,Ocean_Mixed_Water,freeMP,5000.0,-0.0,-0.0,-0.0,-0.0,-0.0,-0.0
dA1_Utopia,Ocean_Mixed_Water,freeMP,500.0,-0.0,-0.0,-0.0,-0.0,-0.0,-0.0
cA1_Utopia,Ocean_Mixed_Water,freeMP,50.0,-0.0,-0.0,-0.0,-0.0,-0.0,-0.0
bA1_Utopia,Ocean_Mixed_Water,freeMP,5.0,-0.0,-0.0,-0.0,-0.0,-0.0,-0.0
aA1_Utopia,Ocean_Mixed_Water,freeMP,0.5,0.0001692918993806495,2639377235.446153,1.6929189938064952e-20,2.639377235446153e-07,1.5161973632878934e-14,3.6778967349186064e-08
eB1_Utopia,Ocean_Mixed_Water,heterMP,5000.0,-0.0,-0.0,-0.0,-0.0,-0.0,-0.0
dB1_Utopia,Ocean_Mixed_Water,heterMP,500.0,-0.0,-0.0,-0.0,-0.0,-0.0,-0.0
cB1_Utopia,Ocean_Mixed_Water,heterMP,50.0,-0.0,-0.0,-0.0,-0.0,-0.0,-0.0
bB1_Utopia,Ocean_Mixed_Water,heterMP,5.0,-0.0,-0.0,-0.0,-0.0,-0.0,-0.0
aB1_Utopia,Ocean_Mixed_Water,heterMP,0.5,0.002464609493317437,38424958398.63004,2.4646094933174367e-19,3.8424958398630045e-06,2.2073320867527217e-13,5.354408120816268e-07
eC1_Utopia,Ocean_Mixed_Water,biofMP,5000.0,-0.0,-0.0,-0.0,-0.0,-0.0,-0.0
dC1_Utopia,Ocean_Mixed_Water,biofMP,500.0,10976.285700029932,157476159.7923799,1.0976285700029933e-12,1.5747615979237988e-08,9.830485391188327e-07,2.1943852744869624e-09
cC1_Utopia,Ocean_Mixed_Water,biofMP,50.0,786.0052634111031,6033405178.360391,7.860052634111032e-14,6.033405178360391e-07,7.039551876222493e-08,8.407377660125085e-08
bC1_Utopia,Ocean_Mixed_Water,biofMP,5.0,35.46612606746012,14618606088.589441,3.5466126067460117e-15,1.4618606088589441e-06,3.1763862905578294e-09,2.0370609733320653e-07
aC1_Utopia,Ocean_Mixed_Water,biofMP,0.5,0.08026911021966898,95412713.70846227,8.026911021966899e-18,9.541271370846227e-09,7.188992132156234e-12,1.329548893221241e-09
eD1_Utopia,Ocean_Mixed_Water,heterBiofMP,5000.0,-0.0,-0.0,-0.0,-0.0,-0.0,-0.0
dD1_Utopia,Ocean_Mixed_Water,heterBiofMP,500.0,109762.84044975812,1711278232.6908774,1.0976284044975812e-11,1.7112782326908774e-07,9.830483908903173e-06,2.384617302909774e-08
cD1_Utopia,Ocean_Mixed_Water,heterBiofMP,50.0,7860.022596511017,122543162355.79321,7.860022596511017e-13,1.2254316235579322e-05,7.039524974208806e-07,1.707603940286267e-06
bD1_Utopia,Ocean_Mixed_Water,heterBiofMP,5.0,354.62405659817733,5528833131124.8955,3.5462405659817736e-14,0.0005528833131124896,3.1760530866491734e-08,7.704270934744493e-05
aD1_Utopia,Ocean_Mixed_Water,heterBiofMP,0.5,0.8024620498282422,12510935693761.918,8.024620498282422e-17,0.0012510935693761918,7.186940713285245e-11,0.00017433631282754296
eA2_Utopia,Ocean_Column_Water,freeMP,5000.0,-0.0,-0.0,-0.0,-0.0,-0.0,-0.0
dA2_Utopia,Ocean_Column_Water,freeMP,500.0,-0.0,-0.0,-0.0,-0.0,-0.0,-0.0
cA2_Utopia,Ocean_Column_Water,freeMP,50.0,-0.0,-0.0,-0.0,-0.0,-0.0,-0.0
bA2_Utopia,Ocean_Column_Water,freeMP,5.0,-0.0,-0.0,-0.0,-0.0,-0.0,-0.0
aA2_Utopia,Ocean_Column_Water,freeMP,0.5,6.074522646923414e-06,94705989.17696577,6.074522646923414e-24,9.470598917696577e-11,5.440411061718304e-16,1.3197008888815411e-09
eB2_Utopia,Ocean_Column_Water,heterMP,5000.0,-0.0,-0.0,-0.0,-0.0,-0.0,-0.0
dB2_Utopia,Ocean_Column_Water,heterMP,500.0,-0.0,-0.0,-0.0,-0.0,-0.0,-0.0
cB2_Utopia,Ocean_Column_Water,heterMP,50.0,-0.0,-0.0,-0.0,-0.0,-0.0,-0.0
bB2_Utopia,Ocean_Column_Water,heterMP,5.0,-0.0,-0.0,-0.0,-0.0,-0.0,-0.0
aB2_Utopia,Ocean_Column_Water,heterMP,0.5,6.293713218205499e-05,981233210.5275483,6.293713218205499e-23,9.812332105275483e-10,5.6367206119397306e-15,1.3673204317771337e-08
eC2_Utopia,Ocean_Column_Water,biofMP,5000.0,-0.0,-0.0,-0.0,-0.0,-0.0,-0.0
dC2_Utopia,Ocean_Column_Water,biofMP,500.0,365913.34705396177,5249738416.58268,3.659133470539618e-13,5.24973841658268e-09,3.2771612464906836e-05,7.315360427537536e-08
cC2_Utopia,Ocean_Column_Water,biofMP,50.0,26181.27470560138,200968423162.11377,2.618127470560138e-14,2.0096842316211377e-07,2.3448245203329665e-06,2.800437532927106e-06
bC2_Utopia,Ocean_Column_Water,biofMP,5.0,1172.6159354134727,483334729606.68384,1.1726159354134726e-15,4.833347296066838e-07,1.0502080701603224e-07,6.735131303020047e-06
aC2_Utopia,Ocean_Column_Water,biofMP,0.5,2.631893089450595,3128427126.796491,2.6318930894505953e-18,3.128427126796491e-09,2.3571531640200507e-10,4.359373779750989e-08
eD2_Utopia,Ocean_Column_Water,heterBiofMP,5000.0,-0.0,-0.0,-0.0,-0.0,-0.0,-0.0
dD2_Utopia,Ocean_Column_Water,heterBiofMP,500.0,3659132.9212247976,57048400833.6209,3.6591329212247974e-12,5.7048400833620906e-08,0.0003277160754518129,7.949531591789877e-07
cD2_Utopia,Ocean_Column_Water,heterBiofMP,50.0,261811.75999052415,4081825544040.571,2.6181175999052414e-13,4.081825544040571e-06,2.3448156800630053e-05,5.6879072227038066e-05
bD2_Utopia,Ocean_Column_Water,heterBiofMP,5.0,11724.93812767217,182799855719084.88,1.1724938127672171e-14,0.00018279985571908487,1.050098695739616e-06,0.002547263738823479
aD2_Utopia,Ocean_Column_Water,heterBiofMP,0.5,26.311436338759105,410213402758651.4,2.6311436338759104e-17,0.0004102134027586514,2.3564819431462845e-09,0.005716206514037259
eA3_Utopia,Coast_Surface_Water,freeMP,5000.0,72.16423592545824,1125.0901089292813,1.899058840143638e-14,2.9607634445507403e-13,6.4631104402607765e-09,1.567780907764309e-14
dA3_Utopia,Coast_Surface_Water,freeMP,500.0,75.89418647286257,1183242.6052990174,1.9972154334963836e-14,3.1137963297342564e-10,6.797169022263731e-09,1.6488147492528546e-11
cA3_Utopia,Coast_Surface_Water,freeMP,50.0,6.000855090327218,93557461.26403973,1.5791723921913733e-15,2.462038454316835e-08,5.374433566351044e-10,1.303696480704551e-09
bA3_Utopia,Coast_Surface_Water,freeMP,5.0,0.04331205817862344,675264798.8191026,1.1397910047006169e-17,1.7770126284713227e-07,3.8790768282033295e-12,9.409621957137302e-09
aA3_Utopia,Coast_Surface_Water,freeMP,0.5,3.133305051903009e-05,488503824.2205763,8.245539610271075e-21,1.2855363795278324e-07,2.806223378349665e-15,6.8071611589557665e-09
eB3_Utopia,Coast_Surface_Water,heterMP,5000.0,721.6423592928647,11250.901089889661,1.8990588402443808e-13,2.9607634447078054e-12,6.463110440603637e-08,1.5677809078474784e-13
dB3_Utopia,Coast_Surface_Water,heterMP,500.0,758.9418940196795,11832426.509657862,1.997215510578104e-13,3.1137964499099637e-09,6.797169284597716e-08,1.6488148128881916e-10
cB3_Utopia,Coast_Surface_Water,heterMP,50.0,60.00913265507226,935583682.551382,1.5791877014492698e-14,2.462062322503637e-07,5.374485668699035e-09,1.3037091193662583e-08
bB3_Utopia,Coast_Surface_Water,heterMP,5.0,0.43323096163134206,6754368885.95102,1.140081477977216e-16,1.7774654963029002e-06,3.8800654025575934e-11,9.412019978976548e-08
aB3_Utopia,Coast_Surface_Water,heterMP,0.5,0.0002988641678047174,4659498085.142838,7.864846521176774e-20,1.2261837066165362e-06,2.676661227527924e-14,6.49287739681877e-08
eC3_Utopia,Coast_Surface_Water,biofMP,5000.0,183.99600724137218,2844.40438997309,4.8420001905624256e-14,7.4852747104555e-13,1.6478890133283962e-08,3.963596214355394e-14
dC3_Utopia,Coast_Surface_Water,biofMP,500.0,2.9242518320583066,41954.07821583195,7.695399558048176e-16,1.1040546898903144e-11,2.6189929545225387e-10,5.846180879878857e-13
cC3_Utopia,Coast_Surface_Water,biofMP,50.0,0.23338978790484483,1791508.5565846006,6.141836523811705e-17,4.714496201538423e-10,2.090265289327211e-11,2.4964159659911077e-11
bC3_Utopia,Coast_Surface_Water,biofMP,5.0,0.011225666954877912,4627051.823560151,2.9541228828626084e-18,1.2176452167263556e-09,1.005383405845312e-12,6.447664458731462e-11
aC3_Utopia,Coast_Surface_Water,biofMP,0.5,2.5784946735527193e-05,30649.545436993765,6.785512298822945e-21,8.065669851840465e-12,2.309328939893374e-15,4.2709265494746137e-13
eD3_Utopia,Coast_Surface_Water,heterBiofMP,5000.0,1839.9600725253406,28686.24398048622,4.842000190856159e-13,7.549011573812163e-12,1.6478890134283634e-07,3.997346103315713e-13
dD3_Utopia,Coast_Surface_Water,heterBiofMP,500.0,29.24251617589388,455910.9548902745,7.695398993656283e-15,1.1997656707638803e-10,2.618992762441754e-09,6.352988841025311e-12
cD3_Utopia,Coast_Surface_Water,heterBiofMP,50.0,2.3338909595211574,36386966.482802816,6.141818314529362e-16,9.575517495474425e-09,2.0902590921204502e-10,5.070419772642746e-10
bD3_Utopia,Coast_Surface_Water,heterBiofMP,5.0,0.1122477497841218,1750019679.5838575,2.9538881522137315e-17,4.6053149462733095e-07,1.0053035194260324e-11,2.4386024017884603e-08
aD3_Utopia,Coast_Surface_Water,heterBiofMP,0.5,0.00025779319275864366,4019173314.9041576,6.78403138838536e-20,1.057677188132673e-06,2.3088249382527755e-14,5.60060313222307e-08
eA4_Utopia,Coast_Column_Water,freeMP,5000.0,-0.0,-0.0,-0.0,-0.0,-0.0,-0.0
dA4_Utopia,Coast_Column_Water,freeMP,500.0,-0.0,-0.0,-0.0,-0.0,-0.0,-0.0
cA4_Utopia,Coast_Column_Water,freeMP,50.0,-0.0,-0.0,-0.0,-0.0,-0.0,-0.0
bA4_Utopia,Coast_Column_Water,freeMP,5.0,-0.0,-0.0,-0.0,-0.0,-0.0,-0.0
aA4_Utopia,Coast_Column_Water,freeMP,0.5,6.059046988089173e-07,9446471.300379941,6.059046988089173e-24,9.446471300379941e-11,5.4265508869518424e-17,1.316338774373676e-10
eB4_Utopia,Coast_Column_Water,heterMP,5000.0,-0.0,-0.0,-0.0,-0.0,-0.0,-0.0
dB4_Utopia,Coast_Column_Water,heterMP,500.0,-0.0,-0.0,-0.0,-0.0,-0.0,-0.0
cB4_Utopia,Coast_Column_Water,heterMP,50.0,-0.0,-0.0,-0.0,-0.0,-0.0,-0.0
bB4_Utopia,Coast_Column_Water,heterMP,5.0,-0.0,-0.0,-0.0,-0.0,-0.0,-0.0
aB4_Utopia,Coast_Column_Water,heterMP,0.5,6.4593525678651475e-06,100705752.52399011,6.459352567865147e-23,1.007057525239901e-09,5.785069083502444e-16,1.4033058761791415e-09
eC4_Utopia,Coast_Column_Water,biofMP,5000.0,-0.0,-0.0,-0.0,-0.0,-0.0,-0.0
dC4_Utopia,Coast_Column_Water,biofMP,500.0,5.396697940542198,77426.12487152308,5.3966979405421983e-17,7.742612487152308e-13,4.83334360229085e-10,1.0789109189775938e-12
cC4_Utopia,Coast_Column_Water,biofMP,50.0,0.42963748686198283,3297913.0785986218,4.296374868619828e-18,3.297913078598622e-11,3.847881836833084e-11,4.595547609083217e-11
bC4_Utopia,Coast_Column_Water,biofMP,5.0,0.020204766915601483,8328102.37264503,2.0204766915601483e-19,8.32810237264503e-11,1.8095617354023865e-12,1.1604972609851831e-10
aC4_Utopia,Coast_Column_Water,biofMP,0.5,4.5448636311688286e-05,54022.99481058107,4.544863631168829e-22,5.402299481058107e-13,4.070431177919e-15,7.527949910152754e-13
eD4_Utopia,Coast_Column_Water,heterBiofMP,5000.0,-0.0,-0.0,-0.0,-0.0,-0.0,-0.0
dD4_Utopia,Coast_Column_Water,heterBiofMP,500.0,53.96697638904043,841382.3075303892,5.396697638904043e-16,8.413823075303891e-12,4.833343332140313e-09,1.1724421958808069e-11
cD4_Utopia,Coast_Column_Water,heterBiofMP,50.0,4.296390073550383,66983678.46430974,4.296390073550383e-17,6.698367846430974e-10,3.8478954545405475e-10,9.33398413111185e-10
bD4_Utopia,Coast_Column_Water,heterBiofMP,5.0,0.20204836872744086,3150073138.934805,2.020483687274409e-18,3.150073138934805e-08,1.809568000843057e-11,4.3895368789466426e-08
aD4_Utopia,Coast_Column_Water,heterBiofMP,0.5,0.0004544503552203134,7085193837.372794,4.544503552203134e-21,7.085193837372795e-08,4.070108687132164e-14,9.873015092643229e-08
eA5_Utopia,Surface_Freshwater,freeMP,5000.0,3.646354802916949e-14,5.684918117398592e-13,2.1449145899511466e-27,3.344069480822701e-26,3.2657165275013488e-24,7.92177090165953e-30
dA5_Utopia,Surface_Freshwater,freeMP,500.0,2.3371600082506137e-14,3.6437933202590703e-10,1.3748000048533022e-27,2.143407835446512e-23,2.093186889068913e-24,5.077521839364395e-27
cA5_Utopia,Surface_Freshwater,freeMP,50.0,1.5894933865449467e-15,2.4781295949110694e-08,9.349961097323216e-29,1.4577232911241586e-21,1.4235682217872618e-25,3.453202756857124e-25
bA5_Utopia,Surface_Freshwater,freeMP,5.0,1.0872793081567381e-17,1.6951432791642216e-07,6.3957606362161065e-31,9.971431053907186e-21,9.737796233699547e-28,2.3621337063640457e-24
aA5_Utopia,Surface_Freshwater,freeMP,0.5,7.700184276914126e-21,1.2005117293610207e-07,4.5295201628906624e-34,7.061833702123652e-21,6.896371970661802e-31,1.6728787800210104e-24
eB5_Utopia,Surface_Freshwater,heterMP,5000.0,3.646354803110438e-13,5.6849181177002536e-12,2.1449145900649636e-26,3.344069481000149e-25,3.2657165276746396e-23,7.921770902079887e-29
dB5_Utopia,Surface_Freshwater,heterMP,500.0,2.337160098710975e-13,3.6437934612929995e-09,1.3748000580652793e-26,2.143407918407647e-22,2.0931869700862336e-23,5.077522035891144e-26
cB5_Utopia,Surface_Freshwater,heterMP,50.0,1.5895092612718622e-14,2.4781543447029923e-07,9.350054478069778e-28,1.4577378498252896e-20,1.4235824393719071e-24,3.453237244984733e-24
bB5_Utopia,Surface_Freshwater,heterMP,5.0,1.0877901093971939e-16,1.695939653456689e-06,6.398765349395259e-30,9.976115608568759e-20,9.742371027276656e-27,2.3632434311774235e-23
aB5_Utopia,Surface_Freshwater,heterMP,0.5,7.285586465802318e-20,1.1358730769200173e-06,4.285639097530775e-33,6.681606334823631e-20,6.525053490372774e-30,1.5828066654442856e-23
eC5_Utopia,Surface_Freshwater,biofMP,5000.0,1.6581264946375694e-10,2.5633068625726665e-09,9.753685262573937e-24,1.5078275662192157e-22,1.4850368082376434e-20,3.571894844677955e-26
dC5_Utopia,Surface_Freshwater,biofMP,500.0,3.4950936409069473e-16,5.014391386362076e-12,2.055937435827616e-29,2.949641991977692e-25,3.130245323122126e-26,6.987411067970209e-29
cC5_Utopia,Surface_Freshwater,biofMP,50.0,6.186241798483776e-17,4.748581852948731e-10,3.6389657638139864e-30,2.7932834429110183e-23,5.540467995124027e-27,6.617013080929177e-27
bC5_Utopia,Surface_Freshwater,biofMP,5.0,3.3788268346050737e-18,1.3927018260380425e-09,1.987545196826514e-31,8.192363682576721e-23,3.02611545878855e-28,1.9406901862721614e-26
aC5_Utopia,Surface_Freshwater,biofMP,0.5,6.661210315576218e-21,7.917917005092103e-12,3.918359009162481e-34,4.657598238289472e-25,5.965855161252447e-31,1.1033391024705937e-28
eD5_Utopia,Surface_Freshwater,heterBiofMP,5000.0,1.6581264947381572e-09,2.5851333346208843e-08,9.75368526316563e-23,1.5206666674240497e-21,1.4850368083277308e-19,3.6023094095998815e-25
dD5_Utopia,Surface_Freshwater,heterBiofMP,500.0,3.495093384759488e-15,5.4490911551241425e-11,2.05593728515264e-28,3.2053477383083193e-24,3.13024509371357e-25,7.5931527704933135e-28
cD5_Utopia,Surface_Freshwater,heterBiofMP,50.0,6.186223497545968e-16,9.644748232218849e-09,3.6389549985564517e-29,5.673381313069911e-22,5.540451604597515e-26,1.3439680980802863e-25
bD5_Utopia,Surface_Freshwater,heterBiofMP,5.0,3.3785597569493377e-17,5.267407208324959e-07,1.98738809232314e-30,3.0984748284264467e-20,3.0258762610248637e-27,7.339981383794251e-24
aD5_Utopia,Surface_Freshwater,heterBiofMP,0.5,6.659828285015925e-20,1.038313069423841e-06,3.9175460500093676e-33,6.107723937787301e-20,5.9646173990800305e-30,1.4468595836061836e-23
eA6_Utopia,Bulk_Freshwater,freeMP,5000.0,-0.0,-0.0,-0.0,-0.0,-0.0,-0.0
dA6_Utopia,Bulk_Freshwater,freeMP,500.0,-0.0,-0.0,-0.0,-0.0,-0.0,-0.0
cA6_Utopia,Bulk_Freshwater,freeMP,50.0,-0.0,-0.0,-0.0,-0.0,-0.0,-0.0
bA6_Utopia,Bulk_Freshwater,freeMP,5.0,-0.0,-0.0,-0.0,-0.0,-0.0,-0.0
aA6_Utopia,Bulk_Freshwater,freeMP,0.5,1.9497399326629e-22,3.039778756182463e-09,1.2185874579143125e-36,1.8998617226140392e-23,1.746209095541936e-32,4.2358448091822645e-26
eB6_Utopia,Bulk_Freshwater,heterMP,5000.0,-0.0,-0.0,-0.0,-0.0,-0.0,-0.0
dB6_Utopia,Bulk_Freshwater,heterMP,500.0,-0.0,-0.0,-0.0,-0.0,-0.0,-0.0
cB6_Utopia,Bulk_Freshwater,heterMP,50.0,-0.0,-0.0,-0.0,-0.0,-0.0,-0.0
bB6_Utopia,Bulk_Freshwater,heterMP,5.0,-0.0,-0.0,-0.0,-0.0,-0.0,-0.0
aB6_Utopia,Bulk_Freshwater,heterMP,0.5,1.855879514188803e-21,2.8934439033417144e-08,1.1599246963680019e-35,1.8084024395885716e-22,1.6621466451068203e-31,4.0319313745129655e-25
eC6_Utopia,Bulk_Freshwater,biofMP,5000.0,-0.0,-0.0,-0.0,-0.0,-0.0,-0.0
dC6_Utopia,Bulk_Freshwater,biofMP,500.0,3.88956355873431e-15,5.580335181109505e-11,2.4309772242089438e-29,3.4877094881934408e-25,3.4835370349490673e-25,7.7760375692884895e-28
cC6_Utopia,Bulk_Freshwater,biofMP,50.0,6.884193483021182e-16,5.284332121268608e-09,4.3026209268882386e-30,3.30270757579288e-23,6.165561403414369e-26,7.363565766207743e-26
bC6_Utopia,Bulk_Freshwater,biofMP,5.0,3.75879280540683e-17,1.549318109520879e-08,2.3492455033792687e-31,9.683238184505494e-23,3.366417271915113e-27,2.158930500661795e-25
aC6_Utopia,Bulk_Freshwater,biofMP,0.5,7.440841453615063e-20,8.844633675656059e-11,4.650525908509414e-34,5.527896047285037e-25,6.664101610229764e-30,1.2324744216318078e-27
eD6_Utopia,Bulk_Freshwater,heterBiofMP,5000.0,-0.0,-0.0,-0.0,-0.0,-0.0,-0.0
dD6_Utopia,Bulk_Freshwater,heterBiofMP,500.0,3.8895632794598796e-14,6.064096872438493e-10,2.430977049662425e-28,3.7900605452740584e-24,3.483536784827735e-24,8.450145658546459e-27
cD6_Utopia,Bulk_Freshwater,heterBiofMP,50.0,6.884174324202141e-15,1.07329016111322e-07,4.3026089526263383e-29,6.708063506957626e-22,6.16554424455974e-25,1.4955991611071506e-24
bD6_Utopia,Bulk_Freshwater,heterBiofMP,5.0,3.7585025246354786e-16,5.859764134717759e-06,2.349064077897174e-30,3.662352584198599e-20,3.3661572931791274e-26,8.165413829080242e-23
aD6_Utopia,Bulk_Freshwater,heterBiofMP,0.5,7.4393370734091215e-19,1.1598438549157775e-05,4.649585670880701e-33,7.24902409322361e-20,6.662754270333421e-29,1.616209259412314e-22
eA7_Utopia,Sediment_Freshwater,freeMP,5000.0,-0.0,-0.0,-0.0,-0.0,-0.0,-0.0
dA7_Utopia,Sediment_Freshwater,freeMP,500.0,-0.0,-0.0,-0.0,-0.0,-0.0,-0.0
cA7_Utopia,Sediment_Freshwater,freeMP,50.0,-0.0,-0.0,-0.0,-0.0,-0.0,-0.0
bA7_Utopia,Sediment_Freshwater,freeMP,5.0,-0.0,-0.0,-0.0,-0.0,-0.0,-0.0
aA7_Utopia,Sediment_Freshwater,freeMP,0.5,-0.0,-0.0,-0.0,-0.0,-0.0,-0.0
eB7_Utopia,Sediment_Freshwater,heterMP,5000.0,-0.0,-0.0,-0.0,-0.0,-0.0,-0.0
dB7_Utopia,Sediment_Freshwater,heterMP,500.0,-0.0,-0.0,-0.0,-0.0,-0.0,-0.0
cB7_Utopia,Sediment_Freshwater,heterMP,50.0,-0.0,-0.0,-0.0,-0.0,-0.0,-0.0
bB7_Utopia,Sediment_Freshwater,heterMP,5.0,-0.0,-0.0,-0.0,-0.0,-0.0,-0.0
aB7_Utopia,Sediment_Freshwater,heterMP,0.5,4.713202771025933e-21,7.348207531133347e-08,4.063105837091322e-33,6.334661664770127e-20,4.2211976120621965e-31,1.0239517157043018e-24
eC7_Utopia,Sediment_Freshwater,biofMP,5000.0,-0.0,-0.0,-0.0,-0.0,-0.0,-0.0
dC7_Utopia,Sediment_Freshwater,biofMP,500.0,6.545847143132674e-11,9.391290449788886e-07,5.642971675114375e-23,8.095940042921453e-19,5.862534601604086e-21,1.308649480570073e-23
cC7_Utopia,Sediment_Freshwater,biofMP,50.0,4.460330350855504e-12,3.423765907019685e-05,3.845112371427159e-24,2.95152233363766e-17,3.9947222177206423e-22,4.770919928171913e-22
bC7_Utopia,Sediment_Freshwater,biofMP,5.0,3.707982423511325e-14,1.528374830947732e-05,3.1965365719925214e-26,1.3175645094377e-17,3.320910920258915e-24,2.129746640602607e-22
aC7_Utopia,Sediment_Freshwater,biofMP,0.5,3.741281503953919e-17,4.447113217807294e-08,3.225242675822344e-29,3.8337182912131844e-20,3.350733952637713e-27,6.196925154892474e-25
eD7_Utopia,Sediment_Freshwater,heterBiofMP,5000.0,-0.0,-0.0,-0.0,-0.0,-0.0,-0.0
dD7_Utopia,Sediment_Freshwater,heterBiofMP,500.0,7.712637557264478e-10,1.2024532814839275e-05,6.648825480400412e-22,1.0365976564516616e-17,6.907525269136546e-20,1.6755842774078993e-22
cD7_Utopia,Sediment_Freshwater,heterBiofMP,50.0,5.255383220706046e-11,0.0008193504170621117,4.5305027764707294e-23,7.063365664328549e-16,4.7067805438142124e-21,1.1417413862621072e-20
bD7_Utopia,Sediment_Freshwater,heterBiofMP,5.0,4.368967105625621e-13,0.006811520434934285,3.7663509531255357e-25,5.8720003749433494e-15,3.9128962638352154e-23,9.49165902889264e-20
aD7_Utopia,Sediment_Freshwater,heterBiofMP,0.5,4.408333511534951e-16,0.006872895371347987,3.800287509943923e-28,5.9249098028861954e-15,3.948153261399901e-26,9.57718324847379e-20
eA8_Utopia,Sediment_Ocean,freeMP,5000.0,-0.0,-0.0,-0.0,-0.0,-0.0,-0.0
dA8_Utopia,Sediment_Ocean,freeMP,500.0,-0.0,-0.0,-0.0,-0.0,-0.0,-0.0
cA8_Utopia,Sediment_Ocean,freeMP,50.0,-0.0,-0.0,-0.0,-0.0,-0.0,-0.0
bA8_Utopia,Sediment_Ocean,freeMP,5.0,-0.0,-0.0,-0.0,-0.0,-0.0,-0.0
aA8_Utopia,Sediment_Ocean,freeMP,0.5,-0.0,-0.0,-0.0,-0.0,-0.0,-0.0
eB8_Utopia,Sediment_Ocean,heterMP,5000.0,-0.0,-0.0,-0.0,-0.0,-0.0,-0.0
dB8_Utopia,Sediment_Ocean,heterMP,500.0,-0.0,-0.0,-0.0,-0.0,-0.0,-0.0
cB8_Utopia,Sediment_Ocean,heterMP,50.0,-0.0,-0.0,-0.0,-0.0,-0.0,-0.0
bB8_Utopia,Sediment_Ocean,heterMP,5.0,-0.0,-0.0,-0.0,-0.0,-0.0,-0.0
aB8_Utopia,Sediment_Ocean,heterMP,0.5,1.3204496910669434e-05,205867195.53058302,1.1383186991956409e-17,0.00017747172028498537,1.1826096507124747e-15,2.8687005256404495e-09
eC8_Utopia,Sediment_Ocean,biofMP,5000.0,-0.0,-0.0,-0.0,-0.0,-0.0,-0.0
dC8_Utopia,Sediment_Ocean,biofMP,500.0,293669310.08807653,4213257240691.337,0.0002531631983517901,3.6321183109408075,0.02630135495337297,5.8710535352069355e-05
cC8_Utopia,Sediment_Ocean,biofMP,50.0,8089470.026211006,62095068084557.055,6.973681057078453e-06,53.53023110737677,0.000724502068262548,0.0008652770248059533
bC8_Utopia,Sediment_Ocean,biofMP,5.0,55164.59024239233,22738018053002.715,4.755568124344166e-08,19.60173970086441,4.9406029809086436e-06,0.0003168477822440669
aC8_Utopia,Sediment_Ocean,biofMP,0.5,63.10763495364973,75013547430.29515,5.440313358073253e-11,0.06466685123301306,5.651991032655134e-09,1.0452923419334884e-06
eD8_Utopia,Sediment_Ocean,heterBiofMP,5000.0,-0.0,-0.0,-0.0,-0.0,-0.0,-0.0
dD8_Utopia,Sediment_Ocean,heterBiofMP,500.0,10542709513.189259,164368097887936.66,0.009088542683783844,141.69663611029023,0.9442169663337625,0.00229042246189047
cD8_Utopia,Sediment_Ocean,heterBiofMP,50.0,290411395.8037112,4527713551579841.0,0.00025035465155492345,3903.2013375688284,0.02600957247199942,0.06309239416163767
bD8_Utopia,Sediment_Ocean,heterBiofMP,5.0,1980370.5588290188,3.0875340106902604e+16,1.7072159989905334e-06,26616.672505950522,0.0001773642230144852,0.43023903913259043
aD8_Utopia,Sediment_Ocean,heterBiofMP,0.5,2265.4617636394805,3.532010821899492e+16,1.952984278999552e-09,30448.369154305965,2.028973131748286e-07,0.49217561230369056
eA9_Utopia,Sediment_Coast,freeMP,5000.0,-0.0,-0.0,-0.0,-0.0,-0.0,-0.0
dA9_Utopia,Sediment_Coast,freeMP,500.0,-0.0,-0.0,-0.0,-0.0,-0.0,-0.0
cA9_Utopia,Sediment_Coast,freeMP,50.0,-0.0,-0.0,-0.0,-0.0,-0.0,-0.0
bA9_Utopia,Sediment_Coast,freeMP,5.0,-0.0,-0.0,-0.0,-0.0,-0.0,-0.0
aA9_Utopia,Sediment_Coast,freeMP,0.5,-0.0,-0.0,-0.0,-0.0,-0.0,-0.0
eB9_Utopia,Sediment_Coast,heterMP,5000.0,-0.0,-0.0,-0.0,-0.0,-0.0,-0.0
dB9_Utopia,Sediment_Coast,heterMP,500.0,-0.0,-0.0,-0.0,-0.0,-0.0,-0.0
cB9_Utopia,Sediment_Coast,heterMP,50.0,-0.0,-0.0,-0.0,-0.0,-0.0,-0.0
bB9_Utopia,Sediment_Coast,heterMP,5.0,-0.0,-0.0,-0.0,-0.0,-0.0,-0.0
aB9_Utopia,Sediment_Coast,heterMP,0.5,0.0002448984697840196,3818135708.2548146,2.1111937050346516e-16,0.003291496300219668,2.193338343525092e-14,5.3204629737184126e-08
eC9_Utopia,Sediment_Coast,biofMP,5000.0,-0.0,-0.0,-0.0,-0.0,-0.0,-0.0
dC9_Utopia,Sediment_Coast,biofMP,500.0,967776.664659016,13884637923.260693,8.342902281543241e-07,0.011969515451086803,8.667517067123606e-05,1.9347846074324217e-07
cC9_Utopia,Sediment_Coast,biofMP,50.0,29661.845851608297,227685414705.956,2.5570556768627844e-08,0.19628052991892758,2.6565484016065684e-06,3.172731173435585e-06
bC9_Utopia,Sediment_Coast,biofMP,5.0,212.3856514870071,87542185240.40068,1.8309107886810956e-10,0.07546740106931094,1.9021498722790583e-08,1.2198753286923927e-06
aC9_Utopia,Sediment_Coast,biofMP,0.5,0.24350127585050302,289440327.129431,2.0991489297457157e-13,0.00024951752338744053,2.1808249169184447e-11,4.033268226332801e-09
eD9_Utopia,Sediment_Coast,heterBiofMP,5000.0,-0.0,-0.0,-0.0,-0.0,-0.0,-0.0
dD9_Utopia,Sediment_Coast,heterBiofMP,500.0,20917740.268963136,326121968533.9959,1.8032534714623392e-05,0.2811396280465482,0.0018734164338502337,4.544416414403383e-06
cD9_Utopia,Sediment_Coast,heterBiofMP,50.0,641122.2269713837,9995536804758.834,5.526915749753308e-07,8.61684207306796,5.7419630451047095e-05,0.00013928494829867333
bD9_Utopia,Sediment_Coast,heterBiofMP,5.0,4590.963872639043,71576286748096.1,3.957727476412968e-09,61.703695472496634,4.111719074634549e-07,0.0009973950968169257
aD9_Utopia,Sediment_Coast,heterBiofMP,0.5,5.263943899120813,82068508575037.0,4.537882671655873e-12,70.748714288825,4.714447584049399e-10,0.0011436012089296743
eA10_Utopia,Urban_Soil_Surface,freeMP,5000.0,1.7471728829060878e-12,2.723962782863227e-11,9.00604578817571e-20,1.404104527249086e-18,1.5647877588720066e-22,3.795764277492138e-28
dA10_Utopia,Urban_Soil_Surface,freeMP,500.0,1.1197184251746624e-12,1.745718095388931e-08,5.771744459663209e-20,8.998546883448098e-16,1.0028324627969463e-22,2.4326082671672213e-25
cA10_Utopia,Urban_Soil_Surface,freeMP,50.0,7.614960684137229e-14,1.187224784650659e-06,3.925237466050118e-21,6.11971538479721e-14,6.820044758827694e-24,1.6543638023546884e-23
bA10_Utopia,Urban_Soil_Surface,freeMP,5.0,5.193146567014469e-16,8.096472943749152e-06,2.6768796737187984e-23,4.173439661726367e-13,4.6510406941390325e-26,1.12822036214684e-22
aA10_Utopia,Urban_Soil_Surface,freeMP,0.5,3.564321969459847e-19,5.557023283695421e-06,1.837279365700952e-26,2.864444991595578e-13,3.1922469957365523e-29,7.743553106577905e-23
eB10_Utopia,Urban_Soil_Surface,heterMP,5000.0,2.2677480635457574e-11,3.535575320820057e-10,1.1689423007967822e-18,1.822461505577349e-17,2.0310207677558353e-21,4.9267231503968094e-27
dB10_Utopia,Urban_Soil_Surface,heterMP,500.0,1.4533418243420734e-11,2.2658599380855578e-07,7.491452702794193e-19,1.1679690402502875e-14,1.3016293455771459e-21,3.157411057483437e-24
cB10_Utopia,Urban_Soil_Surface,heterMP,50.0,9.884239105308095e-13,1.5410209100199144e-05,5.094968610983554e-20,7.943406752679971e-13,8.852436132149753e-23,2.1473685903203174e-22
bB10_Utopia,Urban_Soil_Surface,heterMP,5.0,6.765989958789016e-15,0.00010548644050789233,3.487623690097431e-22,5.437445387004759e-12,6.059696992637588e-25,1.4699233967462099e-21
aB10_Utopia,Urban_Soil_Surface,heterMP,0.5,4.589902507742612e-18,7.155973933882024e-05,2.3659291277023774e-25,3.6886463576711465e-12,4.110768504250884e-28,9.971645133984975e-22
eC10_Utopia,Urban_Soil_Surface,biofMP,5000.0,3.1980168204672275e-12,4.943831781855858e-11,1.6484622785913545e-19,2.5483668978638446e-18,2.864179968847922e-22,6.889088275932223e-28
dC10_Utopia,Urban_Soil_Surface,biofMP,500.0,5.184564294181614e-14,7.438265525852563e-10,2.6724558217431002e-21,3.8341574875528674e-17,4.643354313699214e-24,1.036501039851031e-26
cC10_Utopia,Urban_Soil_Surface,biofMP,50.0,3.715438077803035e-15,2.8519838711015872e-08,1.915174266908781e-22,1.4700947789183438e-15,3.327588288414174e-25,3.9741580046597515e-25
bC10_Utopia,Urban_Soil_Surface,biofMP,5.0,1.6836256951905603e-16,6.939653006308999e-08,8.678482964899795e-24,3.577140724901546e-15,1.507874180129528e-26,9.670208104624182e-25
aC10_Utopia,Urban_Soil_Surface,biofMP,0.5,3.8102112270611515e-19,4.5290472509470103e-10,1.9640264057016246e-26,2.3345604386324794e-17,3.4124681908438536e-29,6.3110978881101034e-27
eD10_Utopia,Urban_Soil_Surface,heterBiofMP,5000.0,3.359471207789776e-11,5.237646846314866e-10,1.7316861895823587e-18,2.6998179620179725e-17,3.0087803408948384e-21,7.298511169988905e-27
dD10_Utopia,Urban_Soil_Surface,heterBiofMP,500.0,5.446310268280379e-13,8.491172579353165e-09,2.807376426948649e-20,4.376893082140807e-16,4.8777769631181563e-23,1.1832206281780116e-25
cD10_Utopia,Urban_Soil_Surface,heterBiofMP,50.0,3.903000006003013e-14,6.085045653972996e-07,2.0118556731974296e-21,3.136621471120101e-14,3.495570868815481e-24,8.479337186825002e-24
bD10_Utopia,Urban_Soil_Surface,heterBiofMP,5.0,1.7684581942646218e-15,2.757148048345292e-05,9.115763887961967e-23,1.421210334198604e-12,1.5838511240280714e-25,3.8420069963899014e-22
aD10_Utopia,Urban_Soil_Surface,heterBiofMP,0.5,4.0013307115613284e-18,6.238349992069188e-05,2.062541603897592e-25,3.2156443258088597e-12,3.583636958831125e-28,8.692962399985385e-22
eA11_Utopia,Urban_Soil,freeMP,5000.0,-0.0,-0.0,-0.0,-0.0,-0.0,-0.0
dA11_Utopia,Urban_Soil,freeMP,500.0,-0.0,-0.0,-0.0,-0.0,-0.0,-0.0
cA11_Utopia,Urban_Soil,freeMP,50.0,-0.0,-0.0,-0.0,-0.0,-0.0,-0.0
bA11_Utopia,Urban_Soil,freeMP,5.0,-0.0,-0.0,-0.0,-0.0,-0.0,-0.0
aA11_Utopia,Urban_Soil,freeMP,0.5,-0.0,-0.0,-0.0,-0.0,-0.0,-0.0
eB11_Utopia,Urban_Soil,heterMP,5000.0,-0.0,-0.0,-0.0,-0.0,-0.0,-0.0
dB11_Utopia,Urban_Soil,heterMP,500.0,-0.0,-0.0,-0.0,-0.0,-0.0,-0.0
cB11_Utopia,Urban_Soil,heterMP,50.0,-0.0,-0.0,-0.0,-0.0,-0.0,-0.0
bB11_Utopia,Urban_Soil,heterMP,5.0,-0.0,-0.0,-0.0,-0.0,-0.0,-0.0
aB11_Utopia,Urban_Soil,heterMP,0.5,-0.0,-0.0,-0.0,-0.0,-0.0,-0.0
eC11_Utopia,Urban_Soil,biofMP,5000.0,-0.0,-0.0,-0.0,-0.0,-0.0,-0.0
dC11_Utopia,Urban_Soil,biofMP,500.0,-0.0,-0.0,-0.0,-0.0,-0.0,-0.0
cC11_Utopia,Urban_Soil,biofMP,50.0,-0.0,-0.0,-0.0,-0.0,-0.0,-0.0
bC11_Utopia,Urban_Soil,biofMP,5.0,-0.0,-0.0,-0.0,-0.0,-0.0,-0.0
aC11_Utopia,Urban_Soil,biofMP,0.5,-0.0,-0.0,-0.0,-0.0,-0.0,-0.0
eD11_Utopia,Urban_Soil,heterBiofMP,5000.0,-0.0,-0.0,-0.0,-0.0,-0.0,-0.0
dD11_Utopia,Urban_Soil,heterBiofMP,500.0,-0.0,-0.0,-0.0,-0.0,-0.0,-0.0
cD11_Utopia,Urban_Soil,heterBiofMP,50.0,-0.0,-0.0,-0.0,-0.0,-0.0,-0.0
bD11_Utopia,Urban_Soil,heterBiofMP,5.0,-0.0,-0.0,-0.0,-0.0,-0.0,-0.0
aD11_Utopia,Urban_Soil,heterBiofMP,0.5,-0.0,-0.0,-0.0,-0.0,-0.0,-0.0
eA12_Utopia,Background_Soil_Surface,freeMP,5000.0,1.7471728829060878e-12,2.723962782863227e-11,1.4667827016572819e-21,2.2868151909594237e-20,1.5647877588720066e-22,3.795764277492138e-28
dA12_Utopia,Background_Soil_Surface,freeMP,500.0,1.1197184251746624e-12,1.745718095388931e-08,9.400235276324444e-22,1.4655613816690712e-17,1.0028324627969463e-22,2.4326082671672213e-25
cA12_Utopia,Background_Soil_Surface,freeMP,50.0,7.614960684137229e-14,1.187224784650659e-06,6.392894895847098e-23,9.966963167422167e-16,6.820044758827694e-24,1.6543638023546884e-23
bA12_Utopia,Background_Soil_Surface,freeMP,5.0,5.193146567014469e-16,8.096472943749152e-06,4.359738882278173e-25,6.797132999554344e-15,4.6510406941390325e-26,1.12822036214684e-22
aA12_Utopia,Background_Soil_Surface,freeMP,0.5,3.564321969459847e-19,5.557023283695421e-06,2.992311670522723e-28,4.665219856018856e-15,3.1922469957365523e-29,7.743553106577905e-23
eB12_Utopia,Background_Soil_Surface,heterMP,5000.0,2.2677480635457574e-11,3.535575320820057e-10,1.9038148221445964e-20,2.9681783478458453e-19,2.0310207677558353e-21,4.9267231503968094e-27
dB12_Utopia,Background_Soil_Surface,heterMP,500.0,1.4533418243420734e-11,2.2658599380855578e-07,1.2201063033866764e-20,1.9022297072480254e-16,1.3016293455771459e-21,3.157411057483437e-24
cB12_Utopia,Background_Soil_Surface,heterMP,50.0,9.884239105308095e-13,1.5410209100199144e-05,8.2979944804292415e-22,1.2937144548338715e-14,8.852436132149753e-23,2.1473685903203174e-22
bB12_Utopia,Background_Soil_Surface,heterMP,5.0,6.765989958789016e-15,0.00010548644050789233,5.68016887638018e-24,8.85577424593609e-14,6.059696992637588e-25,1.4699233967462099e-21
aB12_Utopia,Background_Soil_Surface,heterMP,0.5,4.589902507742612e-18,7.155973933882024e-05,3.853304768244914e-27,6.007567357770596e-14,4.110768504250884e-28,9.971645133984975e-22
eC12_Utopia,Background_Soil_Surface,biofMP,5000.0,3.1980168204672275e-12,4.943831781855858e-11,2.6847919846764728e-21,4.1504346870746654e-20,2.864179968847922e-22,6.889088275932223e-28
dC12_Utopia,Background_Soil_Surface,biofMP,500.0,5.184564294181614e-14,7.438265525852563e-10,4.3525339116337134e-23,6.244556168652878e-19,4.643354313699214e-24,1.036501039851031e-26
cC12_Utopia,Background_Soil_Surface,biofMP,50.0,3.715438077803035e-15,2.8519838711015872e-08,3.119176330470327e-24,2.3942911708767816e-17,3.327588288414174e-25,3.9741580046597515e-25
bC12_Utopia,Background_Soil_Surface,biofMP,5.0,1.6836256951905603e-16,6.939653006308999e-08,1.4134337076384032e-25,5.825962092673527e-17,1.507874180129528e-26,9.670208104624182e-25
aC12_Utopia,Background_Soil_Surface,biofMP,0.5,3.8102112270611515e-19,4.5290472509470103e-10,3.1987400744326133e-28,3.802215698098501e-19,3.4124681908438536e-29,6.3110978881101034e-27
eD12_Utopia,Background_Soil_Surface,heterBiofMP,5000.0,3.359471207789776e-11,5.237646846314866e-10,2.82033581365205e-20,4.397097658009727e-19,3.0087803408948384e-21,7.298511169988905e-27
dD12_Utopia,Background_Soil_Surface,heterBiofMP,500.0,5.446310268280379e-13,8.491172579353165e-09,4.572274310991285e-22,7.128490361792845e-18,4.8777769631181563e-23,1.1832206281780116e-25
cD12_Utopia,Background_Soil_Surface,heterBiofMP,50.0,3.903000006003013e-14,6.085045653972996e-07,3.276637904230341e-23,5.108504024625571e-16,3.495570868815481e-24,8.479337186825002e-24
bD12_Utopia,Background_Soil_Surface,heterBiofMP,5.0,1.7684581942646218e-15,2.757148048345292e-05,1.4846520990166071e-24,2.314674811398378e-14,1.5838511240280714e-25,3.8420069963899014e-22
aD12_Utopia,Background_Soil_Surface,heterBiofMP,0.5,4.0013307115613284e-18,6.238349992069188e-05,3.359188279963505e-27,5.237205742359707e-14,3.583636958831125e-28,8.692962399985385e-22
eA13_Utopia,Background_Soil,freeMP,5000.0,-0.0,-0.0,-0.0,-0.0,-0.0,-0.0
dA13_Utopia,Background_Soil,freeMP,500.0,-0.0,-0.0,-0.0,-0.0,-0.0,-0.0
cA13_Utopia,Background_Soil,freeMP,50.0,-0.0,-0.0,-0.0,-0.0,-0.0,-0.0
bA13_Utopia,Background_Soil,freeMP,5.0,-0.0,-0.0,-0.0,-0.0,-0.0,-0.0
aA13_Utopia,Background_Soil,freeMP,0.5,-0.0,-0.0,-0.0,-0.0,-0.0,-0.0
eB13_Utopia,Background_Soil,heterMP,5000.0,-0.0,-0.0,-0.0,-0.0,-0.0,-0.0
dB13_Utopia,Background_Soil,heterMP,500.0,-0.0,-0.0,-0.0,-0.0,-0.0,-0.0
cB13_Utopia,Background_Soil,heterMP,50.0,-0.0,-0.0,-0.0,-0.0,-0.0,-0.0
bB13_Utopia,Background_Soil,heterMP,5.0,-0.0,-0.0,-0.0,-0.0,-0.0,-0.0
aB13_Utopia,Background_Soil,heterMP,0.5,-0.0,-0.0,-0.0,-0.0,-0.0,-0.0
eC13_Utopia,Background_Soil,biofMP,5000.0,-0.0,-0.0,-0.0,-0.0,-0.0,-0.0
dC13_Utopia,Background_Soil,biofMP,500.0,-0.0,-0.0,-0.0,-0.0,-0.0,-0.0
cC13_Utopia,Background_Soil,biofMP,50.0,-0.0,-0.0,-0.0,-0.0,-0.0,-0.0
bC13_Utopia,Background_Soil,biofMP,5.0,-0.0,-0.0,-0.0,-0.0,-0.0,-0.0
aC13_Utopia,Background_Soil,biofMP,0.5,-0.0,-0.0,-0.0,-0.0,-0.0,-0.0
eD13_Utopia,Background_Soil,heterBiofMP,5000.0,-0.0,-0.0,-0.0,-0.0,-0.0,-0.0
dD13_Utopia,Background_Soil,heterBiofMP,500.0,-0.0,-0.0,-0.0,-0.0,-0.0,-0.0
cD13_Utopia,Background_Soil,heterBiofMP,50.0,-0.0,-0.0,-0.0,-0.0,-0.0,-0.0
bD13_Utopia,Background_Soil,heterBiofMP,5.0,-0.0,-0.0,-0.0,-0.0,-0.0,-0.0
aD13_Utopia,Background_Soil,heterBiofMP,0.5,-0.0,-0.0,-0.0,-0.0,-0.0,-0.0
eA14_Utopia,Agricultural_Soil_Surface,freeMP,5000.0,1.7471728829060878e-12,2.723962782863227e-11,2.3952249436637527e-21,3.734320551194378e-20,1.5647877588720066e-22,3.795764277492138e-28
dA14_Utopia,Agricultural_Soil_Surface,freeMP,500.0,1.1197184251746624e-12,1.745718095388931e-08,1.5350384201231937e-21,2.3932305541085367e-17,1.0028324627969463e-22,2.4326082671672213e-25
cA14_Utopia,Agricultural_Soil_Surface,freeMP,50.0,7.614960684137229e-14,1.187224784650659e-06,1.0439461345877973e-22,1.6275838789354285e-15,6.820044758827694e-24,1.6543638023546884e-23
bA14_Utopia,Agricultural_Soil_Surface,freeMP,5.0,5.193146567014469e-16,8.096472943749152e-06,7.119360834358506e-25,1.1099573568421189e-14,4.6510406941390325e-26,1.12822036214684e-22
aA14_Utopia,Agricultural_Soil_Surface,freeMP,0.5,3.564321969459847e-19,5.557023283695421e-06,4.886381291757851e-28,7.618204764881856e-15,3.1922469957365523e-29,7.743553106577905e-23
eB14_Utopia,Agricultural_Soil_Surface,heterMP,5000.0,2.2677480635457574e-11,3.535575320820057e-10,3.108889097863782e-20,4.84697208930146e-19,2.0310207677558353e-21,4.9267231503968094e-27
dB14_Utopia,Agricultural_Soil_Surface,heterMP,500.0,1.4533418243420734e-11,2.2658599380855578e-07,1.9924076337218597e-20,3.1063006389635304e-16,1.3016293455771459e-21,3.157411057483437e-24
cB14_Utopia,Agricultural_Soil_Surface,heterMP,50.0,9.884239105308095e-13,1.5410209100199144e-05,1.35504484334669e-21,2.1126081789042475e-14,8.852436132149753e-23,2.1473685903203174e-22
bB14_Utopia,Agricultural_Soil_Surface,heterMP,5.0,6.765989958789016e-15,0.00010548644050789233,9.275594920471891e-24,1.4461290922885e-13,6.059696992637588e-25,1.4699233967462099e-21
aB14_Utopia,Agricultural_Soil_Surface,heterMP,0.5,4.589902507742612e-18,7.155973933882024e-05,6.29236470133611e-27,9.810229674657303e-14,4.110768504250884e-28,9.971645133984975e-22
eC14_Utopia,Agricultural_Soil_Surface,biofMP,5000.0,3.1980168204672275e-12,4.943831781855858e-11,4.384208187742964e-21,6.777571536871927e-20,2.864179968847922e-22,6.889088275932223e-28
dC14_Utopia,Agricultural_Soil_Surface,biofMP,500.0,5.184564294181614e-14,7.438265525852563e-10,7.107595270593351e-23,1.0197227360512946e-18,4.643354313699214e-24,1.036501039851031e-26
cC14_Utopia,Agricultural_Soil_Surface,biofMP,50.0,3.715438077803035e-15,2.8519838711015872e-08,5.0935485822042045e-24,3.9098265396764465e-17,3.327588288414174e-25,3.9741580046597515e-25
bC14_Utopia,Agricultural_Soil_Surface,biofMP,5.0,1.6836256951905603e-16,6.939653006308999e-08,2.308107171515903e-25,9.513672140695601e-17,1.507874180129528e-26,9.670208104624182e-25
aC14_Utopia,Agricultural_Soil_Surface,biofMP,0.5,3.8102112270611515e-19,4.5290472509470103e-10,5.223474483249002e-28,6.208937336788509e-19,3.4124681908438536e-29,6.3110978881101034e-27
eD14_Utopia,Agricultural_Soil_Surface,heterBiofMP,5000.0,3.359471207789776e-11,5.237646846314866e-10,4.6055483765488264e-20,7.180366920260565e-19,3.0087803408948384e-21,7.298511169988905e-27
dD14_Utopia,Agricultural_Soil_Surface,heterBiofMP,500.0,5.446310268280379e-13,8.491172579353165e-09,7.46642666741662e-22,1.1640673090800017e-17,4.8777769631181563e-23,1.1832206281780116e-25
cD14_Utopia,Agricultural_Soil_Surface,heterBiofMP,50.0,3.903000006003013e-14,6.085045653972996e-07,5.350679981908056e-23,8.342078380638566e-16,3.495570868815481e-24,8.479337186825002e-24
bD14_Utopia,Agricultural_Soil_Surface,heterBiofMP,5.0,1.7684581942646218e-15,2.757148048345292e-05,2.424405289351587e-24,3.779814718613309e-14,1.5838511240280714e-25,3.8420069963899014e-22
aD14_Utopia,Agricultural_Soil_Surface,heterBiofMP,0.5,4.0013307115613284e-18,6.238349992069188e-05,5.4854829890893405e-27,8.552245547363989e-14,3.583636958831125e-28,8.692962399985385e-22
eA15_Utopia,Agricultural_Soil,freeMP,5000.0,-0.0,-0.0,-0.0,-0.0,-0.0,-0.0
dA15_Utopia,Agricultural_Soil,freeMP,500.0,-0.0,-0.0,-0.0,-0.0,-0.0,-0.0
cA15_Utopia,Agricultural_Soil,freeMP,50.0,-0.0,-0.0,-0.0,-0.0,-0.0,-0.0
bA15_Utopia,Agricultural_Soil,freeMP,5.0,-0.0,-0.0,-0.0,-0.0,-0.0,-0.0
aA15_Utopia,Agricultural_Soil,freeMP,0.5,-0.0,-0.0,-0.0,-0.0,-0.0,-0.0
eB15_Utopia,Agricultural_Soil,heterMP,5000.0,-0.0,-0.0,-0.0,-0.0,-0.0,-0.0
dB15_Utopia,Agricultural_Soil,heterMP,500.0,-0.0,-0.0,-0.0,-0.0,-0.0,-0.0
cB15_Utopia,Agricultural_Soil,heterMP,50.0,-0.0,-0.0,-0.0,-0.0,-0.0,-0.0
bB15_Utopia,Agricultural_Soil,heterMP,5.0,-0.0,-0.0,-0.0,-0.0,-0.0,-0.0
aB15_Utopia,Agricultural_Soil,heterMP,0.5,-0.0,-0.0,-0.0,-0.0,-0.0,-0.0
eC15_Utopia,Agricultural_Soil,biofMP,5000.0,-0.0,-0.0,-0.0,-0.0,-0.0,-0.0
dC15_Utopia,Agricultural_Soil,biofMP,500.0,-0.0,-0.0,-0.0,-0.0,-0.0,-0.0
cC15_Utopia,Agricultural_Soil,biofMP,50.0,-0.0,-0.0,-0.0,-0.0,-0.0,-0.0
bC15_Utopia,Agricultural_Soil,biofMP,5.0,-0.0,-0.0,-0.0,-0.0,-0.0,-0.0
aC15_Utopia,Agricultural_Soil,biofMP,0.5,-0.0,-0.0,-0.0,-0.0,-0.0,-0.0
eD15_Utopia,Agricultural_Soil,heterBiofMP,5000.0,-0.0,-0.0,-0.0,-0.0,-0.0,-0.0
dD15_Utopia,Agricultural_Soil,heterBiofMP,500.0,-0.0,-0.0,-0.0,-0.0,-0.0,-0.0
cD15_Utopia,Agricultural_Soil,heterBiofMP,50.0,-0.0,-0.0,-0.0,-0.0,-0.0,-0.0
bD15_Utopia,Agricultural_Soil,heterBiofMP,5.0,-0.0,-0.0,-0.0,-0.0,-0.0,-0.0
aD15_Utopia,Agricultural_Soil,heterBiofMP,0.5,-0.0,-0.0,-0.0,-0.0,-0.0,-0.0
eA16_Utopia,Air,freeMP,5000.0,1.390340401371774e-15,2.1676363832687768e-14,1.7916757749636264e-32,2.7933458547278053e-31,1.2452045599019775e-25,3.020539341420586e-31
dA16_Utopia,Air,freeMP,500.0,8.910336120208602e-16,1.3891827312406134e-11,1.1482391907485313e-32,1.7901839320110998e-28,7.98019762368699e-26,1.9357864282600386e-28
cA16_Utopia,Air,freeMP,50.0,6.059725169499849e-17,9.447528631878604e-10,7.808924187499804e-34,1.2174650298812634e-26,5.4271582738796634e-27,1.3164861104957897e-26
bA16_Utopia,Air,freeMP,5.0,4.132528356527521e-19,6.442896150943165e-09,5.325423139855053e-36,8.302701225442223e-26,3.701139050836161e-29,8.977991625728318e-26
aA16_Utopia,Air,freeMP,0.5,2.8363654713976033e-22,4.422088997761004e-09,3.6551101435536125e-39,5.698568296083768e-26,2.5402809377100213e-32,6.162054619538108e-26
eB16_Utopia,Air,heterMP,5000.0,1.3905942180068286e-14,2.168032100873099e-13,1.7920028582562224e-31,2.7938558000941997e-30,1.2454318809458292e-24,3.0210907625912098e-30
dB16_Utopia,Air,heterMP,500.0,8.911963238798306e-15,1.3894364102282524e-10,1.1484488709791632e-31,1.7905108379230057e-27,7.9816548894655e-25,1.9361399226782767e-27
cB16_Utopia,Air,heterMP,50.0,6.061063823706838e-16,9.449615685927256e-09,7.810649257354172e-33,1.217733980145265e-25,5.428357187700358e-26,1.3167769355119356e-25
bB16_Utopia,Air,heterMP,5.0,4.14893817661259e-18,6.468480189948429e-08,5.34656981522241e-35,8.335670347871687e-25,3.7158358709652013e-28,9.013642252800422e-25
aB16_Utopia,Air,heterMP,0.5,2.8145506950636335e-21,4.3880782599390085e-08,3.626998318380971e-38,5.654740025694598e-25,2.520743377744491e-31,6.114661628529551e-25
eC16_Utopia,Air,biofMP,5000.0,2.0259098855499e-15,3.131865228243004e-14,2.6107086153993557e-32,4.035908799282222e-31,1.8144277652783765e-25,4.364164675843684e-31
dC16_Utopia,Air,biofMP,500.0,3.2843667327293875e-17,4.712062664500972e-13,4.232431356610035e-34,6.072245701676511e-30,2.9415159251287654e-27,6.566124635673952e-30
cC16_Utopia,Air,biofMP,50.0,2.3536907882398124e-18,1.8067016661436564e-11,3.0331066858760466e-35,2.3282237965768766e-28,2.107992042253685e-28,2.5175871298891956e-28
bC16_Utopia,Air,biofMP,5.0,1.066559099258913e-19,4.396196898587125e-11,1.3744318289418982e-36,5.665202188900935e-28,9.552223703575003e-30,6.125974719426482e-28
aC16_Utopia,Air,biofMP,0.5,2.413728577515312e-22,2.869103607927748e-13,3.110474971024887e-39,3.697298463824418e-30,2.1617625641334531e-32,3.998013868584773e-30
eD16_Utopia,Air,heterBiofMP,5000.0,2.0259715270377703e-14,3.158629058855477e-13,2.610788050306405e-31,4.0703982717209755e-30,1.814482972090823e-24,4.401459308797844e-30
dD16_Utopia,Air,heterBiofMP,500.0,3.28446616996277e-16,5.120708829724214e-12,4.232559497374704e-33,6.598851584696152e-29,2.941604982237593e-26,7.13556138636924e-29
cD16_Utopia,Air,heterBiofMP,50.0,2.3537534311516465e-17,3.6696636086918566e-10,3.033187411277895e-34,4.728947949345176e-27,2.108048145952739e-27,5.113571346831736e-27
bD16_Utopia,Air,heterBiofMP,5.0,1.0664910418130768e-18,1.6627329410720955e-08,1.3743441260477793e-35,2.1426970890104324e-25,9.551614173406657e-29,2.316970826634014e-25
aD16_Utopia,Air,heterBiofMP,0.5,2.4130530046180752e-21,3.762115725332737e-08,3.109604387394427e-38,4.8480872749133205e-25,2.1611575134197174e-31,5.242400728764452e-25
