,eA0_Utopia,dA0_Utopia,cA0_Utopia,bA0_Utopia,aA0_Utopia,eB0_Utopia,dB0_Utopia,cB0_Utopia,bB0_Utopia,aB0_Utopia,eC0_Utopia,dC0_Utopia,cC0_Utopia,bC0_Utopia,aC0_Utopia,eD0_Utopia,dD0_Utopia,cD0_Utopia,bD0_Utopia,aD0_Utopia,eA1_Utopia,dA1_Utopia,cA1_Utopia,bA1_Utopia,aA1_Utopia,eB1_Utopia,dB1_Utopia,cB1_Utopia,bB1_Utopia,aB1_Utopia,eC1_Utopia,dC1_Utopia,cC1_Utopia,bC1_Utopia,aC1_Utopia,eD1_Utopia,dD1_Utopia,cD1_Utopia,bD1_Utopia,aD1_Utopia,eA2_Utopia,dA2_Utopia,cA2_Utopia,bA2_Utopia,aA2_Utopia,eB2_Utopia,dB2_Utopia,cB2_Utopia,bB2_Utopia,aB2_Utopia,eC2_Utopia,dC2_Utopia,cC2_Utopia,bC2_Utopia,aC2_Utopia,eD2_Utopia,dD2_Utopia,cD2_Utopia,bD2_Utopia,aD2_Utopia
eA0_Utopia,-0.0005573233766641623,1.5854895991882294e-07,0.0,0.0,0.0,0.000556,0.0,0.0,0.0,0.0,1.1574074074074074e-06,0.0,0.0,0.0,0.0,0.0,0.0,0.0,0.0,0.0,0.0,0.0,0.0,0.0,0.0,0.0,0.0,0.0,0.0,0.0,0.0,0.0,0.0,0.0,0.0,0.0,0.0,0.0,0.0,0.0,0.0,0.0,0.0,0.0,0.0,0.0,0.0,0.0,0.0,0.0,0.0,0.0,0.0,0.0,0.0,0.0,0.0,0.0,0.0,0.0
dA0_Utopia,0.0,-0.0005571806826002353,1.5854895991882296e-08,0.0,0.0,0.0,0.000556,0.0,0.0,0.0,0.0,1.1574074074074074e-06,0.0,0.0,0.0,0.0,0.0,0.0,0.0,0.0,0.0,0.0,0.0,0.0,0.0,0.0,0.0,0.0,0.0,0.0,0.0,0.0,0.0,0.0,0.0,0.0,0.0,0.0,0.0,0.0,0.0,0.0,0.0,0.0,0.0,0.0,0.0,0.0,0.0,0.0,0.0,0.0,0.0,0.0,0.0,0.0,0.0,0.0,0.0,0.0
cA0_Utopia,0.0,0.0,-2.7889240896944638e-05,1.5854895991882293e-09,0.0,0.0,0.0,2.6722827703101953e-05,0.0,0.0,0.0,0.0,1.1574074074074074e-06,0.0,0.0,0.0,0.0,0.0,0.0,0.0,0.0,0.0,0.0,0.0,0.0,0.0,0.0,0.0,0.0,0.0,0.0,0.0,0.0,0.0,0.0,0.0,0.0,0.0,0.0,0.0,0.0,0.0,0.0,0.0,0.0,0.0,0.0,0.0,0.0,0.0,0.0,0.0,0.0,0.0,0.0,0.0,0.0,0.0,0.0,0.0
bA0_Utopia,0.0,0.0,0.0,-2.1286801296202406e-06,1.5854895991882296e-10,0.0,0.0,0.0,9.636938764168232e-07,0.0,0.0,0.0,0.0,1.1574074074074074e-06,0.0,0.0,0.0,0.0,0.0,0.0,0.0,0.0,0.0,0.0,0.0,0.0,0.0,0.0,0.0,0.0,0.0,0.0,0.0,0.0,0.0,0.0,0.0,0.0,0.0,0.0,0.0,0.0,0.0,0.0,0.0,0.0,0.0,0.0,0.0,0.0,0.0,0.0,0.0,0.0,0.0,0.0,0.0,0.0,0.0,0.0
aA0_Utopia,0.0,0.0,0.0,0.0,-2.611399561055841e-06,0.0,0.0,0.0,0.0,1.4465560019163503e-06,0.0,0.0,0.0,0.0,1.1574074074074074e-06,0.0,0.0,0.0,0.0,0.0,0.0,0.0,0.0,0.0,0.0,0.0,0.0,0.0,0.0,0.0,0.0,0.0,0.0,0.0,0.0,0.0,0.0,0.0,0.0,0.0,0.0,0.0,0.0,0.0,0.0,0.0,0.0,0.0,0.0,0.0,0.0,0.0,0.0,0.0,0.0,0.0,0.0,0.0,0.0,0.0
eB0_Utopia,0.000556,0.0,0.0,0.0,0.0,-0.0005573219326075428,1.5854895992542924e-07,0.0,0.0,0.0,0.0,0.0,0.0,0.0,0.0,1.1574074074074074e-06,0.0,0.0,0.0,0.0,0.0,0.0,0.0,0.0,0.0,0.0,0.0,0.0,0.0,0.0,0.0,0.0,0.0,0.0,0.0,0.0,0.0,0.0,0.0,0.0,0.0,0.0,0.0,0.0,0.0,0.0,0.0,0.0,0.0,0.0,0.0,0.0,0.0,0.0,0.0,0.0,0.0,0.0,0.0,0.0
dB0_Utopia,0.0,0.000556,0.0,0.0,0.0,0.0,-0.0005571792385442698,1.5854896652502942e-08,0.0,0.0,0.0,0.0,0.0,0.0,0.0,0.0,1.1574074074074074e-06,0.0,0.0,0.0,0.0,0.0,0.0,0.0,0.0,0.0,0.0,0.0,0.0,0.0,0.0,0.0,0.0,0.0,0.0,0.0,0.0,0.0,0.0,0.0,0.0,0.0,0.0,0.0,0.0,0.0,0.0,0.0,0.0,0.0,0.0,0.0,0.0,0.0,0.0,0.0,0.0,0.0,0.0,0.0
cB0_Utopia,0.0,0.0,2.667882468976667e-06,0.0,0.0,0.0,0.0,-3.832851672252502e-06,1.5855556585024687e-09,0.0,0.0,0.0,0.0,0.0,0.0,0.0,0.0,1.1574074074074074e-06,0.0,0.0,0.0,0.0,0.0,0.0,0.0,0.0,0.0,0.0,0.0,0.0,0.0,0.0,0.0,0.0,0.0,0.0,0.0,0.0,0.0,0.0,0.0,0.0,0.0,0.0,0.0,0.0,0.0,0.0,0.0,0.0,0.0,0.0,0.0,0.0,0.0,0.0,0.0,0.0,0.0,0.0
bB0_Utopia,0.0,0.0,0.0,9.708752320699167e-08,0.0,0.0,0.0,0.0,-1.2663919942511417e-06,1.648975633444243e-10,0.0,0.0,0.0,0.0,0.0,0.0,0.0,0.0,1.1574074074074074e-06,0.0,5.755925863473383e-09,5.755925863473383e-09,5.755925863473383e-09,5.755925863473383e-09,5.755925863473383e-09,5.755925863473383e-09,5.755925863473383e-09,5.755925863473383e-09,5.755925863473383e-09,5.755925863473383e-09,5.755925863473383e-09,5.755925863473383e-09,5.755925863473383e-09,5.755925863473383e-09,5.755925863473383e-09,5.755925863473383e-09,5.755925863473383e-09,5.755925863473383e-09,5.755925863473383e-09,5.755925863473383e-09,0.0,0.0,0.0,0.0,0.0,0.0,0.0,0.0,0.0,0.0,0.0,0.0,0.0,0.0,0.0,0.0,0.0,0.0,0.0,0.0
aB0_Utopia,0.0,0.0,0.0,0.0,8.13243449461785e-08,0.0,0.0,0.0,0.0,-1.2587306161125756e-06,0.0,0.0,0.0,0.0,0.0,0.0,0.0,0.0,0.0,1.1574074074074074e-06,1.3943138231729608e-08,1.3943138231729608e-08,1.3943138231729608e-08,1.3943138231729608e-08,1.3943138231729608e-08,1.3943138231729608e-08,1.3943138231729608e-08,1.3943138231729608e-08,1.3943138231729608e-08,1.3943138231729608e-08,1.3943138231729608e-08,1.3943138231729608e-08,1.3943138231729608e-08,1.3943138231729608e-08,1.3943138231729608e-08,1.3943138231729608e-08,1.3943138231729608e-08,1.3943138231729608e-08,1.3943138231729608e-08,1.3943138231729608e-08,0.0,0.0,0.0,0.0,0.0,0.0,0.0,0.0,0.0,0.0,0.0,0.0,0.0,0.0,0.0,0.0,0.0,0.0,0.0,0.0
eC0_Utopia,0.0,0.0,0.0,0.0,0.0,0.0,0.0,0.0,0.0,0.0,-0.0005561662711404641,1.6013444951801116e-07,0.0,0.0,0.0,0.000556,0.0,0.0,0.0,0.0,0.0,0.0,0.0,0.0,0.0,0.0,0.0,0.0,0.0,0.0,0.0,0.0,0.0,0.0,0.0,0.0,0.0,0.0,0.0,0.0,0.0,0.0,0.0,0.0,0.0,0.0,0.0,0.0,0.0,0.0,0.0,0.0,0.0,0.0,0.0,0.0,0.0,0.0,0.0,0.0
dC0_Utopia,0.0,0.0,0.0,0.0,0.0,0.0,0.0,0.0,0.0,0.0,0.0,-0.0006123939636543184,1.7440385591070522e-08,0.0,0.0,0.0,0.000556,0.0,0.0,0.0,5.637038657778109e-05,5.637038657778109e-05,5.637038657778109e-05,5.637038657778109e-05,5.637038657778109e-05,5.637038657778109e-05,5.637038657778109e-05,5.637038657778109e-05,5.637038657778109e-05,5.637038657778109e-05,5.637038657778109e-05,5.637038657778109e-05,5.637038657778109e-05,5.637038657778109e-05,5.637038657778109e-05,5.637038657778109e-05,5.637038657778109e-05,5.637038657778109e-05,5.637038657778109e-05,5.637038657778109e-05,0.0,0.0,0.0,0.0,0.0,0.0,0.0,0.0,0.0,0.0,0.0,0.0,0.0,0.0,0.0,0.0,0.0,0.0,0.0,0.0
cC0_Utopia,0.0,0.0,0.0,0.0,0.0,0.0,0.0,0.0,0.0,0.0,0.0,0.0,-0.0005635781319225002,3.1709791983764586e-09,0.0,0.0,0.0,0.000556,0.0,0.0,7.568824252355593e-06,7.568824252355593e-06,7.568824252355593e-06,7.568824252355593e-06,7.568824252355593e-06,7.568824252355593e-06,7.568824252355593e-06,7.568824252355593e-06,7.568824252355593e-06,7.568824252355593e-06,7.568824252355593e-06,7.568824252355593e-06,7.568824252355593e-06,7.568824252355593e-06,7.568824252355593e-06,7.568824252355593e-06,7.568824252355593e-06,7.568824252355593e-06,7.568824252355593e-06,7.568824252355593e-06,0.0,0.0,0.0,0.0,0.0,0.0,0.0,0.0,0.0,0.0,0.0,0.0,0.0,0.0,0.0,0.0,0.0,0.0,0.0,0.0
bC0_Utopia,0.0,0.0,0.0,0.0,0.0,0.0,0.0,0.0,0.0,0.0,0.0,0.0,0.0,-0.00046646309624466276,1.7440385591070526e-09,0.0,0.0,0.0,0.0004638232680085469,0.0,2.6319475066105552e-06,2.6319475066105552e-06,2.6319475066105552e-06,2.6319475066105552e-06,2.6319475066105552e-06,2.6319475066105552e-06,2.6319475066105552e-06,2.6319475066105552e-06,2.6319475066105552e-06,2.6319475066105552e-06,2.6319475066105552e-06,2.6319475066105552e-06,2.6319475066105552e-06,2.6319475066105552e-06,2.6319475066105552e-06,2.6319475066105552e-06,2.6319475066105552e-06,2.6319475066105552e-06,2.6319475066105552e-06,2.6319475066105552e-06,0.0,0.0,0.0,0.0,0.0,0.0,0.0,0.0,0.0,0.0,0.0,0.0,0.0,0.0,0.0,0.0,0.0,0.0,0.0,0.0
aC0_Utopia,0.0,0.0,0.0,0.0,0.0,0.0,0.0,0.0,0.0,0.0,0.0,0.0,0.0,0.0,-0.0003389883303947721,0.0,0.0,0.0,0.0,0.0003367599652101953,2.2206271491354385e-06,2.2206271491354385e-06,2.2206271491354385e-06,2.2206271491354385e-06,2.2206271491354385e-06,2.2206271491354385e-06,2.2206271491354385e-06,2.2206271491354385e-06,2.2206271491354385e-06,2.2206271491354385e-06,2.2206271491354385e-06,2.2206271491354385e-06,2.2206271491354385e-06,2.2206271491354385e-06,2.2206271491354385e-06,2.2206271491354385e-06,2.2206271491354385e-06,2.2206271491354385e-06,2.2206271491354385e-06,2.2206271491354385e-06,0.0,0.0,0.0,0.0,0.0,0.0,0.0,0.0,0.0,0.0,0.0,0.0,0.0,0.0,0.0,0.0,0.0,0.0,0.0,0.0
eD0_Utopia,0.0,0.0,0.0,0.0,0.0,0.0,0.0,0.0,0.0,0.0,0.000556,0.0,0.0,0.0,0.0,-0.0005561660304643662,1.6013444952448728e-07,0.0,0.0,0.0,0.0,0.0,0.0,0.0,0.0,0.0,0.0,0.0,0.0,0.0,0.0,0.0,0.0,0.0,0.0,0.0,0.0,0.0,0.0,0.0,0.0,0.0,0.0,0.0,0.0,0.0,0.0,0.0,0.0,0.0,0.0,0.0,0.0,0.0,0.0,0.0,0.0,0.0,0.0,0.0
dD0_Utopia,0.0,0.0,0.0,0.0,0.0,0.0,0.0,0.0,0.0,0.0,0.0,0.000556,0.0,0.0,0.0,0.0,-0.0006123937847696892,1.744038613703801e-08,0.0,0.0,5.637044836871037e-05,5.637044836871037e-05,5.637044836871037e-05,5.637044836871037e-05,5.637044836871037e-05,5.637044836871037e-05,5.637044836871037e-05,5.637044836871037e-05,5.637044836871037e-05,5.637044836871037e-05,5.637044836871037e-05,5.637044836871037e-05,5.637044836871037e-05,5.637044836871037e-05,5.637044836871037e-05,5.637044836871037e-05,5.637044836871037e-05,5.637044836871037e-05,5.637044836871037e-05,5.637044836871037e-05,0.0,0.0,0.0,0.0,0.0,0.0,0.0,0.0,0.0,0.0,0.0,0.0,0.0,0.0,0.0,0.0,0.0,0.0,0.0,0.0
cD0_Utopia,0.0,0.0,0.0,0.0,0.0,0.0,0.0,0.0,0.0,0.0,0.0,0.0,0.0004046306882051936,0.0,0.0,0.0,0.0,-0.00041220888960150125,3.1709957138071017e-09,0.0,7.569134385752076e-06,7.569134385752076e-06,7.569134385752076e-06,7.569134385752076e-06,7.569134385752076e-06,7.569134385752076e-06,7.569134385752076e-06,7.569134385752076e-06,7.569134385752076e-06,7.569134385752076e-06,7.569134385752076e-06,7.569134385752076e-06,7.569134385752076e-06,7.569134385752076e-06,7.569134385752076e-06,7.569134385752076e-06,7.569134385752076e-06,7.569134385752076e-06,7.569134385752076e-06,7.569134385752076e-06,0.0,0.0,0.0,0.0,0.0,0.0,0.0,0.0,0.0,0.0,0.0,0.0,0.0,0.0,0.0,0.0,0.0,0.0,0.0,0.0
bD0_Utopia,0.0,0.0,0.0,0.0,0.0,0.0,0.0,0.0,0.0,0.0,0.0,0.0,0.0,4.63939693136341e-05,0.0,0.0,0.0,0.0,-4.903411007689589e-05,1.7440931541472868e-09,2.6325006552658364e-06,2.6325006552658364e-06,2.6325006552658364e-06,2.6325006552658364e-06,2.6325006552658364e-06,2.6325006552658364e-06,2.6325006552658364e-06,2.6325006552658364e-06,2.6325006552658364e-06,2.6325006552658364e-06,2.6325006552658364e-06,2.6325006552658364e-06,2.6325006552658364e-06,2.6325006552658364e-06,2.6325006552658364e-06,2.6325006552658364e-06,2.6325006552658364e-06,2.6325006552658364e-06,2.6325006552658364e-06,2.6325006552658364e-06,0.0,0.0,0.0,0.0,0.0,0.0,0.0,0.0,0.0,0.0,0.0,0.0,0.0,0.0,0.0,0.0,0.0,0.0,0.0,0.0
aD0_Utopia,0.0,0.0,0.0,0.0,0.0,0.0,0.0,0.0,0.0,0.0,0.0,0.0,0.0,0.0,3.368679506531076e-05,0.0,0.0,0.0,0.0,-3.5915522002497574e-05,2.221229513092071e-06,2.221229513092071e-06,2.221229513092071e-06,2.221229513092071e-06,2.221229513092071e-06,2.221229513092071e-06,2.221229513092071e-06,2.221229513092071e-06,2.221229513092071e-06,2.221229513092071e-06,2.221229513092071e-06,2.221229513092071e-06,2.221229513092071e-06,2.221229513092071e-06,2.221229513092071e-06,2.221229513092071e-06,2.221229513092071e-06,2.221229513092071e-06,2.221229513092071e-06,2.221229513092071e-06,0.0,0.0,0.0,0.0,0.0,0.0,0.0,0.0,0.0,0.0,0.0,0.0,0.0,0.0,0.0,0.0,0.0,0.0,0.0,0.0
eA1_Utopia,0.0,0.0,0.0,0.0,0.0,0.0,0.0,0.0,0.0,0.0,0.0,0.0,0.0,0.0,0.0,0.0,0.0,0.0,0.0,0.0,-0.0005564213267684819,3.1709791983764586e-08,0.0,0.0,0.0,0.000556,0.0,0.0,0.0,0.0,3.858024691358025e-07,0.0,0.0,0.0,0.0,0.0,0.0,0.0,0.0,0.0,0.0,0.0,0.0,0.0,0.0,0.0,0.0,0.0,0.0,0.0,0.0,0.0,0.0,0.0,0.0,0.0,0.0,0.0,0.0,0.0
dA1_Utopia,0.0,0.0,0.0,0.0,0.0,0.0,0.0,0.0,0.0,0.0,0.0,0.0,0.0,0.0,0.0,0.0,0.0,0.0,0.0,0.0,0.0,-0.0005563927879556965,3.1709791983764586e-09,0.0,0.0,0.0,0.000556,0.0,0.0,0.0,0.0,3.858024691358025e-07,0.0,0.0,0.0,0.0,0.0,0.0,0.0,0.0,0.0,0.0,0.0,0.0,0.0,0.0,0.0,0.0,0.0,0.0,0.0,0.0,0.0,0.0,0.0,0.0,0.0,0.0,0.0,0.0
cA1_Utopia,0.0,0.0,0.0,0.0,0.0,0.0,0.0,0.0,0.0,0.0,0.0,0.0,0.0,0.0,0.0,0.0,0.0,0.0,0.0,0.0,0.0,0.0,-2.7112761777519998e-05,3.170979198376459e-10,0.0,0.0,0.0,2.6722827703101953e-05,0.0,0.0,0.0,0.0,3.858024691358025e-07,0.0,0.0,0.0,0.0,0.0,0.0,0.0,0.0,0.0,0.0,0.0,0.0,0.0,0.0,0.0,0.0,0.0,0.0,0.0,0.0,0.0,0.0,0.0,0.0,0.0,0.0,0.0
bA1_Utopia,0.0,0.0,0.0,0.0,0.0,0.0,0.0,0.0,0.0,0.0,0.0,0.0,0.0,0.0,0.0,0.0,0.0,0.0,0.0,0.0,0.0,0.0,0.0,-1.353342562707017e-06,3.1709791983764586e-11,0.0,0.0,0.0,9.636938764168232e-07,0.0,0.0,0.0,0.0,3.858024691358025e-07,0.0,0.0,0.0,0.0,0.0,0.0,0.0,0.0,0.0,0.0,0.0,0.0,0.0,0.0,0.0,0.0,0.0,0.0,0.0,0.0,0.0,0.0,0.0,0.0,0.0,0.0
aA1_Utopia,0.0,0.0,0.0,0.0,0.0,0.0,0.0,0.0,0.0,0.0,0.0,0.0,0.0,0.0,0.0,0.0,0.0,0.0,0.0,0.0,0.0,0.0,0.0,0.0,-1.8361761493937586e-06,0.0,0.0,0.0,0.0,1.4465560019163503e-06,0.0,0.0,0.0,0.0,3.858024691358025e-07,0.0,0.0,0.0,0.0,0.0,0.0,0.0,0.0,0.0,0.0,0.0,0.0,0.0,0.0,0.0,0.0,0.0,0.0,0.0,0.0,0.0,0.0,0.0,0.0,0.0
eB1_Utopia,0.0,0.0,0.0,0.0,0.0,0.0,0.0,0.0,0.0,0.0,0.0,0.0,0.0,0.0,0.0,0.0,0.0,0.0,0.0,0.0,0.000556,0.0,0.0,0.0,0.0,-0.000556388172919872,0.0,0.0,0.0,0.0,0.0,0.0,0.0,0.0,0.0,3.858024691358025e-07,0.0,0.0,0.0,0.0,0.0,0.0,0.0,0.0,0.0,0.0,0.0,0.0,0.0,0.0,0.0,0.0,0.0,0.0,0.0,0.0,0.0,0.0,0.0,0.0
dB1_Utopia,0.0,0.0,0.0,0.0,0.0,0.0,0.0,0.0,0.0,0.0,0.0,0.0,0.0,0.0,0.0,0.0,0.0,0.0,0.0,0.0,0.0,0.000556,0.0,0.0,0.0,0.0,-0.000556388172919872,0.0,0.0,0.0,0.0,0.0,0.0,0.0,0.0,0.0,3.858024691358025e-07,0.0,0.0,0.0,0.0,0.0,0.0,0.0,0.0,0.0,0.0,0.0,0.0,0.0,0.0,0.0,0.0,0.0,0.0,0.0,0.0,0.0,0.0,0.0
cB1_Utopia,0.0,0.0,0.0,0.0,0.0,0.0,0.0,0.0,0.0,0.0,0.0,0.0,0.0,0.0,0.0,0.0,0.0,0.0,0.0,0.0,0.0,0.0,2.667882468976667e-06,0.0,0.0,0.0,0.0,-3.05605538884871e-06,0.0,0.0,0.0,0.0,0.0,0.0,0.0,0.0,0.0,3.858024691358025e-07,0.0,0.0,0.0,0.0,0.0,0.0,0.0,0.0,0.0,0.0,0.0,0.0,0.0,0.0,0.0,0.0,0.0,0.0,0.0,0.0,0.0,0.0
bB1_Utopia,0.0,0.0,0.0,0.0,0.0,0.0,0.0,0.0,0.0,0.0,0.0,0.0,0.0,0.0,0.0,0.0,0.0,0.0,0.0,0.0,0.0,0.0,0.0,9.708752320699167e-08,0.0,0.0,0.0,0.0,-4.858360356653823e-07,0.0,0.0,0.0,0.0,0.0,0.0,0.0,0.0,0.0,3.858024691358025e-07,0.0,5.755925863473384e-10,5.755925863473384e-10,5.755925863473384e-10,5.755925863473384e-10,5.755925863473384e-10,5.755925863473384e-10,5.755925863473384e-10,5.755925863473384e-10,5.755925863473384e-10,5.755925863473384e-10,5.755925863473384e-10,5.755925863473384e-10,5.755925863473384e-10,5.755925863473384e-10,5.755925863473384e-10,5.755925863473384e-10,5.755925863473384e-10,5.755925863473384e-10,5.755925863473384e-10,5.755925863473384e-10
aB1_Utopia,0.0,0.0,0.0,0.0,0.0,0.0,0.0,0.0,0.0,0.0,0.0,0.0,0.0,0.0,0.0,0.0,0.0,0.0,0.0,0.0,0.0,0.0,0.0,0.0,8.13243449461785e-08,0.0,0.0,0.0,0.0,-4.708915786413947e-07,0.0,0.0,0.0,0.0,0.0,0.0,0.0,0.0,0.0,3.858024691358025e-07,1.394313823172961e-09,1.394313823172961e-09,1.394313823172961e-09,1.394313823172961e-09,1.394313823172961e-09,1.394313823172961e-09,1.394313823172961e-09,1.394313823172961e-09,1.394313823172961e-09,1.394313823172961e-09,1.394313823172961e-09,1.394313823172961e-09,1.394313823172961e-09,1.394313823172961e-09,1.394313823172961e-09,1.394313823172961e-09,1.394313823172961e-09,1.394313823172961e-09,1.394313823172961e-09,1.394313823172961e-09
eC1_Utopia,0.0,0.0,0.0,0.0,0.0,0.0,0.0,0.0,0.0,0.0,0.0,0.0,0.0,0.0,0.0,0.0,0.0,0.0,0.0,0.0,0.0,0.0,0.0,0.0,0.0,0.0,0.0,0.0,0.0,0.0,-0.0005560185443464242,1.6013444951801118e-08,0.0,0.0,0.0,0.000556,0.0,0.0,0.0,0.0,0.0,0.0,0.0,0.0,0.0,0.0,0.0,0.0,0.0,0.0,0.0,0.0,0.0,0.0,0.0,0.0,0.0,0.0,0.0,0.0
dC1_Utopia,0.0,0.0,0.0,0.0,0.0,0.0,0.0,0.0,0.0,0.0,0.0,0.0,0.0,0.0,0.0,0.0,0.0,0.0,0.0,0.0,0.0,0.0,0.0,0.0,0.0,0.0,0.0,0.0,0.0,0.0,0.0,-0.0005616413135978096,1.7440385591070522e-09,0.0,0.0,0.0,0.000556,0.0,0.0,0.0,5.637038657778109e-06,5.637038657778109e-06,5.637038657778109e-06,5.637038657778109e-06,5.637038657778109e-06,5.637038657778109e-06,5.637038657778109e-06,5.637038657778109e-06,5.637038657778109e-06,5.637038657778109e-06,5.637038657778109e-06,5.637038657778109e-06,5.637038657778109e-06,5.637038657778109e-06,5.637038657778109e-06,5.637038657778109e-06,5.637038657778109e-06,5.637038657778109e-06,5.637038657778109e-06,5.637038657778109e-06
cC1_Utopia,0.0,0.0,0.0,0.0,0.0,0.0,0.0,0.0,0.0,0.0,0.0,0.0,0.0,0.0,0.0,0.0,0.0,0.0,0.0,0.0,0.0,0.0,0.0,0.0,0.0,0.0,0.0,0.0,0.0,0.0,0.0,0.0,-0.0005567597304246278,3.170979198376459e-10,0.0,0.0,0.0,0.000556,0.0,0.0,7.568824252355592e-07,7.568824252355592e-07,7.568824252355592e-07,7.568824252355592e-07,7.568824252355592e-07,7.568824252355592e-07,7.568824252355592e-07,7.568824252355592e-07,7.568824252355592e-07,7.568824252355592e-07,7.568824252355592e-07,7.568824252355592e-07,7.568824252355592e-07,7.568824252355592e-07,7.568824252355592e-07,7.568824252355592e-07,7.568824252355592e-07,7.568824252355592e-07,7.568824252355592e-07,7.568824252355592e-07
bC1_Utopia,0.0,0.0,0.0,0.0,0.0,0.0,0.0,0.0,0.0,0.0,0.0,0.0,0.0,0.0,0.0,0.0,0.0,0.0,0.0,0.0,0.0,0.0,0.0,0.0,0.0,0.0,0.0,0.0,0.0,0.0,0.0,0.0,0.0,-0.00046408916806453635,1.7440385591070525e-10,0.0,0.0,0.0,0.0004638232680085469,0.0,2.631947506610555e-07,2.631947506610555e-07,2.631947506610555e-07,2.631947506610555e-07,2.631947506610555e-07,2.631947506610555e-07,2.631947506610555e-07,2.631947506610555e-07,2.631947506610555e-07,2.631947506610555e-07,2.631947506610555e-07,2.631947506610555e-07,2.631947506610555e-07,2.631947506610555e-07,2.631947506610555e-07,2.631947506610555e-07,2.631947506610555e-07,2.631947506610555e-07,2.631947506610555e-07,2.631947506610555e-07
aC1_Utopia,0.0,0.0,0.0,0.0,0.0,0.0,0.0,0.0,0.0,0.0,0.0,0.0,0.0,0.0,0.0,0.0,0.0,0.0,0.0,0.0,0.0,0.0,0.0,0.0,0.0,0.0,0.0,0.0,0.0,0.0,0.0,0.0,0.0,0.0,-0.0003369847189610308,0.0,0.0,0.0,0.0,0.0003367599652101953,2.2206271491354384e-07,2.2206271491354384e-07,2.2206271491354384e-07,2.2206271491354384e-07,2.2206271491354384e-07,2.2206271491354384e-07,2.2206271491354384e-07,2.2206271491354384e-07,2.2206271491354384e-07,2.2206271491354384e-07,2.2206271491354384e-07,2.2206271491354384e-07,2.2206271491354384e-07,2.2206271491354384e-07,2.2206271491354384e-07,2.2206271491354384e-07,2.2206271491354384e-07,2.2206271491354384e-07,2.2206271491354384e-07,2.2206271491354384e-07
eD1_Utopia,0.0,0.0,0.0,0.0,0.0,0.0,0.0,0.0,0.0,0.0,0.0,0.0,0.0,0.0,0.0,0.0,0.0,0.0,0.0,0.0,0.0,0.0,0.0,0.0,0.0,0.0,0.0,0.0,0.0,0.0,0.000556,0.0,0.0,0.0,0.0,-0.000556002290225368,0.0,0.0,0.0,0.0,0.0,0.0,0.0,0.0,0.0,0.0,0.0,0.0,0.0,0.0,0.0,0.0,0.0,0.0,0.0,0.0,0.0,0.0,0.0,0.0
dD1_Utopia,0.0,0.0,0.0,0.0,0.0,0.0,0.0,0.0,0.0,0.0,0.0,0.0,0.0,0.0,0.0,0.0,0.0,0.0,0.0,0.0,0.0,0.0,0.0,0.0,0.0,0.0,0.0,0.0,0.0,0.0,0.0,0.000556,0.0,0.0,0.0,0.0,-0.0005616393350622391,0.0,0.0,0.0,5.637044836871036e-06,5.637044836871036e-06,5.637044836871036e-06,5.637044836871036e-06,5.637044836871036e-06,5.637044836871036e-06,5.637044836871036e-06,5.637044836871036e-06,5.637044836871036e-06,5.637044836871036e-06,5.637044836871036e-06,5.637044836871036e-06,5.637044836871036e-06,5.637044836871036e-06,5.637044836871036e-06,5.637044836871036e-06,5.637044836871036e-06,5.637044836871036e-06,5.637044836871036e-06,5.637044836871036e-06
cD1_Utopia,0.0,0.0,0.0,0.0,0.0,0.0,0.0,0.0,0.0,0.0,0.0,0.0,0.0,0.0,0.0,0.0,0.0,0.0,0.0,0.0,0.0,0.0,0.0,0.0,0.0,0.0,0.0,0.0,0.0,0.0,0.0,0.0,0.0004046306882051936,0.0,0.0,0.0,0.0,-0.0004053898918691369,0.0,0.0,7.569134385752076e-07,7.569134385752076e-07,7.569134385752076e-07,7.569134385752076e-07,7.569134385752076e-07,7.569134385752076e-07,7.569134385752076e-07,7.569134385752076e-07,7.569134385752076e-07,7.569134385752076e-07,7.569134385752076e-07,7.569134385752076e-07,7.569134385752076e-07,7.569134385752076e-07,7.569134385752076e-07,7.569134385752076e-07,7.569134385752076e-07,7.569134385752076e-07,7.569134385752076e-07,7.569134385752076e-07
bD1_Utopia,0.0,0.0,0.0,0.0,0.0,0.0,0.0,0.0,0.0,0.0,0.0,0.0,0.0,0.0,0.0,0.0,0.0,0.0,0.0,0.0,0.0,0.0,0.0,0.0,0.0,0.0,0.0,0.0,0.0,0.0,0.0,0.0,0.0,4.63939693136341e-05,0.0,0.0,0.0,0.0,-4.66595096045288e-05,0.0,2.6325006552658366e-07,2.6325006552658366e-07,2.6325006552658366e-07,2.6325006552658366e-07,2.6325006552658366e-07,2.6325006552658366e-07,2.6325006552658366e-07,2.6325006552658366e-07,2.6325006552658366e-07,2.6325006552658366e-07,2.6325006552658366e-07,2.6325006552658366e-07,2.6325006552658366e-07,2.6325006552658366e-07,2.6325006552658366e-07,2.6325006552658366e-07,2.6325006552658366e-07,2.6325006552658366e-07,2.6325006552658366e-07,2.6325006552658366e-07
aD1_Utopia,0.0,0.0,0.0,0.0,0.0,0.0,0.0,0.0,0.0,0.0,0.0,0.0,0.0,0.0,0.0,0.0,0.0,0.0,0.0,0.0,0.0,0.0,0.0,0.0,0.0,0.0,0.0,0.0,0.0,0.0,0.0,0.0,0.0,0.0,3.368679506531076e-05,0.0,0.0,0.0,0.0,-3.391120824198808e-05,2.221229513092071e-07,2.221229513092071e-07,2.221229513092071e-07,2.221229513092071e-07,2.221229513092071e-07,2.221229513092071e-07,2.221229513092071e-07,2.221229513092071e-07,2.221229513092071e-07,2.221229513092071e-07,2.221229513092071e-07,2.221229513092071e-07,2.221229513092071e-07,2.221229513092071e-07,2.221229513092071e-07,2.221229513092071e-07,2.221229513092071e-07,2.221229513092071e-07,2.221229513092071e-07,2.221229513092071e-07
eA2_Utopia,0.0,0.0,0.0,0.0,0.0,0.0,0.0,0.0,0.0,0.0,0.0,0.0,0.0,0.0,0.0,0.0,0.0,0.0,0.0,0.0,0.0,0.0,0.0,0.0,0.0,0.0,0.0,0.0,0.0,0.0,0.0,0.0,0.0,0.0,0.0,0.0,0.0,0.0,0.0,0.0,-0.0005560719166462598,3.1709791983764586e-08,0.0,0.0,0.0,0.000556,0.0,0.0,0.0,0.0,3.858024691358025e-08,0.0,0.0,0.0,0.0,0.0,0.0,0.0,0.0,0.0
dA2_Utopia,0.0,0.0,0.0,0.0,0.0,0.0,0.0,0.0,0.0,0.0,0.0,0.0,0.0,0.0,0.0,0.0,0.0,0.0,0.0,0.0,0.0,0.0,0.0,0.0,0.0,0.0,0.0,0.0,0.0,0.0,0.0,0.0,0.0,0.0,0.0,0.0,0.0,0.0,0.0,0.0,0.0,-0.0005560433778334743,3.1709791983764586e-09,0.0,0.0,0.0,0.000556,0.0,0.0,0.0,0.0,3.858024691358025e-08,0.0,0.0,0.0,0.0,0.0,0.0,0.0,0.0
cA2_Utopia,0.0,0.0,0.0,0.0,0.0,0.0,0.0,0.0,0.0,0.0,0.0,0.0,0.0,0.0,0.0,0.0,0.0,0.0,0.0,0.0,0.0,0.0,0.0,0.0,0.0,0.0,0.0,0.0,0.0,0.0,0.0,0.0,0.0,0.0,0.0,0.0,0.0,0.0,0.0,0.0,0.0,0.0,-2.6763351655297774e-05,3.170979198376459e-10,0.0,0.0,0.0,2.6722827703101953e-05,0.0,0.0,0.0,0.0,3.858024691358025e-08,0.0,0.0,0.0,0.0,0.0,0.0,0.0
bA2_Utopia,0.0,0.0,0.0,0.0,0.0,0.0,0.0,0.0,0.0,0.0,0.0,0.0,0.0,0.0,0.0,0.0,0.0,0.0,0.0,0.0,0.0,0.0,0.0,0.0,0.0,0.0,0.0,0.0,0.0,0.0,0.0,0.0,0.0,0.0,0.0,0.0,0.0,0.0,0.0,0.0,0.0,0.0,0.0,-1.0039324404847944e-06,3.1709791983764586e-11,0.0,0.0,0.0,9.636938764168232e-07,0.0,0.0,0.0,0.0,3.858024691358025e-08,0.0,0.0,0.0,0.0,0.0,0.0
aA2_Utopia,0.0,0.0,0.0,0.0,0.0,0.0,0.0,0.0,0.0,0.0,0.0,0.0,0.0,0.0,0.0,0.0,0.0,0.0,0.0,0.0,0.0,0.0,0.0,0.0,0.0,0.0,0.0,0.0,0.0,0.0,0.0,0.0,0.0,0.0,0.0,0.0,0.0,0.0,0.0,0.0,0.0,0.0,0.0,0.0,-1.486766027171536e-06,0.0,0.0,0.0,0.0,1.4465560019163503e-06,0.0,0.0,0.0,0.0,3.858024691358025e-08,0.0,0.0,0.0,0.0,0.0
eB2_Utopia,0.0,0.0,0.0,0.0,0.0,0.0,0.0,0.0,0.0,0.0,0.0,0.0,0.0,0.0,0.0,0.0,0.0,0.0,0.0,0.0,0.0,0.0,0.0,0.0,0.0,0.0,0.0,0.0,0.0,0.0,0.0,0.0,0.0,0.0,0.0,0.0,0.0,0.0,0.0,0.0,0.000556,0.0,0.0,0.0,0.0,-0.0005560387627976498,0.0,0.0,0.0,0.0,0.0,0.0,0.0,0.0,0.0,3.858024691358025e-08,0.0,0.0,0.0,0.0
dB2_Utopia,0.0,0.0,0.0,0.0,0.0,0.0,0.0,0.0,0.0,0.0,0.0,0.0,0.0,0.0,0.0,0.0,0.0,0.0,0.0,0.0,0.0,0.0,0.0,0.0,0.0,0.0,0.0,0.0,0.0,0.0,0.0,0.0,0.0,0.0,0.0,0.0,0.0,0.0,0.0,0.0,0.0,0.000556,0.0,0.0,0.0,0.0,-0.0005560387627976498,0.0,0.0,0.0,0.0,0.0,0.0,0.0,0.0,0.0,3.858024691358025e-08,0.0,0.0,0.0
cB2_Utopia,0.0,0.0,0.0,0.0,0.0,0.0,0.0,0.0,0.0,0.0,0.0,0.0,0.0,0.0,0.0,0.0,0.0,0.0,0.0,0.0,0.0,0.0,0.0,0.0,0.0,0.0,0.0,0.0,0.0,0.0,0.0,0.0,0.0,0.0,0.0,0.0,0.0,0.0,0.0,0.0,0.0,0.0,2.667882468976667e-06,0.0,0.0,0.0,0.0,-2.7066452666264877e-06,0.0,0.0,0.0,0.0,0.0,0.0,0.0,0.0,0.0,3.858024691358025e-08,0.0,0.0
bB2_Utopia,0.0,0.0,0.0,0.0,0.0,0.0,0.0,0.0,0.0,0.0,0.0,0.0,0.0,0.0,0.0,0.0,0.0,0.0,0.0,0.0,0.0,0.0,0.0,0.0,0.0,0.0,0.0,0.0,0.0,0.0,0.0,0.0,0.0,0.0,0.0,0.0,0.0,0.0,0.0,0.0,0.0,0.0,0.0,9.708752320699167e-08,0.0,0.0,0.0,0.0,-1.3590788011544738e-07,0.0,0.0,0.0,0.0,0.0,0.0,0.0,0.0,0.0,3.858024691358025e-08,0.0
aB2_Utopia,0.0,0.0,0.0,0.0,0.0,0.0,0.0,0.0,0.0,0.0,0.0,0.0,0.0,0.0,0.0,0.0,0.0,0.0,0.0,0.0,0.0,0.0,0.0,0.0,0.0,0.0,0.0,0.0,0.0,0.0,0.0,0.0,0.0,0.0,0.0,0.0,0.0,0.0,0.0,0.0,0.0,0.0,0.0,0.0,8.13243449461785e-08,0.0,0.0,0.0,0.0,-1.2022657397831678e-07,0.0,0.0,0.0,0.0,0.0,0.0,0.0,0.0,0.0,3.858024691358025e-08
eC2_Utopia,0.0,0.0,0.0,0.0,0.0,0.0,0.0,0.0,0.0,0.0,0.0,0.0,0.0,0.0,0.0,0.0,0.0,0.0,0.0,0.0,0.0,0.0,0.0,0.0,0.0,0.0,0.0,0.0,0.0,0.0,0.0,0.0,0.0,0.0,0.0,0.0,0.0,0.0,0.0,0.0,0.0,0.0,0.0,0.0,0.0,0.0,0.0,0.0,0.0,0.0,-0.0005560163564464242,1.6013444951801118e-08,0.0,0.0,0.0,0.000556,0.0,0.0,0.0,0.0
dC2_Utopia,0.0,0.0,0.0,0.0,0.0,0.0,0.0,0.0,0.0,0.0,0.0,0.0,0.0,0.0,0.0,0.0,0.0,0.0,0.0,0.0,0.0,0.0,0.0,0.0,0.0,0.0,0.0,0.0,0.0,0.0,0.0,0.0,0.0,0.0,0.0,0.0,0.0,0.0,0.0,0.0,0.0,0.0,0.0,0.0,0.0,0.0,0.0,0.0,0.0,0.0,0.0,-0.0005565657909058093,1.7440385591070522e-09,0.0,0.0,0.0,0.000556,0.0,0.0,0.0
cC2_Utopia,0.0,0.0,0.0,0.0,0.0,0.0,0.0,0.0,0.0,0.0,0.0,0.0,0.0,0.0,0.0,0.0,0.0,0.0,0.0,0.0,0.0,0.0,0.0,0.0,0.0,0.0,0.0,0.0,0.0,0.0,0.0,0.0,0.0,0.0,0.0,0.0,0.0,0.0,0.0,0.0,0.0,0.0,0.0,0.0,0.0,0.0,0.0,0.0,0.0,0.0,0.0,0.0,-0.0005560763483419158,3.170979198376459e-10,0.0,0.0,0.0,0.000556,0.0,0.0
bC2_Utopia,0.0,0.0,0.0,0.0,0.0,0.0,0.0,0.0,0.0,0.0,0.0,0.0,0.0,0.0,0.0,0.0,0.0,0.0,0.0,0.0,0.0,0.0,0.0,0.0,0.0,0.0,0.0,0.0,0.0,0.0,0.0,0.0,0.0,0.0,0.0,0.0,0.0,0.0,0.0,0.0,0.0,0.0,0.0,0.0,0.0,0.0,0.0,0.0,0.0,0.0,0.0,0.0,0.0,-0.0004638501048889414,1.7440385591070525e-10,0.0,0.0,0.0,0.0004638232680085469,0.0
aC2_Utopia,0.0,0.0,0.0,0.0,0.0,0.0,0.0,0.0,0.0,0.0,0.0,0.0,0.0,0.0,0.0,0.0,0.0,0.0,0.0,0.0,0.0,0.0,0.0,0.0,0.0,0.0,0.0,0.0,0.0,0.0,0.0,0.0,0.0,0.0,0.0,0.0,0.0,0.0,0.0,0.0,0.0,0.0,0.0,0.0,0.0,0.0,0.0,0.0,0.0,0.0,0.0,0.0,0.0,0.0,-0.0003367826746176086,0.0,0.0,0.0,0.0,0.0003367599652101953
eD2_Utopia,0.0,0.0,0.0,0.0,0.0,0.0,0.0,0.0,0.0,0.0,0.0,0.0,0.0,0.0,0.0,0.0,0.0,0.0,0.0,0.0,0.0,0.0,0.0,0.0,0.0,0.0,0.0,0.0,0.0,0.0,0.0,0.0,0.0,0.0,0.0,0.0,0.0,0.0,0.0,0.0,0.0,0.0,0.0,0.0,0.0,0.0,0.0,0.0,0.0,0.0,0.000556,0.0,0.0,0.0,0.0,-0.0005560001023253681,0.0,0.0,0.0,0.0
dD2_Utopia,0.0,0.0,0.0,0.0,0.0,0.0,0.0,0.0,0.0,0.0,0.0,0.0,0.0,0.0,0.0,0.0,0.0,0.0,0.0,0.0,0.0,0.0,0.0,0.0,0.0,0.0,0.0,0.0,0.0,0.0,0.0,0.0,0.0,0.0,0.0,0.0,0.0,0.0,0.0,0.0,0.0,0.0,0.0,0.0,0.0,0.0,0.0,0.0,0.0,0.0,0.0,0.000556,0.0,0.0,0.0,0.0,-0.0005565638068090552,0.0,0.0,0.0
cD2_Utopia,0.0,0.0,0.0,0.0,0.0,0.0,0.0,0.0,0.0,0.0,0.0,0.0,0.0,0.0,0.0,0.0,0.0,0.0,0.0,0.0,0.0,0.0,0.0,0.0,0.0,0.0,0.0,0.0,0.0,0.0,0.0,0.0,0.0,0.0,0.0,0.0,0.0,0.0,0.0,0.0,0.0,0.0,0.0,0.0,0.0,0.0,0.0,0.0,0.0,0.0,0.0,0.0,0.0004046306882051936,0.0,0.0,0.0,0.0,-0.00040470648187441923,0.0,0.0
bD2_Utopia,0.0,0.0,0.0,0.0,0.0,0.0,0.0,0.0,0.0,0.0,0.0,0.0,0.0,0.0,0.0,0.0,0.0,0.0,0.0,0.0,0.0,0.0,0.0,0.0,0.0,0.0,0.0,0.0,0.0,0.0,0.0,0.0,0.0,0.0,0.0,0.0,0.0,0.0,0.0,0.0,0.0,0.0,0.0,0.0,0.0,0.0,0.0,0.0,0.0,0.0,0.0,0.0,0.0,4.63939693136341e-05,0.0,0.0,0.0,0.0,-4.6420396645554874e-05,0.0
aD2_Utopia,0.0,0.0,0.0,0.0,0.0,0.0,0.0,0.0,0.0,0.0,0.0,0.0,0.0,0.0,0.0,0.0,0.0,0.0,0.0,0.0,0.0,0.0,0.0,0.0,0.0,0.0,0.0,0.0,0.0,0.0,0.0,0.0,0.0,0.0,0.0,0.0,0.0,0.0,0.0,0.0,0.0,0.0,0.0,0.0,0.0,0.0,0.0,0.0,0.0,0.0,0.0,0.0,0.0,0.0,3.368679506531076e-05,0.0,0.0,0.0,0.0,-3.370910968580979e-05
