River Section,Compartment,MP form,Size Bin,k_discorporation,k_fragmentation,k_heteroaggregation,k_heteroaggregate_breackup,k_biofouling,k_defouling,k_advective_transport,k_settling,k_rising,k_mixing,k_sea_spray_aerosol,k_sediment_resuspension,k_burial,k_runoff_transport,k_tillage,k_percolation,k_soil_air_resuspension,k_sequestration_deep_soils,k_wind_trasport,k_dry_depossition,k_wet_deposition
Utopia,Ocean Surface Water,freeMP,mp1,1.6045073624072808e-09,"(1.5854895991882294e-07, 1000.0)",616.1899897208282,0.0,1.1574074074074074e-06,0.0,221000.0,0.0,0.0,0.0,0.0,0.0,0.0,0.0,0.0,0.0,0.0,0.0,0.0,0.0,0.0
Utopia,Ocean Surface Water,freeMP,mp2,1.6045073624072808e-09,"(1.5854895991882296e-08, 999.9999999999999)",0.07393650011020358,0.0,1.1574074074074074e-06,0.0,221000.0,0.0,0.0,0.0,0.0,0.0,0.0,0.0,0.0,0.0,0.0,0.0,0.0,0.0,0.0
Utopia,Ocean Surface Water,freeMP,mp3,1.6045073624072808e-09,"(1.5854895991882293e-09, 999.9999999999997)",2.6722827703101953e-05,0.0,1.1574074074074074e-06,0.0,221000.0,0.0,0.0,0.0,0.0,0.0,0.0,0.0,0.0,0.0,0.0,0.0,0.0,0.0,0.0
Utopia,Ocean Surface Water,freeMP,mp4,1.6045073624072808e-09,"(1.5854895991882296e-10, 1000.0)",9.636938764168232e-07,0.0,1.1574074074074074e-06,0.0,221000.0,0.0,0.0,0.0,0.0,0.0,0.0,0.0,0.0,0.0,0.0,0.0,0.0,0.0,0.0
Utopia,Ocean Surface Water,freeMP,mp5,1.6045073624072808e-09,"(1.5854895991882296e-11, 1000.0000000000001)",1.4465560019163503e-06,0.0,1.1574074074074074e-06,0.0,221000.0,0.0,0.0,0.0,0.0,0.0,0.0,0.0,0.0,0.0,0.0,0.0,0.0,0.0,0.0
Utopia,Ocean Surface Water,heterMP,mp1,1.6045073624072808e-10,"(1.5854895992542924e-07, 999.9999999999987)",0.0,61.61899855486759,1.1574074074074074e-06,0.0,221000.0,0.0,0.0,0.0,0.0,0.0,0.0,0.0,0.0,0.0,0.0,0.0,0.0,0.0,0.0
Utopia,Ocean Surface Water,heterMP,mp2,1.6045073624072808e-10,"(1.5854896652502942e-08, 999.9999999999981)",0.0,0.007393608056602417,1.1574074074074074e-06,0.0,221000.0,0.0,0.0,0.0,0.0,0.0,0.0,0.0,0.0,0.0,0.0,0.0,0.0,0.0,0.0
Utopia,Ocean Surface Water,heterMP,mp3,1.6045073624072808e-10,"(1.5855556585024687e-09, 999.9999999999978)",0.0,2.667882468976667e-06,1.1574074074074074e-06,0.0,221000.0,0.0,0.0,0.0,0.0,0.0,0.0,0.0,0.0,0.0,0.0,0.0,0.0,0.0,0.0
Utopia,Ocean Surface Water,heterMP,mp4,1.6045073624072808e-10,"(1.648975633444243e-10, 999.9999999999975)",0.0,9.708752320699167e-08,1.1574074074074074e-06,0.0,221000.0,5.755925863473383e-09,0.0,0.0,0.0,0.0,0.0,0.0,0.0,0.0,0.0,0.0,0.0,0.0,0.0
Utopia,Ocean Surface Water,heterMP,mp5,1.6045073624072808e-10,"(7.948531733518184e-11, 999.9999999999973)",0.0,8.13243449461785e-08,1.1574074074074074e-06,0.0,221000.0,1.3943138231729608e-08,0.0,0.0,0.0,0.0,0.0,0.0,0.0,0.0,0.0,0.0,0.0,0.0,0.0
Utopia,Ocean Surface Water,biofMP,mp1,3.2090147248145615e-10,"(1.6013444951801116e-07, 1000.0)",444.96453002167254,0.0,0.0,0.0,221000.0,0.0,0.0,0.0,0.0,0.0,0.0,0.0,0.0,0.0,0.0,0.0,0.0,0.0,0.0
Utopia,Ocean Surface Water,biofMP,mp2,3.2090147248145615e-10,"(1.7440385591070522e-08, 1000.0000000000001)",0.8601977202128143,0.0,0.0,0.0,221000.0,5.637038657778109e-05,0.0,0.0,0.0,0.0,0.0,0.0,0.0,0.0,0.0,0.0,0.0,0.0,0.0
Utopia,Ocean Surface Water,biofMP,mp3,3.2090147248145615e-10,"(3.1709791983764586e-09, 999.9999999999997)",0.004046108334159636,0.0,0.0,0.0,221000.0,7.568824252355593e-06,0.0,0.0,0.0,0.0,0.0,0.0,0.0,0.0,0.0,0.0,0.0,0.0,0.0
Utopia,Ocean Surface Water,biofMP,mp4,3.2090147248145615e-10,"(1.7440385591070526e-09, 1000.0000000000002)",0.0004638232680085469,0.0,0.0,0.0,221000.0,2.6319475066105552e-06,0.0,0.0,0.0,0.0,0.0,0.0,0.0,0.0,0.0,0.0,0.0,0.0,0.0
Utopia,Ocean Surface Water,biofMP,mp5,3.2090147248145615e-10,"(1.601344495180112e-09, 1000.0000000000002)",0.0003367599652101953,0.0,0.0,0.0,221000.0,2.2206271491354385e-06,0.0,0.0,0.0,0.0,0.0,0.0,0.0,0.0,0.0,0.0,0.0,0.0,0.0
Utopia,Ocean Surface Water,heterBiofMP,mp1,8.022536812036404e-11,"(1.6013444952448728e-07, 999.9999999999987)",0.0,44.496452156015565,0.0,0.0,221000.0,0.0,0.0,0.0,0.0,0.0,0.0,0.0,0.0,0.0,0.0,0.0,0.0,0.0,0.0
Utopia,Ocean Surface Water,heterBiofMP,mp2,8.022536812036404e-11,"(1.744038613703801e-08, 999.9999999999987)",0.0,0.08601986802729344,0.0,0.0,221000.0,5.637044836871037e-05,0.0,0.0,0.0,0.0,0.0,0.0,0.0,0.0,0.0,0.0,0.0,0.0,0.0
Utopia,Ocean Surface Water,heterBiofMP,mp3,8.022536812036404e-11,"(3.1709957138071017e-09, 999.9999999999982)",0.0,0.0004046306882051936,0.0,0.0,221000.0,7.569134385752076e-06,0.0,0.0,0.0,0.0,0.0,0.0,0.0,0.0,0.0,0.0,0.0,0.0,0.0
Utopia,Ocean Surface Water,heterBiofMP,mp4,8.022536812036404e-11,"(1.7440931541472868e-09, 999.9999999999978)",0.0,4.63939693136341e-05,0.0,0.0,221000.0,2.6325006552658364e-06,0.0,0.0,0.0,0.0,0.0,0.0,0.0,0.0,0.0,0.0,0.0,0.0,0.0
Utopia,Ocean Surface Water,heterBiofMP,mp5,8.022536812036404e-11,"(1.601409252944234e-09, 999.9999999999981)",0.0,3.368679506531076e-05,0.0,0.0,221000.0,2.221229513092071e-06,0.0,0.0,0.0,0.0,0.0,0.0,0.0,0.0,0.0,0.0,0.0,0.0,0.0
Utopia,Ocean Mixed Water,freeMP,mp1,1.6045073624072808e-09,"(3.1709791983764586e-08, 1000.0)",616.1899897208282,0.0,3.858024691358025e-07,0.0,221000.0,0.0,0.0010047111839410075,0.0,0.0,0.0,0.0,0.0,0.0,0.0,0.0,0.0,0.0,0.0,0.0
Utopia,Ocean Mixed Water,freeMP,mp2,1.6045073624072808e-09,"(3.1709791983764586e-09, 999.9999999999999)",0.07393650011020358,0.0,3.858024691358025e-07,0.0,221000.0,0.0,1.0047111839410077e-05,0.0,0.0,0.0,0.0,0.0,0.0,0.0,0.0,0.0,0.0,0.0,0.0
Utopia,Ocean Mixed Water,freeMP,mp3,1.6045073624072808e-09,"(3.170979198376459e-10, 999.9999999999997)",2.6722827703101953e-05,0.0,3.858024691358025e-07,0.0,221000.0,0.0,1.0047111839410077e-07,0.0,0.0,0.0,0.0,0.0,0.0,0.0,0.0,0.0,0.0,0.0,0.0
Utopia,Ocean Mixed Water,freeMP,mp4,1.6045073624072808e-09,"(3.1709791983764586e-11, 1000.0)",9.636938764168232e-07,0.0,3.858024691358025e-07,0.0,221000.0,0.0,1.0047111839410075e-09,0.0,0.0,0.0,0.0,0.0,0.0,0.0,0.0,0.0,0.0,0.0,0.0
Utopia,Ocean Mixed Water,freeMP,mp5,1.6045073624072808e-09,"(3.1709791983764588e-12, 1000.0000000000001)",1.4465560019163503e-06,0.0,3.858024691358025e-07,0.0,221000.0,0.0,1.0047111839410077e-11,0.0,0.0,0.0,0.0,0.0,0.0,0.0,0.0,0.0,0.0,0.0,0.0
Utopia,Ocean Mixed Water,heterMP,mp1,1.6045073624072808e-10,"(0, 0)",0.0,61.61899855486759,3.858024691358025e-07,0.0,221000.0,0.0,0.0010047111769080296,0.0,0.0,0.0,0.0,0.0,0.0,0.0,0.0,0.0,0.0,0.0,0.0
Utopia,Ocean Mixed Water,heterMP,mp2,1.6045073624072808e-10,"(0, 0)",0.0,0.007393608056602417,3.858024691358025e-07,0.0,221000.0,0.0,1.0047041509630105e-05,0.0,0.0,0.0,0.0,0.0,0.0,0.0,0.0,0.0,0.0,0.0,0.0
Utopia,Ocean Mixed Water,heterMP,mp3,1.6045073624072808e-10,"(0, 0)",0.0,2.667882468976667e-06,3.858024691358025e-07,0.0,221000.0,0.0,9.976785004138646e-08,0.0,0.0,0.0,0.0,0.0,0.0,0.0,0.0,0.0,0.0,0.0,0.0
Utopia,Ocean Mixed Water,heterMP,mp4,1.6045073624072808e-10,"(0, 0)",0.0,9.708752320699167e-08,3.858024691358025e-07,0.0,221000.0,5.755925863473383e-09,0.0,0.0,0.0,0.0,0.0,0.0,0.0,0.0,0.0,0.0,0.0,0.0,0.0
Utopia,Ocean Mixed Water,heterMP,mp5,1.6045073624072808e-10,"(0, 0)",0.0,8.13243449461785e-08,3.858024691358025e-07,0.0,221000.0,1.3943138231729608e-08,0.0,0.0,0.0,0.0,0.0,0.0,0.0,0.0,0.0,0.0,0.0,0.0,0.0
Utopia,Ocean Mixed Water,biofMP,mp1,3.2090147248145615e-10,"(1.6013444951801118e-08, 1000.0)",444.96453002167254,0.0,0.0,0.0,221000.0,0.0,0.0003416797256845653,0.0,0.0,0.0,0.0,0.0,0.0,0.0,0.0,0.0,0.0,0.0,0.0
Utopia,Ocean Mixed Water,biofMP,mp2,3.2090147248145615e-10,"(1.7440385591070522e-09, 1000.0000000000001)",0.8601977202128143,0.0,0.0,0.0,221000.0,5.637038657778109e-05,0.0,0.0,0.0,0.0,0.0,0.0,0.0,0.0,0.0,0.0,0.0,0.0,0.0
Utopia,Ocean Mixed Water,biofMP,mp3,3.2090147248145615e-10,"(3.170979198376459e-10, 999.9999999999997)",0.004046108334159636,0.0,0.0,0.0,221000.0,7.568824252355593e-06,0.0,0.0,0.0,0.0,0.0,0.0,0.0,0.0,0.0,0.0,0.0,0.0,0.0
Utopia,Ocean Mixed Water,biofMP,mp4,3.2090147248145615e-10,"(1.7440385591070525e-10, 1000.0000000000002)",0.0004638232680085469,0.0,0.0,0.0,221000.0,2.6319475066105552e-06,0.0,0.0,0.0,0.0,0.0,0.0,0.0,0.0,0.0,0.0,0.0,0.0,0.0
Utopia,Ocean Mixed Water,biofMP,mp5,3.2090147248145615e-10,"(1.6013444951801118e-10, 1000.0000000000002)",0.0003367599652101953,0.0,0.0,0.0,221000.0,2.2206271491354385e-06,0.0,0.0,0.0,0.0,0.0,0.0,0.0,0.0,0.0,0.0,0.0,0.0,0.0
Utopia,Ocean Mixed Water,heterBiofMP,mp1,8.022536812036404e-11,"(0, 0)",0.0,44.496452156015565,0.0,0.0,221000.0,0.0,0.0003416797187488537,0.0,0.0,0.0,0.0,0.0,0.0,0.0,0.0,0.0,0.0,0.0,0.0
Utopia,Ocean Mixed Water,heterBiofMP,mp2,8.022536812036404e-11,"(0, 0)",0.0,0.08601986802729344,0.0,0.0,221000.0,5.637044836871037e-05,0.0,0.0,0.0,0.0,0.0,0.0,0.0,0.0,0.0,0.0,0.0,0.0,0.0
Utopia,Ocean Mixed Water,heterBiofMP,mp3,8.022536812036404e-11,"(0, 0)",0.0,0.0004046306882051936,0.0,0.0,221000.0,7.569134385752076e-06,0.0,0.0,0.0,0.0,0.0,0.0,0.0,0.0,0.0,0.0,0.0,0.0,0.0
Utopia,Ocean Mixed Water,heterBiofMP,mp4,8.022536812036404e-11,"(0, 0)",0.0,4.63939693136341e-05,0.0,0.0,221000.0,2.6325006552658364e-06,0.0,0.0,0.0,0.0,0.0,0.0,0.0,0.0,0.0,0.0,0.0,0.0,0.0
Utopia,Ocean Mixed Water,heterBiofMP,mp5,8.022536812036404e-11,"(0, 0)",0.0,3.368679506531076e-05,0.0,0.0,221000.0,2.221229513092071e-06,0.0,0.0,0.0,0.0,0.0,0.0,0.0,0.0,0.0,0.0,0.0,0.0,0.0
Utopia,Ocean Column Water,freeMP,mp1,1.6045073624072808e-09,"(3.1709791983764586e-08, 1000.0)",616.1899897208282,0.0,3.858024691358025e-08,0.0,221000.0,0.0,0.0010047111839410075,0.0,0.0,0.0,0.0,0.0,0.0,0.0,0.0,0.0,0.0,0.0,0.0
Utopia,Ocean Column Water,freeMP,mp2,1.6045073624072808e-09,"(3.1709791983764586e-09, 999.9999999999999)",0.07393650011020358,0.0,3.858024691358025e-08,0.0,221000.0,0.0,1.0047111839410077e-05,0.0,0.0,0.0,0.0,0.0,0.0,0.0,0.0,0.0,0.0,0.0,0.0
Utopia,Ocean Column Water,freeMP,mp3,1.6045073624072808e-09,"(3.170979198376459e-10, 999.9999999999997)",2.6722827703101953e-05,0.0,3.858024691358025e-08,0.0,221000.0,0.0,1.0047111839410077e-07,0.0,0.0,0.0,0.0,0.0,0.0,0.0,0.0,0.0,0.0,0.0,0.0
Utopia,Ocean Column Water,freeMP,mp4,1.6045073624072808e-09,"(3.1709791983764586e-11, 1000.0)",9.636938764168232e-07,0.0,3.858024691358025e-08,0.0,221000.0,0.0,1.0047111839410075e-09,0.0,0.0,0.0,0.0,0.0,0.0,0.0,0.0,0.0,0.0,0.0,0.0
Utopia,Ocean Column Water,freeMP,mp5,1.6045073624072808e-09,"(3.1709791983764588e-12, 1000.0000000000001)",1.4465560019163503e-06,0.0,3.858024691358025e-08,0.0,221000.0,0.0,1.0047111839410077e-11,0.0,0.0,0.0,0.0,0.0,0.0,0.0,0.0,0.0,0.0,0.0,0.0
Utopia,Ocean Column Water,heterMP,mp1,1.6045073624072808e-10,"(0, 0)",0.0,61.61899855486759,3.858024691358025e-08,0.0,221000.0,0.0,0.0010047111769080296,0.0,0.0,0.0,0.0,0.0,0.0,0.0,0.0,0.0,0.0,0.0,0.0
Utopia,Ocean Column Water,heterMP,mp2,1.6045073624072808e-10,"(0, 0)",0.0,0.007393608056602417,3.858024691358025e-08,0.0,221000.0,0.0,1.0047041509630105e-05,0.0,0.0,0.0,0.0,0.0,0.0,0.0,0.0,0.0,0.0,0.0,0.0
Utopia,Ocean Column Water,heterMP,mp3,1.6045073624072808e-10,"(0, 0)",0.0,2.667882468976667e-06,3.858024691358025e-08,0.0,221000.0,0.0,9.976785004138646e-08,0.0,0.0,0.0,0.0,0.0,0.0,0.0,0.0,0.0,0.0,0.0,0.0
Utopia,Ocean Column Water,heterMP,mp4,1.6045073624072808e-10,"(0, 0)",0.0,9.708752320699167e-08,3.858024691358025e-08,0.0,221000.0,5.755925863473383e-09,0.0,0.0,0.0,0.0,0.0,0.0,0.0,0.0,0.0,0.0,0.0,0.0,0.0
Utopia,Ocean Column Water,heterMP,mp5,1.6045073624072808e-10,"(0, 0)",0.0,8.13243449461785e-08,3.858024691358025e-08,0.0,221000.0,1.3943138231729608e-08,0.0,0.0,0.0,0.0,0.0,0.0,0.0,0.0,0.0,0.0,0.0,0.0,0.0
Utopia,Ocean Column Water,biofMP,mp1,3.2090147248145615e-10,"(1.6013444951801118e-08, 1000.0)",444.96453002167254,0.0,0.0,0.0,221000.0,0.0,0.0003416797256845653,0.0,0.0,0.0,0.0,0.0,0.0,0.0,0.0,0.0,0.0,0.0,0.0
Utopia,Ocean Column Water,biofMP,mp2,3.2090147248145615e-10,"(1.7440385591070522e-09, 1000.0000000000001)",0.8601977202128143,0.0,0.0,0.0,221000.0,5.637038657778109e-05,0.0,0.0,0.0,0.0,0.0,0.0,0.0,0.0,0.0,0.0,0.0,0.0,0.0
Utopia,Ocean Column Water,biofMP,mp3,3.2090147248145615e-10,"(3.170979198376459e-10, 999.9999999999997)",0.004046108334159636,0.0,0.0,0.0,221000.0,7.568824252355593e-06,0.0,0.0,0.0,0.0,0.0,0.0,0.0,0.0,0.0,0.0,0.0,0.0,0.0
Utopia,Ocean Column Water,biofMP,mp4,3.2090147248145615e-10,"(1.7440385591070525e-10, 1000.0000000000002)",0.0004638232680085469,0.0,0.0,0.0,221000.0,2.6319475066105552e-06,0.0,0.0,0.0,0.0,0.0,0.0,0.0,0.0,0.0,0.0,0.0,0.0,0.0
Utopia,Ocean Column Water,biofMP,mp5,3.2090147248145615e-10,"(1.6013444951801118e-10, 1000.0000000000002)",0.0003367599652101953,0.0,0.0,0.0,221000.0,2.2206271491354385e-06,0.0,0.0,0.0,0.0,0.0,0.0,0.0,0.0,0.0,0.0,0.0,0.0,0.0
Utopia,Ocean Column Water,heterBiofMP,mp1,8.022536812036404e-11,"(0, 0)",0.0,44.496452156015565,0.0,0.0,221000.0,0.0,0.0003416797187488537,0.0,0.0,0.0,0.0,0.0,0.0,0.0,0.0,0.0,0.0,0.0,0.0
Utopia,Ocean Column Water,heterBiofMP,mp2,8.022536812036404e-11,"(0, 0)",0.0,0.08601986802729344,0.0,0.0,221000.0,5.637044836871037e-05,0.0,0.0,0.0,0.0,0.0,0.0,0.0,0.0,0.0,0.0,0.0,0.0,0.0
Utopia,Ocean Column Water,heterBiofMP,mp3,8.022536812036404e-11,"(0, 0)",0.0,0.0004046306882051936,0.0,0.0,221000.0,7.569134385752076e-06,0.0,0.0,0.0,0.0,0.0,0.0,0.0,0.0,0.0,0.0,0.0,0.0,0.0
Utopia,Ocean Column Water,heterBiofMP,mp4,8.022536812036404e-11,"(0, 0)",0.0,4.63939693136341e-05,0.0,0.0,221000.0,2.6325006552658364e-06,0.0,0.0,0.0,0.0,0.0,0.0,0.0,0.0,0.0,0.0,0.0,0.0,0.0
Utopia,Ocean Column Water,heterBiofMP,mp5,8.022536812036404e-11,"(0, 0)",0.0,3.368679506531076e-05,0.0,0.0,221000.0,2.221229513092071e-06,0.0,0.0,0.0,0.0,0.0,0.0,0.0,0.0,0.0,0.0,0.0,0.0,0.0
Utopia,Coast Surface Water,freeMP,mp1,1.6045073624072808e-09,"(1.5854895991882294e-07, 1000.0)",5116.6746543046775,0.0,1.1574074074074074e-06,0.0,0.0,0.0,0.0,0.0,0.0,0.0,0.0,0.0,0.0,0.0,0.0,0.0,0.0,0.0,0.0
Utopia,Coast Surface Water,freeMP,mp2,1.6045073624072808e-09,"(1.5854895991882296e-08, 999.9999999999999)",1.3317887884884279,0.0,1.1574074074074074e-06,0.0,0.0,0.0,0.0,0.0,0.0,0.0,0.0,0.0,0.0,0.0,0.0,0.0,0.0,0.0,0.0
Utopia,Coast Surface Water,freeMP,mp3,1.6045073624072808e-09,"(1.5854895991882293e-09, 999.9999999999997)",0.001115638168545361,0.0,1.1574074074074074e-06,0.0,0.0,0.0,0.0,0.0,0.0,0.0,0.0,0.0,0.0,0.0,0.0,0.0,0.0,0.0,0.0
Utopia,Coast Surface Water,freeMP,mp4,1.6045073624072808e-09,"(1.5854895991882296e-10, 1000.0)",9.453082716910904e-06,0.0,1.1574074074074074e-06,0.0,0.0,0.0,0.0,0.0,0.0,0.0,0.0,0.0,0.0,0.0,0.0,0.0,0.0,0.0,0.0
Utopia,Coast Surface Water,freeMP,mp5,1.6045073624072808e-09,"(1.5854895991882296e-11, 1000.0000000000001)",1.0299154450662017e-05,0.0,1.1574074074074074e-06,0.0,0.0,0.0,0.0,0.0,0.0,0.0,0.0,0.0,0.0,0.0,0.0,0.0,0.0,0.0,0.0
Utopia,Coast Surface Water,heterMP,mp1,1.6045073624072808e-10,"(1.5854895992542924e-07, 999.9999999999987)",0.0,511.667462519998,1.1574074074074074e-06,0.0,0.0,0.0,0.0,0.0,0.0,0.0,0.0,0.0,0.0,0.0,0.0,0.0,0.0,0.0,0.0
Utopia,Coast Surface Water,heterMP,mp2,1.6045073624072808e-10,"(1.5854896652502942e-08, 999.9999999999981)",0.0,0.13317859529519702,1.1574074074074074e-06,0.0,0.0,0.0,0.0,0.0,0.0,0.0,0.0,0.0,0.0,0.0,0.0,0.0,0.0,0.0,0.0
Utopia,Coast Surface Water,heterMP,mp3,1.6045073624072808e-10,"(1.5855556585024687e-09, 999.9999999999978)",0.0,0.00011154406922772907,1.1574074074074074e-06,0.0,0.0,0.0,0.0,0.0,0.0,0.0,0.0,0.0,0.0,0.0,0.0,0.0,0.0,0.0,0.0
Utopia,Coast Surface Water,heterMP,mp4,1.6045073624072808e-10,"(1.648975633444243e-10, 999.9999999999975)",0.0,9.725996203248442e-07,1.1574074074074074e-06,0.0,0.0,5.755925863473383e-09,0.0,0.0,0.0,0.0,0.0,0.0,0.0,0.0,0.0,0.0,0.0,0.0,0.0
Utopia,Coast Surface Water,heterMP,mp5,1.6045073624072808e-10,"(7.948531733518184e-11, 999.9999999999973)",0.0,6.498049362010139e-07,1.1574074074074074e-06,0.0,0.0,1.3943138231729608e-08,0.0,0.0,0.0,0.0,0.0,0.0,0.0,0.0,0.0,0.0,0.0,0.0,0.0
Utopia,Coast Surface Water,biofMP,mp1,3.2090147248145615e-10,"(1.6013444951801116e-07, 1000.0)",4770.100887419373,0.0,0.0,0.0,0.0,0.0,0.0,0.0,0.0,0.0,0.0,0.0,0.0,0.0,0.0,0.0,0.0,0.0,0.0
Utopia,Coast Surface Water,biofMP,mp2,3.2090147248145615e-10,"(1.7440385591070522e-08, 1000.0000000000001)",8.185933421317705,0.0,0.0,0.0,0.0,5.637038657778109e-05,0.0,0.0,0.0,0.0,0.0,0.0,0.0,0.0,0.0,0.0,0.0,0.0,0.0
Utopia,Coast Surface Water,biofMP,mp3,3.2090147248145615e-10,"(3.1709791983764586e-09, 999.9999999999997)",0.042143846808491474,0.0,0.0,0.0,0.0,7.568824252355593e-06,0.0,0.0,0.0,0.0,0.0,0.0,0.0,0.0,0.0,0.0,0.0,0.0,0.0
Utopia,Coast Surface Water,biofMP,mp4,3.2090147248145615e-10,"(1.7440385591070526e-09, 1000.0000000000002)",0.005686674998734684,0.0,0.0,0.0,0.0,2.6319475066105552e-06,0.0,0.0,0.0,0.0,0.0,0.0,0.0,0.0,0.0,0.0,0.0,0.0,0.0
Utopia,Coast Surface Water,biofMP,mp5,3.2090147248145615e-10,"(1.601344495180112e-09, 1000.0000000000002)",0.00426804508018286,0.0,0.0,0.0,0.0,2.2206271491354385e-06,0.0,0.0,0.0,0.0,0.0,0.0,0.0,0.0,0.0,0.0,0.0,0.0,0.0
Utopia,Coast Surface Water,heterBiofMP,mp1,8.022536812036404e-11,"(1.6013444952448728e-07, 999.9999999999987)",0.0,477.010082838949,0.0,0.0,0.0,0.0,0.0,0.0,0.0,0.0,0.0,0.0,0.0,0.0,0.0,0.0,0.0,0.0,0.0
Utopia,Coast Surface Water,heterBiofMP,mp2,8.022536812036404e-11,"(1.744038613703801e-08, 999.9999999999987)",0.0,0.8185940344100967,0.0,0.0,0.0,5.637044836871037e-05,0.0,0.0,0.0,0.0,0.0,0.0,0.0,0.0,0.0,0.0,0.0,0.0,0.0
Utopia,Coast Surface Water,heterBiofMP,mp3,8.022536812036404e-11,"(3.1709957138071017e-09, 999.9999999999982)",0.0,0.004214544733103506,0.0,0.0,0.0,7.569134385752076e-06,0.0,0.0,0.0,0.0,0.0,0.0,0.0,0.0,0.0,0.0,0.0,0.0,0.0
Utopia,Coast Surface Water,heterBiofMP,mp4,8.022536812036404e-11,"(1.7440931541472868e-09, 999.9999999999978)",0.0,0.0005687709154363518,0.0,0.0,0.0,2.6325006552658364e-06,0.0,0.0,0.0,0.0,0.0,0.0,0.0,0.0,0.0,0.0,0.0,0.0,0.0
Utopia,Coast Surface Water,heterBiofMP,mp5,8.022536812036404e-11,"(1.601409252944234e-09, 999.9999999999981)",0.0,0.0004269021859523041,0.0,0.0,0.0,2.221229513092071e-06,0.0,0.0,0.0,0.0,0.0,0.0,0.0,0.0,0.0,0.0,0.0,0.0,0.0
Utopia,Coast Column Water,freeMP,mp1,1.6045073624072808e-09,"(3.1709791983764586e-08, 1000.0)",4313.329928045798,0.0,3.858024691358025e-07,0.0,68400000.0,0.0,0.0010047111839410075,0.0,0.0,0.0,0.0,0.0,0.0,0.0,0.0,0.0,0.0,0.0,0.0
Utopia,Coast Column Water,freeMP,mp2,1.6045073624072808e-09,"(3.1709791983764586e-09, 999.9999999999999)",0.5175555007714252,0.0,3.858024691358025e-07,0.0,68400000.0,0.0,1.0047111839410077e-05,0.0,0.0,0.0,0.0,0.0,0.0,0.0,0.0,0.0,0.0,0.0,0.0
Utopia,Coast Column Water,freeMP,mp3,1.6045073624072808e-09,"(3.170979198376459e-10, 999.9999999999997)",0.0001870597939217137,0.0,3.858024691358025e-07,0.0,68400000.0,0.0,1.0047111839410077e-07,0.0,0.0,0.0,0.0,0.0,0.0,0.0,0.0,0.0,0.0,0.0,0.0
Utopia,Coast Column Water,freeMP,mp4,1.6045073624072808e-09,"(3.1709791983764586e-11, 1000.0)",6.745857134917763e-06,0.0,3.858024691358025e-07,0.0,68400000.0,0.0,1.0047111839410075e-09,0.0,0.0,0.0,0.0,0.0,0.0,0.0,0.0,0.0,0.0,0.0,0.0
Utopia,Coast Column Water,freeMP,mp5,1.6045073624072808e-09,"(3.1709791983764588e-12, 1000.0000000000001)",1.0125892013414455e-05,0.0,3.858024691358025e-07,0.0,68400000.0,0.0,1.0047111839410077e-11,0.0,0.0,0.0,0.0,0.0,0.0,0.0,0.0,0.0,0.0,0.0,0.0
Utopia,Coast Column Water,heterMP,mp1,1.6045073624072808e-10,"(0, 0)",0.0,431.3329898840732,3.858024691358025e-07,0.0,68400000.0,0.0,0.0010047111769080296,0.0,0.0,0.0,0.0,0.0,0.0,0.0,0.0,0.0,0.0,0.0,0.0
Utopia,Coast Column Water,heterMP,mp2,1.6045073624072808e-10,"(0, 0)",0.0,0.05175525639621692,3.858024691358025e-07,0.0,68400000.0,0.0,1.0047041509630105e-05,0.0,0.0,0.0,0.0,0.0,0.0,0.0,0.0,0.0,0.0,0.0,0.0
Utopia,Coast Column Water,heterMP,mp3,1.6045073624072808e-10,"(0, 0)",0.0,1.867517728283667e-05,3.858024691358025e-07,0.0,68400000.0,0.0,9.976785004138646e-08,0.0,0.0,0.0,0.0,0.0,0.0,0.0,0.0,0.0,0.0,0.0,0.0
Utopia,Coast Column Water,heterMP,mp4,1.6045073624072808e-10,"(0, 0)",0.0,6.796126624489418e-07,3.858024691358025e-07,0.0,68400000.0,5.755925863473383e-09,0.0,0.0,0.0,0.0,0.0,0.0,0.0,0.0,0.0,0.0,0.0,0.0,0.0
Utopia,Coast Column Water,heterMP,mp5,1.6045073624072808e-10,"(0, 0)",0.0,5.692704146232495e-07,3.858024691358025e-07,0.0,68400000.0,1.3943138231729608e-08,0.0,0.0,0.0,0.0,0.0,0.0,0.0,0.0,0.0,0.0,0.0,0.0,0.0
Utopia,Coast Column Water,biofMP,mp1,3.2090147248145615e-10,"(1.6013444951801118e-08, 1000.0)",3114.7517101517083,0.0,0.0,0.0,68400000.0,0.0,0.0003416797256845653,0.0,0.0,0.0,0.0,0.0,0.0,0.0,0.0,0.0,0.0,0.0,0.0
Utopia,Coast Column Water,biofMP,mp2,3.2090147248145615e-10,"(1.7440385591070522e-09, 1000.0000000000001)",6.021384041489701,0.0,0.0,0.0,68400000.0,5.637038657778109e-05,0.0,0.0,0.0,0.0,0.0,0.0,0.0,0.0,0.0,0.0,0.0,0.0,0.0
Utopia,Coast Column Water,biofMP,mp3,3.2090147248145615e-10,"(3.170979198376459e-10, 999.9999999999997)",0.028322758339117456,0.0,0.0,0.0,68400000.0,7.568824252355593e-06,0.0,0.0,0.0,0.0,0.0,0.0,0.0,0.0,0.0,0.0,0.0,0.0,0.0
Utopia,Coast Column Water,biofMP,mp4,3.2090147248145615e-10,"(1.7440385591070525e-10, 1000.0000000000002)",0.003246762876059829,0.0,0.0,0.0,68400000.0,2.6319475066105552e-06,0.0,0.0,0.0,0.0,0.0,0.0,0.0,0.0,0.0,0.0,0.0,0.0,0.0
Utopia,Coast Column Water,biofMP,mp5,3.2090147248145615e-10,"(1.6013444951801118e-10, 1000.0000000000002)",0.0023573197564713674,0.0,0.0,0.0,68400000.0,2.2206271491354385e-06,0.0,0.0,0.0,0.0,0.0,0.0,0.0,0.0,0.0,0.0,0.0,0.0,0.0
Utopia,Coast Column Water,heterBiofMP,mp1,8.022536812036404e-11,"(0, 0)",0.0,311.475165092109,0.0,0.0,68400000.0,0.0,0.0003416797187488537,0.0,0.0,0.0,0.0,0.0,0.0,0.0,0.0,0.0,0.0,0.0,0.0
Utopia,Coast Column Water,heterBiofMP,mp2,8.022536812036404e-11,"(0, 0)",0.0,0.6021390761910542,0.0,0.0,68400000.0,5.637044836871037e-05,0.0,0.0,0.0,0.0,0.0,0.0,0.0,0.0,0.0,0.0,0.0,0.0,0.0
Utopia,Coast Column Water,heterBiofMP,mp3,8.022536812036404e-11,"(0, 0)",0.0,0.0028324148174363553,0.0,0.0,68400000.0,7.569134385752076e-06,0.0,0.0,0.0,0.0,0.0,0.0,0.0,0.0,0.0,0.0,0.0,0.0,0.0
Utopia,Coast Column Water,heterBiofMP,mp4,8.022536812036404e-11,"(0, 0)",0.0,0.0003247577851954388,0.0,0.0,68400000.0,2.6325006552658364e-06,0.0,0.0,0.0,0.0,0.0,0.0,0.0,0.0,0.0,0.0,0.0,0.0,0.0
Utopia,Coast Column Water,heterBiofMP,mp5,8.022536812036404e-11,"(0, 0)",0.0,0.00023580756545717532,0.0,0.0,68400000.0,2.221229513092071e-06,0.0,0.0,0.0,0.0,0.0,0.0,0.0,0.0,0.0,0.0,0.0,0.0,0.0
Utopia,Surface Freshwater,freeMP,mp1,1.6045073624072808e-09,"(0, 0)",21928.60566130576,0.0,1.1574074074074074e-06,0.0,0.0,0.0,0.0,0.0,0.0,0.0,0.0,0.0,0.0,0.0,0.0,0.0,0.0,0.0,0.0
Utopia,Surface Freshwater,freeMP,mp2,1.6045073624072808e-09,"(0, 0)",5.7076662363789765,0.0,1.1574074074074074e-06,0.0,0.0,0.0,0.0,0.0,0.0,0.0,0.0,0.0,0.0,0.0,0.0,0.0,0.0,0.0,0.0
Utopia,Surface Freshwater,freeMP,mp3,1.6045073624072808e-09,"(0, 0)",0.0047813064366229755,0.0,1.1574074074074074e-06,0.0,0.0,0.0,0.0,0.0,0.0,0.0,0.0,0.0,0.0,0.0,0.0,0.0,0.0,0.0,0.0
Utopia,Surface Freshwater,freeMP,mp4,1.6045073624072808e-09,"(0, 0)",4.051321164390387e-05,0.0,1.1574074074074074e-06,0.0,0.0,0.0,0.0,0.0,0.0,0.0,0.0,0.0,0.0,0.0,0.0,0.0,0.0,0.0,0.0
Utopia,Surface Freshwater,freeMP,mp5,1.6045073624072808e-09,"(0, 0)",4.413923335998007e-05,0.0,1.1574074074074074e-06,0.0,0.0,0.0,0.0,0.0,0.0,0.0,0.0,0.0,0.0,0.0,0.0,0.0,0.0,0.0,0.0
Utopia,Surface Freshwater,heterMP,mp1,1.6045073624072808e-10,"(0, 0)",0.0,2192.860553657134,1.1574074074074074e-06,0.0,0.0,0.0,0.0,0.0,0.0,0.0,0.0,0.0,0.0,0.0,0.0,0.0,0.0,0.0,0.0
Utopia,Surface Freshwater,heterMP,mp2,1.6045073624072808e-10,"(0, 0)",0.0,0.5707654084079872,1.1574074074074074e-06,0.0,0.0,0.0,0.0,0.0,0.0,0.0,0.0,0.0,0.0,0.0,0.0,0.0,0.0,0.0,0.0
Utopia,Surface Freshwater,heterMP,mp3,1.6045073624072808e-10,"(0, 0)",0.0,0.0004780460109759817,1.1574074074074074e-06,0.0,0.0,0.0,0.0,0.0,0.0,0.0,0.0,0.0,0.0,0.0,0.0,0.0,0.0,0.0,0.0
Utopia,Surface Freshwater,heterMP,mp4,1.6045073624072808e-10,"(0, 0)",0.0,4.168284087106475e-06,1.1574074074074074e-06,0.0,0.0,5.755925863473383e-09,0.0,0.0,0.0,0.0,0.0,0.0,0.0,0.0,0.0,0.0,0.0,0.0,0.0
Utopia,Surface Freshwater,heterMP,mp5,1.6045073624072808e-10,"(0, 0)",0.0,2.7848782980043453e-06,1.1574074074074074e-06,0.0,0.0,1.3943138231729608e-08,0.0,0.0,0.0,0.0,0.0,0.0,0.0,0.0,0.0,0.0,0.0,0.0,0.0
Utopia,Surface Freshwater,biofMP,mp1,3.2090147248145615e-10,"(0, 0)",20443.2895175116,0.0,0.0,0.0,0.0,0.0,0.0,0.0,0.0,0.0,0.0,0.0,0.0,0.0,0.0,0.0,0.0,0.0,0.0
Utopia,Surface Freshwater,biofMP,mp2,3.2090147248145615e-10,"(0, 0)",35.0825718056473,0.0,0.0,0.0,0.0,5.637038657778109e-05,0.0,0.0,0.0,0.0,0.0,0.0,0.0,0.0,0.0,0.0,0.0,0.0,0.0
Utopia,Surface Freshwater,biofMP,mp3,3.2090147248145615e-10,"(0, 0)",0.1806164863221063,0.0,0.0,0.0,0.0,7.568824252355593e-06,0.0,0.0,0.0,0.0,0.0,0.0,0.0,0.0,0.0,0.0,0.0,0.0,0.0
Utopia,Surface Freshwater,biofMP,mp4,3.2090147248145615e-10,"(0, 0)",0.0243714642802915,0.0,0.0,0.0,0.0,2.6319475066105552e-06,0.0,0.0,0.0,0.0,0.0,0.0,0.0,0.0,0.0,0.0,0.0,0.0,0.0
Utopia,Surface Freshwater,biofMP,mp5,3.2090147248145615e-10,"(0, 0)",0.018291621772212257,0.0,0.0,0.0,0.0,2.2206271491354385e-06,0.0,0.0,0.0,0.0,0.0,0.0,0.0,0.0,0.0,0.0,0.0,0.0,0.0
Utopia,Surface Freshwater,heterBiofMP,mp1,8.022536812036404e-11,"(0, 0)",0.0,2044.3289264526384,0.0,0.0,0.0,0.0,0.0,0.0,0.0,0.0,0.0,0.0,0.0,0.0,0.0,0.0,0.0,0.0,0.0
Utopia,Surface Freshwater,heterBiofMP,mp2,8.022536812036404e-11,"(0, 0)",0.0,3.508260147471843,0.0,0.0,0.0,5.637044836871037e-05,0.0,0.0,0.0,0.0,0.0,0.0,0.0,0.0,0.0,0.0,0.0,0.0,0.0
Utopia,Surface Freshwater,heterBiofMP,mp3,8.022536812036404e-11,"(0, 0)",0.0,0.018062334570443594,0.0,0.0,0.0,7.569134385752076e-06,0.0,0.0,0.0,0.0,0.0,0.0,0.0,0.0,0.0,0.0,0.0,0.0,0.0
Utopia,Surface Freshwater,heterBiofMP,mp4,8.022536812036404e-11,"(0, 0)",0.0,0.002437589637584365,0.0,0.0,0.0,2.6325006552658364e-06,0.0,0.0,0.0,0.0,0.0,0.0,0.0,0.0,0.0,0.0,0.0,0.0,0.0
Utopia,Surface Freshwater,heterBiofMP,mp5,8.022536812036404e-11,"(0, 0)",0.0,0.001829580796938446,0.0,0.0,0.0,2.221229513092071e-06,0.0,0.0,0.0,0.0,0.0,0.0,0.0,0.0,0.0,0.0,0.0,0.0,0.0
Utopia,Bulk Freshwater,freeMP,mp1,1.6045073624072808e-09,"(3.1709791983764586e-08, 1000.0)",21928.60566130576,0.0,3.858024691358025e-07,0.0,0.0,0.0,0.0,0.0,0.0,0.0,0.0,0.0,0.0,0.0,0.0,0.0,0.0,0.0,0.0
Utopia,Bulk Freshwater,freeMP,mp2,1.6045073624072808e-09,"(3.1709791983764586e-09, 999.9999999999999)",5.7076662363789765,0.0,3.858024691358025e-07,0.0,0.0,0.0,0.0,0.0,0.0,0.0,0.0,0.0,0.0,0.0,0.0,0.0,0.0,0.0,0.0
Utopia,Bulk Freshwater,freeMP,mp3,1.6045073624072808e-09,"(3.170979198376459e-10, 999.9999999999997)",0.0047813064366229755,0.0,3.858024691358025e-07,0.0,0.0,0.0,0.0,0.0,0.0,0.0,0.0,0.0,0.0,0.0,0.0,0.0,0.0,0.0,0.0
Utopia,Bulk Freshwater,freeMP,mp4,1.6045073624072808e-09,"(3.1709791983764586e-11, 1000.0)",4.051321164390387e-05,0.0,3.858024691358025e-07,0.0,0.0,0.0,0.0,0.0,0.0,0.0,0.0,0.0,0.0,0.0,0.0,0.0,0.0,0.0,0.0
Utopia,Bulk Freshwater,freeMP,mp5,1.6045073624072808e-09,"(3.1709791983764588e-12, 1000.0000000000001)",4.413923335998007e-05,0.0,3.858024691358025e-07,0.0,0.0,0.0,0.0,0.0,0.0,0.0,0.0,0.0,0.0,0.0,0.0,0.0,0.0,0.0,0.0
Utopia,Bulk Freshwater,heterMP,mp1,1.6045073624072808e-10,"(0, 0)",0.0,2192.860553657134,3.858024691358025e-07,0.0,0.0,0.0,0.0,0.0,0.0,0.0,0.0,0.0,0.0,0.0,0.0,0.0,0.0,0.0,0.0
Utopia,Bulk Freshwater,heterMP,mp2,1.6045073624072808e-10,"(0, 0)",0.0,0.5707654084079872,3.858024691358025e-07,0.0,0.0,0.0,0.0,0.0,0.0,0.0,0.0,0.0,0.0,0.0,0.0,0.0,0.0,0.0,0.0
Utopia,Bulk Freshwater,heterMP,mp3,1.6045073624072808e-10,"(0, 0)",0.0,0.0004780460109759817,3.858024691358025e-07,0.0,0.0,0.0,0.0,0.0,0.0,0.0,0.0,0.0,0.0,0.0,0.0,0.0,0.0,0.0,0.0
Utopia,Bulk Freshwater,heterMP,mp4,1.6045073624072808e-10,"(0, 0)",0.0,4.168284087106475e-06,3.858024691358025e-07,0.0,0.0,5.755925863473383e-09,0.0,0.0,0.0,0.0,0.0,0.0,0.0,0.0,0.0,0.0,0.0,0.0,0.0
Utopia,Bulk Freshwater,heterMP,mp5,1.6045073624072808e-10,"(0, 0)",0.0,2.7848782980043453e-06,3.858024691358025e-07,0.0,0.0,1.3943138231729608e-08,0.0,0.0,0.0,0.0,0.0,0.0,0.0,0.0,0.0,0.0,0.0,0.0,0.0
Utopia,Bulk Freshwater,biofMP,mp1,3.2090147248145615e-10,"(1.6013444951801118e-08, 1000.0)",20443.2895175116,0.0,0.0,0.0,0.0,0.0,0.0,0.0,0.0,0.0,0.0,0.0,0.0,0.0,0.0,0.0,0.0,0.0,0.0
Utopia,Bulk Freshwater,biofMP,mp2,3.2090147248145615e-10,"(1.7440385591070522e-09, 1000.0000000000001)",35.0825718056473,0.0,0.0,0.0,0.0,5.637038657778109e-05,0.0,0.0,0.0,0.0,0.0,0.0,0.0,0.0,0.0,0.0,0.0,0.0,0.0
Utopia,Bulk Freshwater,biofMP,mp3,3.2090147248145615e-10,"(3.170979198376459e-10, 999.9999999999997)",0.1806164863221063,0.0,0.0,0.0,0.0,7.568824252355593e-06,0.0,0.0,0.0,0.0,0.0,0.0,0.0,0.0,0.0,0.0,0.0,0.0,0.0
Utopia,Bulk Freshwater,biofMP,mp4,3.2090147248145615e-10,"(1.7440385591070525e-10, 1000.0000000000002)",0.0243714642802915,0.0,0.0,0.0,0.0,2.6319475066105552e-06,0.0,0.0,0.0,0.0,0.0,0.0,0.0,0.0,0.0,0.0,0.0,0.0,0.0
Utopia,Bulk Freshwater,biofMP,mp5,3.2090147248145615e-10,"(1.6013444951801118e-10, 1000.0000000000002)",0.018291621772212257,0.0,0.0,0.0,0.0,2.2206271491354385e-06,0.0,0.0,0.0,0.0,0.0,0.0,0.0,0.0,0.0,0.0,0.0,0.0,0.0
Utopia,Bulk Freshwater,heterBiofMP,mp1,8.022536812036404e-11,"(0, 0)",0.0,2044.3289264526384,0.0,0.0,0.0,0.0,0.0,0.0,0.0,0.0,0.0,0.0,0.0,0.0,0.0,0.0,0.0,0.0,0.0
Utopia,Bulk Freshwater,heterBiofMP,mp2,8.022536812036404e-11,"(0, 0)",0.0,3.508260147471843,0.0,0.0,0.0,5.637044836871037e-05,0.0,0.0,0.0,0.0,0.0,0.0,0.0,0.0,0.0,0.0,0.0,0.0,0.0
Utopia,Bulk Freshwater,heterBiofMP,mp3,8.022536812036404e-11,"(0, 0)",0.0,0.018062334570443594,0.0,0.0,0.0,7.569134385752076e-06,0.0,0.0,0.0,0.0,0.0,0.0,0.0,0.0,0.0,0.0,0.0,0.0,0.0
Utopia,Bulk Freshwater,heterBiofMP,mp4,8.022536812036404e-11,"(0, 0)",0.0,0.002437589637584365,0.0,0.0,0.0,2.6325006552658364e-06,0.0,0.0,0.0,0.0,0.0,0.0,0.0,0.0,0.0,0.0,0.0,0.0,0.0
Utopia,Bulk Freshwater,heterBiofMP,mp5,8.022536812036404e-11,"(0, 0)",0.0,0.001829580796938446,0.0,0.0,0.0,2.221229513092071e-06,0.0,0.0,0.0,0.0,0.0,0.0,0.0,0.0,0.0,0.0,0.0,0.0,0.0
Utopia,Sediment,freeMP,mp1,1.6045073624072808e-09,"(3.1709791983764586e-09, 1000.0)",0.0,0.0,0.0,0.0,0.0,0.0,0.0,0.0,0.0,2.2999999999999998e-08,5.599999999999999e-08,0.0,0.0,0.0,0.0,0.0,0.0,0.0,0.0
Utopia,Sediment,freeMP,mp2,1.6045073624072808e-09,"(3.170979198376459e-10, 999.9999999999999)",0.0,0.0,0.0,0.0,0.0,0.0,0.0,0.0,0.0,2.2999999999999998e-08,5.599999999999999e-08,0.0,0.0,0.0,0.0,0.0,0.0,0.0,0.0
Utopia,Sediment,freeMP,mp3,1.6045073624072808e-09,"(3.1709791983764586e-11, 999.9999999999997)",0.0,0.0,0.0,0.0,0.0,0.0,0.0,0.0,0.0,2.2999999999999998e-08,5.599999999999999e-08,0.0,0.0,0.0,0.0,0.0,0.0,0.0,0.0
Utopia,Sediment,freeMP,mp4,1.6045073624072808e-09,"(3.1709791983764588e-12, 1000.0)",0.0,0.0,0.0,0.0,0.0,0.0,0.0,0.0,0.0,2.2999999999999998e-08,5.599999999999999e-08,0.0,0.0,0.0,0.0,0.0,0.0,0.0,0.0
Utopia,Sediment,freeMP,mp5,1.6045073624072808e-09,"(3.1709791983764587e-13, 1000.0000000000001)",0.0,0.0,0.0,0.0,0.0,0.0,0.0,0.0,0.0,2.2999999999999998e-08,5.599999999999999e-08,0.0,0.0,0.0,0.0,0.0,0.0,0.0,0.0
Utopia,Sediment,heterMP,mp1,1.6045073624072808e-10,"(0, 0)",0.0,0.0,0.0,0.0,0.0,0.0,0.0,0.0,0.0,2.2999999999999998e-08,5.599999999999999e-08,0.0,0.0,0.0,0.0,0.0,0.0,0.0,0.0
Utopia,Sediment,heterMP,mp2,1.6045073624072808e-10,"(0, 0)",0.0,0.0,0.0,0.0,0.0,0.0,0.0,0.0,0.0,2.2999999999999998e-08,5.599999999999999e-08,0.0,0.0,0.0,0.0,0.0,0.0,0.0,0.0
Utopia,Sediment,heterMP,mp3,1.6045073624072808e-10,"(0, 0)",0.0,0.0,0.0,0.0,0.0,0.0,0.0,0.0,0.0,2.2999999999999998e-08,5.599999999999999e-08,0.0,0.0,0.0,0.0,0.0,0.0,0.0,0.0
Utopia,Sediment,heterMP,mp4,1.6045073624072808e-10,"(0, 0)",0.0,0.0,0.0,0.0,0.0,0.0,0.0,0.0,0.0,2.2999999999999998e-08,5.599999999999999e-08,0.0,0.0,0.0,0.0,0.0,0.0,0.0,0.0
Utopia,Sediment,heterMP,mp5,1.6045073624072808e-10,"(0, 0)",0.0,0.0,0.0,0.0,0.0,0.0,0.0,0.0,0.0,2.2999999999999998e-08,5.599999999999999e-08,0.0,0.0,0.0,0.0,0.0,0.0,0.0,0.0
Utopia,Sediment,biofMP,mp1,3.2090147248145615e-10,"(0, 0)",0.0,0.0,0.0,0.0,0.0,0.0,0.0,0.0,0.0,2.2999999999999998e-08,5.599999999999999e-08,0.0,0.0,0.0,0.0,0.0,0.0,0.0,0.0
Utopia,Sediment,biofMP,mp2,3.2090147248145615e-10,"(0, 0)",0.0,0.0,0.0,0.0,0.0,0.0,0.0,0.0,0.0,2.2999999999999998e-08,5.599999999999999e-08,0.0,0.0,0.0,0.0,0.0,0.0,0.0,0.0
Utopia,Sediment,biofMP,mp3,3.2090147248145615e-10,"(0, 0)",0.0,0.0,0.0,0.0,0.0,0.0,0.0,0.0,0.0,2.2999999999999998e-08,5.599999999999999e-08,0.0,0.0,0.0,0.0,0.0,0.0,0.0,0.0
Utopia,Sediment,biofMP,mp4,3.2090147248145615e-10,"(0, 0)",0.0,0.0,0.0,0.0,0.0,0.0,0.0,0.0,0.0,2.2999999999999998e-08,5.599999999999999e-08,0.0,0.0,0.0,0.0,0.0,0.0,0.0,0.0
Utopia,Sediment,biofMP,mp5,3.2090147248145615e-10,"(0, 0)",0.0,0.0,0.0,0.0,0.0,0.0,0.0,0.0,0.0,2.2999999999999998e-08,5.599999999999999e-08,0.0,0.0,0.0,0.0,0.0,0.0,0.0,0.0
Utopia,Sediment,heterBiofMP,mp1,8.022536812036404e-11,"(0, 0)",0.0,0.0,0.0,0.0,0.0,0.0,0.0,0.0,0.0,2.2999999999999998e-08,5.599999999999999e-08,0.0,0.0,0.0,0.0,0.0,0.0,0.0,0.0
Utopia,Sediment,heterBiofMP,mp2,8.022536812036404e-11,"(0, 0)",0.0,0.0,0.0,0.0,0.0,0.0,0.0,0.0,0.0,2.2999999999999998e-08,5.599999999999999e-08,0.0,0.0,0.0,0.0,0.0,0.0,0.0,0.0
Utopia,Sediment,heterBiofMP,mp3,8.022536812036404e-11,"(0, 0)",0.0,0.0,0.0,0.0,0.0,0.0,0.0,0.0,0.0,2.2999999999999998e-08,5.599999999999999e-08,0.0,0.0,0.0,0.0,0.0,0.0,0.0,0.0
Utopia,Sediment,heterBiofMP,mp4,8.022536812036404e-11,"(0, 0)",0.0,0.0,0.0,0.0,0.0,0.0,0.0,0.0,0.0,2.2999999999999998e-08,5.599999999999999e-08,0.0,0.0,0.0,0.0,0.0,0.0,0.0,0.0
Utopia,Sediment,heterBiofMP,mp5,8.022536812036404e-11,"(0, 0)",0.0,0.0,0.0,0.0,0.0,0.0,0.0,0.0,0.0,2.2999999999999998e-08,5.599999999999999e-08,0.0,0.0,0.0,0.0,0.0,0.0,0.0,0.0
Utopia,Urban Soil Surface,freeMP,mp1,1.6045073624072808e-09,"(3.1709791983764586e-08, 1000.0)",0.0,0.0,0.0,0.0,0.0,0.0,0.0,0.0,0.0,0.0,0.0,0.0,0.0,0.0,0.0,0.0,0.0,0.0,0.0
Utopia,Urban Soil Surface,freeMP,mp2,1.6045073624072808e-09,"(3.1709791983764586e-09, 999.9999999999999)",0.0,0.0,0.0,0.0,0.0,0.0,0.0,0.0,0.0,0.0,0.0,0.0,0.0,0.0,0.0,0.0,0.0,0.0,0.0
Utopia,Urban Soil Surface,freeMP,mp3,1.6045073624072808e-09,"(3.170979198376459e-10, 999.9999999999997)",0.0,0.0,0.0,0.0,0.0,0.0,0.0,0.0,0.0,0.0,0.0,0.0,0.0,0.0,0.0,0.0,0.0,0.0,0.0
Utopia,Urban Soil Surface,freeMP,mp4,1.6045073624072808e-09,"(3.1709791983764586e-11, 1000.0)",0.0,0.0,0.0,0.0,0.0,0.0,0.0,0.0,0.0,0.0,0.0,0.0,0.0,0.0,0.0,0.0,0.0,0.0,0.0
Utopia,Urban Soil Surface,freeMP,mp5,1.6045073624072808e-09,"(3.1709791983764588e-12, 1000.0000000000001)",0.0,0.0,0.0,0.0,0.0,0.0,0.0,0.0,0.0,0.0,0.0,0.0,0.0,0.0,0.0,0.0,0.0,0.0,0.0
Utopia,Urban Soil Surface,heterMP,mp1,1.6045073624072808e-10,"(0, 0)",0.0,0.0,0.0,0.0,0.0,0.0,0.0,0.0,0.0,0.0,0.0,0.0,0.0,0.0,0.0,0.0,0.0,0.0,0.0
Utopia,Urban Soil Surface,heterMP,mp2,1.6045073624072808e-10,"(0, 0)",0.0,0.0,0.0,0.0,0.0,0.0,0.0,0.0,0.0,0.0,0.0,0.0,0.0,0.0,0.0,0.0,0.0,0.0,0.0
Utopia,Urban Soil Surface,heterMP,mp3,1.6045073624072808e-10,"(0, 0)",0.0,0.0,0.0,0.0,0.0,0.0,0.0,0.0,0.0,0.0,0.0,0.0,0.0,0.0,0.0,0.0,0.0,0.0,0.0
Utopia,Urban Soil Surface,heterMP,mp4,1.6045073624072808e-10,"(0, 0)",0.0,0.0,0.0,0.0,0.0,0.0,0.0,0.0,0.0,0.0,0.0,0.0,0.0,0.0,0.0,0.0,0.0,0.0,0.0
Utopia,Urban Soil Surface,heterMP,mp5,1.6045073624072808e-10,"(0, 0)",0.0,0.0,0.0,0.0,0.0,0.0,0.0,0.0,0.0,0.0,0.0,0.0,0.0,0.0,0.0,0.0,0.0,0.0,0.0
Utopia,Urban Soil Surface,biofMP,mp1,3.2090147248145615e-10,"(1.6013444951801118e-08, 1000.0)",0.0,0.0,0.0,0.0,0.0,0.0,0.0,0.0,0.0,0.0,0.0,0.0,0.0,0.0,0.0,0.0,0.0,0.0,0.0
Utopia,Urban Soil Surface,biofMP,mp2,3.2090147248145615e-10,"(1.7440385591070522e-09, 1000.0000000000001)",0.0,0.0,0.0,0.0,0.0,0.0,0.0,0.0,0.0,0.0,0.0,0.0,0.0,0.0,0.0,0.0,0.0,0.0,0.0
Utopia,Urban Soil Surface,biofMP,mp3,3.2090147248145615e-10,"(3.170979198376459e-10, 999.9999999999997)",0.0,0.0,0.0,0.0,0.0,0.0,0.0,0.0,0.0,0.0,0.0,0.0,0.0,0.0,0.0,0.0,0.0,0.0,0.0
Utopia,Urban Soil Surface,biofMP,mp4,3.2090147248145615e-10,"(1.7440385591070525e-10, 1000.0000000000002)",0.0,0.0,0.0,0.0,0.0,0.0,0.0,0.0,0.0,0.0,0.0,0.0,0.0,0.0,0.0,0.0,0.0,0.0,0.0
Utopia,Urban Soil Surface,biofMP,mp5,3.2090147248145615e-10,"(1.6013444951801118e-10, 1000.0000000000002)",0.0,0.0,0.0,0.0,0.0,0.0,0.0,0.0,0.0,0.0,0.0,0.0,0.0,0.0,0.0,0.0,0.0,0.0,0.0
Utopia,Urban Soil Surface,heterBiofMP,mp1,8.022536812036404e-11,"(0, 0)",0.0,0.0,0.0,0.0,0.0,0.0,0.0,0.0,0.0,0.0,0.0,0.0,0.0,0.0,0.0,0.0,0.0,0.0,0.0
Utopia,Urban Soil Surface,heterBiofMP,mp2,8.022536812036404e-11,"(0, 0)",0.0,0.0,0.0,0.0,0.0,0.0,0.0,0.0,0.0,0.0,0.0,0.0,0.0,0.0,0.0,0.0,0.0,0.0,0.0
Utopia,Urban Soil Surface,heterBiofMP,mp3,8.022536812036404e-11,"(0, 0)",0.0,0.0,0.0,0.0,0.0,0.0,0.0,0.0,0.0,0.0,0.0,0.0,0.0,0.0,0.0,0.0,0.0,0.0,0.0
Utopia,Urban Soil Surface,heterBiofMP,mp4,8.022536812036404e-11,"(0, 0)",0.0,0.0,0.0,0.0,0.0,0.0,0.0,0.0,0.0,0.0,0.0,0.0,0.0,0.0,0.0,0.0,0.0,0.0,0.0
Utopia,Urban Soil Surface,heterBiofMP,mp5,8.022536812036404e-11,"(0, 0)",0.0,0.0,0.0,0.0,0.0,0.0,0.0,0.0,0.0,0.0,0.0,0.0,0.0,0.0,0.0,0.0,0.0,0.0,0.0
Utopia,Urban Soil,freeMP,mp1,1.6045073624072808e-09,"(3.1709791983764586e-09, 1000.0)",0.0,0.0,0.0,0.0,0.0,0.0,0.0,0.0,0.0,0.0,0.0,0.0,0.0,0.0,0.0,0.0,0.0,0.0,0.0
Utopia,Urban Soil,freeMP,mp2,1.6045073624072808e-09,"(3.170979198376459e-10, 999.9999999999999)",0.0,0.0,0.0,0.0,0.0,0.0,0.0,0.0,0.0,0.0,0.0,0.0,0.0,0.0,0.0,0.0,0.0,0.0,0.0
Utopia,Urban Soil,freeMP,mp3,1.6045073624072808e-09,"(3.1709791983764586e-11, 999.9999999999997)",0.0,0.0,0.0,0.0,0.0,0.0,0.0,0.0,0.0,0.0,0.0,0.0,0.0,0.0,0.0,0.0,0.0,0.0,0.0
Utopia,Urban Soil,freeMP,mp4,1.6045073624072808e-09,"(3.1709791983764588e-12, 1000.0)",0.0,0.0,0.0,0.0,0.0,0.0,0.0,0.0,0.0,0.0,0.0,0.0,0.0,0.0,0.0,0.0,0.0,0.0,0.0
Utopia,Urban Soil,freeMP,mp5,1.6045073624072808e-09,"(3.1709791983764587e-13, 1000.0000000000001)",0.0,0.0,0.0,0.0,0.0,0.0,0.0,0.0,0.0,0.0,0.0,0.0,0.0,0.0,0.0,0.0,0.0,0.0,0.0
Utopia,Urban Soil,heterMP,mp1,1.6045073624072808e-10,"(0, 0)",0.0,0.0,0.0,0.0,0.0,0.0,0.0,0.0,0.0,0.0,0.0,0.0,0.0,0.0,0.0,0.0,0.0,0.0,0.0
Utopia,Urban Soil,heterMP,mp2,1.6045073624072808e-10,"(0, 0)",0.0,0.0,0.0,0.0,0.0,0.0,0.0,0.0,0.0,0.0,0.0,0.0,0.0,0.0,0.0,0.0,0.0,0.0,0.0
Utopia,Urban Soil,heterMP,mp3,1.6045073624072808e-10,"(0, 0)",0.0,0.0,0.0,0.0,0.0,0.0,0.0,0.0,0.0,0.0,0.0,0.0,0.0,0.0,0.0,0.0,0.0,0.0,0.0
Utopia,Urban Soil,heterMP,mp4,1.6045073624072808e-10,"(0, 0)",0.0,0.0,0.0,0.0,0.0,0.0,0.0,0.0,0.0,0.0,0.0,0.0,0.0,0.0,0.0,0.0,0.0,0.0,0.0
Utopia,Urban Soil,heterMP,mp5,1.6045073624072808e-10,"(0, 0)",0.0,0.0,0.0,0.0,0.0,0.0,0.0,0.0,0.0,0.0,0.0,0.0,0.0,0.0,0.0,0.0,0.0,0.0,0.0
Utopia,Urban Soil,biofMP,mp1,3.2090147248145615e-10,"(0, 0)",0.0,0.0,0.0,0.0,0.0,0.0,0.0,0.0,0.0,0.0,0.0,0.0,0.0,0.0,0.0,0.0,0.0,0.0,0.0
Utopia,Urban Soil,biofMP,mp2,3.2090147248145615e-10,"(0, 0)",0.0,0.0,0.0,0.0,0.0,0.0,0.0,0.0,0.0,0.0,0.0,0.0,0.0,0.0,0.0,0.0,0.0,0.0,0.0
Utopia,Urban Soil,biofMP,mp3,3.2090147248145615e-10,"(0, 0)",0.0,0.0,0.0,0.0,0.0,0.0,0.0,0.0,0.0,0.0,0.0,0.0,0.0,0.0,0.0,0.0,0.0,0.0,0.0
Utopia,Urban Soil,biofMP,mp4,3.2090147248145615e-10,"(0, 0)",0.0,0.0,0.0,0.0,0.0,0.0,0.0,0.0,0.0,0.0,0.0,0.0,0.0,0.0,0.0,0.0,0.0,0.0,0.0
Utopia,Urban Soil,biofMP,mp5,3.2090147248145615e-10,"(0, 0)",0.0,0.0,0.0,0.0,0.0,0.0,0.0,0.0,0.0,0.0,0.0,0.0,0.0,0.0,0.0,0.0,0.0,0.0,0.0
Utopia,Urban Soil,heterBiofMP,mp1,8.022536812036404e-11,"(0, 0)",0.0,0.0,0.0,0.0,0.0,0.0,0.0,0.0,0.0,0.0,0.0,0.0,0.0,0.0,0.0,0.0,0.0,0.0,0.0
Utopia,Urban Soil,heterBiofMP,mp2,8.022536812036404e-11,"(0, 0)",0.0,0.0,0.0,0.0,0.0,0.0,0.0,0.0,0.0,0.0,0.0,0.0,0.0,0.0,0.0,0.0,0.0,0.0,0.0
Utopia,Urban Soil,heterBiofMP,mp3,8.022536812036404e-11,"(0, 0)",0.0,0.0,0.0,0.0,0.0,0.0,0.0,0.0,0.0,0.0,0.0,0.0,0.0,0.0,0.0,0.0,0.0,0.0,0.0
Utopia,Urban Soil,heterBiofMP,mp4,8.022536812036404e-11,"(0, 0)",0.0,0.0,0.0,0.0,0.0,0.0,0.0,0.0,0.0,0.0,0.0,0.0,0.0,0.0,0.0,0.0,0.0,0.0,0.0
Utopia,Urban Soil,heterBiofMP,mp5,8.022536812036404e-11,"(0, 0)",0.0,0.0,0.0,0.0,0.0,0.0,0.0,0.0,0.0,0.0,0.0,0.0,0.0,0.0,0.0,0.0,0.0,0.0,0.0
Utopia,Background Soil Surface,freeMP,mp1,1.6045073624072808e-09,"(3.1709791983764586e-08, 1000.0)",0.0,0.0,0.0,0.0,0.0,0.0,0.0,0.0,0.0,0.0,0.0,0.0,0.0,0.0,0.0,0.0,0.0,0.0,0.0
Utopia,Background Soil Surface,freeMP,mp2,1.6045073624072808e-09,"(3.1709791983764586e-09, 999.9999999999999)",0.0,0.0,0.0,0.0,0.0,0.0,0.0,0.0,0.0,0.0,0.0,0.0,0.0,0.0,0.0,0.0,0.0,0.0,0.0
Utopia,Background Soil Surface,freeMP,mp3,1.6045073624072808e-09,"(3.170979198376459e-10, 999.9999999999997)",0.0,0.0,0.0,0.0,0.0,0.0,0.0,0.0,0.0,0.0,0.0,0.0,0.0,0.0,0.0,0.0,0.0,0.0,0.0
Utopia,Background Soil Surface,freeMP,mp4,1.6045073624072808e-09,"(3.1709791983764586e-11, 1000.0)",0.0,0.0,0.0,0.0,0.0,0.0,0.0,0.0,0.0,0.0,0.0,0.0,0.0,0.0,0.0,0.0,0.0,0.0,0.0
Utopia,Background Soil Surface,freeMP,mp5,1.6045073624072808e-09,"(3.1709791983764588e-12, 1000.0000000000001)",0.0,0.0,0.0,0.0,0.0,0.0,0.0,0.0,0.0,0.0,0.0,0.0,0.0,0.0,0.0,0.0,0.0,0.0,0.0
Utopia,Background Soil Surface,heterMP,mp1,1.6045073624072808e-10,"(0, 0)",0.0,0.0,0.0,0.0,0.0,0.0,0.0,0.0,0.0,0.0,0.0,0.0,0.0,0.0,0.0,0.0,0.0,0.0,0.0
Utopia,Background Soil Surface,heterMP,mp2,1.6045073624072808e-10,"(0, 0)",0.0,0.0,0.0,0.0,0.0,0.0,0.0,0.0,0.0,0.0,0.0,0.0,0.0,0.0,0.0,0.0,0.0,0.0,0.0
Utopia,Background Soil Surface,heterMP,mp3,1.6045073624072808e-10,"(0, 0)",0.0,0.0,0.0,0.0,0.0,0.0,0.0,0.0,0.0,0.0,0.0,0.0,0.0,0.0,0.0,0.0,0.0,0.0,0.0
Utopia,Background Soil Surface,heterMP,mp4,1.6045073624072808e-10,"(0, 0)",0.0,0.0,0.0,0.0,0.0,0.0,0.0,0.0,0.0,0.0,0.0,0.0,0.0,0.0,0.0,0.0,0.0,0.0,0.0
Utopia,Background Soil Surface,heterMP,mp5,1.6045073624072808e-10,"(0, 0)",0.0,0.0,0.0,0.0,0.0,0.0,0.0,0.0,0.0,0.0,0.0,0.0,0.0,0.0,0.0,0.0,0.0,0.0,0.0
Utopia,Background Soil Surface,biofMP,mp1,3.2090147248145615e-10,"(1.6013444951801118e-08, 1000.0)",0.0,0.0,0.0,0.0,0.0,0.0,0.0,0.0,0.0,0.0,0.0,0.0,0.0,0.0,0.0,0.0,0.0,0.0,0.0
Utopia,Background Soil Surface,biofMP,mp2,3.2090147248145615e-10,"(1.7440385591070522e-09, 1000.0000000000001)",0.0,0.0,0.0,0.0,0.0,0.0,0.0,0.0,0.0,0.0,0.0,0.0,0.0,0.0,0.0,0.0,0.0,0.0,0.0
Utopia,Background Soil Surface,biofMP,mp3,3.2090147248145615e-10,"(3.170979198376459e-10, 999.9999999999997)",0.0,0.0,0.0,0.0,0.0,0.0,0.0,0.0,0.0,0.0,0.0,0.0,0.0,0.0,0.0,0.0,0.0,0.0,0.0
Utopia,Background Soil Surface,biofMP,mp4,3.2090147248145615e-10,"(1.7440385591070525e-10, 1000.0000000000002)",0.0,0.0,0.0,0.0,0.0,0.0,0.0,0.0,0.0,0.0,0.0,0.0,0.0,0.0,0.0,0.0,0.0,0.0,0.0
Utopia,Background Soil Surface,biofMP,mp5,3.2090147248145615e-10,"(1.6013444951801118e-10, 1000.0000000000002)",0.0,0.0,0.0,0.0,0.0,0.0,0.0,0.0,0.0,0.0,0.0,0.0,0.0,0.0,0.0,0.0,0.0,0.0,0.0
Utopia,Background Soil Surface,heterBiofMP,mp1,8.022536812036404e-11,"(0, 0)",0.0,0.0,0.0,0.0,0.0,0.0,0.0,0.0,0.0,0.0,0.0,0.0,0.0,0.0,0.0,0.0,0.0,0.0,0.0
Utopia,Background Soil Surface,heterBiofMP,mp2,8.022536812036404e-11,"(0, 0)",0.0,0.0,0.0,0.0,0.0,0.0,0.0,0.0,0.0,0.0,0.0,0.0,0.0,0.0,0.0,0.0,0.0,0.0,0.0
Utopia,Background Soil Surface,heterBiofMP,mp3,8.022536812036404e-11,"(0, 0)",0.0,0.0,0.0,0.0,0.0,0.0,0.0,0.0,0.0,0.0,0.0,0.0,0.0,0.0,0.0,0.0,0.0,0.0,0.0
Utopia,Background Soil Surface,heterBiofMP,mp4,8.022536812036404e-11,"(0, 0)",0.0,0.0,0.0,0.0,0.0,0.0,0.0,0.0,0.0,0.0,0.0,0.0,0.0,0.0,0.0,0.0,0.0,0.0,0.0
Utopia,Background Soil Surface,heterBiofMP,mp5,8.022536812036404e-11,"(0, 0)",0.0,0.0,0.0,0.0,0.0,0.0,0.0,0.0,0.0,0.0,0.0,0.0,0.0,0.0,0.0,0.0,0.0,0.0,0.0
Utopia,Background Soil,freeMP,mp1,1.6045073624072808e-09,"(3.1709791983764586e-09, 1000.0)",0.0,0.0,0.0,0.0,0.0,0.0,0.0,0.0,0.0,0.0,0.0,0.0,0.0,0.0,0.0,0.0,0.0,0.0,0.0
Utopia,Background Soil,freeMP,mp2,1.6045073624072808e-09,"(3.170979198376459e-10, 999.9999999999999)",0.0,0.0,0.0,0.0,0.0,0.0,0.0,0.0,0.0,0.0,0.0,0.0,0.0,0.0,0.0,0.0,0.0,0.0,0.0
Utopia,Background Soil,freeMP,mp3,1.6045073624072808e-09,"(3.1709791983764586e-11, 999.9999999999997)",0.0,0.0,0.0,0.0,0.0,0.0,0.0,0.0,0.0,0.0,0.0,0.0,0.0,0.0,0.0,0.0,0.0,0.0,0.0
Utopia,Background Soil,freeMP,mp4,1.6045073624072808e-09,"(3.1709791983764588e-12, 1000.0)",0.0,0.0,0.0,0.0,0.0,0.0,0.0,0.0,0.0,0.0,0.0,0.0,0.0,0.0,0.0,0.0,0.0,0.0,0.0
Utopia,Background Soil,freeMP,mp5,1.6045073624072808e-09,"(3.1709791983764587e-13, 1000.0000000000001)",0.0,0.0,0.0,0.0,0.0,0.0,0.0,0.0,0.0,0.0,0.0,0.0,0.0,0.0,0.0,0.0,0.0,0.0,0.0
Utopia,Background Soil,heterMP,mp1,1.6045073624072808e-10,"(0, 0)",0.0,0.0,0.0,0.0,0.0,0.0,0.0,0.0,0.0,0.0,0.0,0.0,0.0,0.0,0.0,0.0,0.0,0.0,0.0
Utopia,Background Soil,heterMP,mp2,1.6045073624072808e-10,"(0, 0)",0.0,0.0,0.0,0.0,0.0,0.0,0.0,0.0,0.0,0.0,0.0,0.0,0.0,0.0,0.0,0.0,0.0,0.0,0.0
Utopia,Background Soil,heterMP,mp3,1.6045073624072808e-10,"(0, 0)",0.0,0.0,0.0,0.0,0.0,0.0,0.0,0.0,0.0,0.0,0.0,0.0,0.0,0.0,0.0,0.0,0.0,0.0,0.0
Utopia,Background Soil,heterMP,mp4,1.6045073624072808e-10,"(0, 0)",0.0,0.0,0.0,0.0,0.0,0.0,0.0,0.0,0.0,0.0,0.0,0.0,0.0,0.0,0.0,0.0,0.0,0.0,0.0
Utopia,Background Soil,heterMP,mp5,1.6045073624072808e-10,"(0, 0)",0.0,0.0,0.0,0.0,0.0,0.0,0.0,0.0,0.0,0.0,0.0,0.0,0.0,0.0,0.0,0.0,0.0,0.0,0.0
Utopia,Background Soil,biofMP,mp1,3.2090147248145615e-10,"(0, 0)",0.0,0.0,0.0,0.0,0.0,0.0,0.0,0.0,0.0,0.0,0.0,0.0,0.0,0.0,0.0,0.0,0.0,0.0,0.0
Utopia,Background Soil,biofMP,mp2,3.2090147248145615e-10,"(0, 0)",0.0,0.0,0.0,0.0,0.0,0.0,0.0,0.0,0.0,0.0,0.0,0.0,0.0,0.0,0.0,0.0,0.0,0.0,0.0
Utopia,Background Soil,biofMP,mp3,3.2090147248145615e-10,"(0, 0)",0.0,0.0,0.0,0.0,0.0,0.0,0.0,0.0,0.0,0.0,0.0,0.0,0.0,0.0,0.0,0.0,0.0,0.0,0.0
Utopia,Background Soil,biofMP,mp4,3.2090147248145615e-10,"(0, 0)",0.0,0.0,0.0,0.0,0.0,0.0,0.0,0.0,0.0,0.0,0.0,0.0,0.0,0.0,0.0,0.0,0.0,0.0,0.0
Utopia,Background Soil,biofMP,mp5,3.2090147248145615e-10,"(0, 0)",0.0,0.0,0.0,0.0,0.0,0.0,0.0,0.0,0.0,0.0,0.0,0.0,0.0,0.0,0.0,0.0,0.0,0.0,0.0
Utopia,Background Soil,heterBiofMP,mp1,8.022536812036404e-11,"(0, 0)",0.0,0.0,0.0,0.0,0.0,0.0,0.0,0.0,0.0,0.0,0.0,0.0,0.0,0.0,0.0,0.0,0.0,0.0,0.0
Utopia,Background Soil,heterBiofMP,mp2,8.022536812036404e-11,"(0, 0)",0.0,0.0,0.0,0.0,0.0,0.0,0.0,0.0,0.0,0.0,0.0,0.0,0.0,0.0,0.0,0.0,0.0,0.0,0.0
Utopia,Background Soil,heterBiofMP,mp3,8.022536812036404e-11,"(0, 0)",0.0,0.0,0.0,0.0,0.0,0.0,0.0,0.0,0.0,0.0,0.0,0.0,0.0,0.0,0.0,0.0,0.0,0.0,0.0
Utopia,Background Soil,heterBiofMP,mp4,8.022536812036404e-11,"(0, 0)",0.0,0.0,0.0,0.0,0.0,0.0,0.0,0.0,0.0,0.0,0.0,0.0,0.0,0.0,0.0,0.0,0.0,0.0,0.0
Utopia,Background Soil,heterBiofMP,mp5,8.022536812036404e-11,"(0, 0)",0.0,0.0,0.0,0.0,0.0,0.0,0.0,0.0,0.0,0.0,0.0,0.0,0.0,0.0,0.0,0.0,0.0,0.0,0.0
Utopia,Agricultural Soil Surface,freeMP,mp1,1.6045073624072808e-09,"(3.1709791983764586e-08, 1000.0)",0.0,0.0,0.0,0.0,0.0,0.0,0.0,0.0,0.0,0.0,0.0,0.0,0.0,0.0,0.0,0.0,0.0,0.0,0.0
Utopia,Agricultural Soil Surface,freeMP,mp2,1.6045073624072808e-09,"(3.1709791983764586e-09, 999.9999999999999)",0.0,0.0,0.0,0.0,0.0,0.0,0.0,0.0,0.0,0.0,0.0,0.0,0.0,0.0,0.0,0.0,0.0,0.0,0.0
Utopia,Agricultural Soil Surface,freeMP,mp3,1.6045073624072808e-09,"(3.170979198376459e-10, 999.9999999999997)",0.0,0.0,0.0,0.0,0.0,0.0,0.0,0.0,0.0,0.0,0.0,0.0,0.0,0.0,0.0,0.0,0.0,0.0,0.0
Utopia,Agricultural Soil Surface,freeMP,mp4,1.6045073624072808e-09,"(3.1709791983764586e-11, 1000.0)",0.0,0.0,0.0,0.0,0.0,0.0,0.0,0.0,0.0,0.0,0.0,0.0,0.0,0.0,0.0,0.0,0.0,0.0,0.0
Utopia,Agricultural Soil Surface,freeMP,mp5,1.6045073624072808e-09,"(3.1709791983764588e-12, 1000.0000000000001)",0.0,0.0,0.0,0.0,0.0,0.0,0.0,0.0,0.0,0.0,0.0,0.0,0.0,0.0,0.0,0.0,0.0,0.0,0.0
Utopia,Agricultural Soil Surface,heterMP,mp1,1.6045073624072808e-10,"(0, 0)",0.0,0.0,0.0,0.0,0.0,0.0,0.0,0.0,0.0,0.0,0.0,0.0,0.0,0.0,0.0,0.0,0.0,0.0,0.0
Utopia,Agricultural Soil Surface,heterMP,mp2,1.6045073624072808e-10,"(0, 0)",0.0,0.0,0.0,0.0,0.0,0.0,0.0,0.0,0.0,0.0,0.0,0.0,0.0,0.0,0.0,0.0,0.0,0.0,0.0
Utopia,Agricultural Soil Surface,heterMP,mp3,1.6045073624072808e-10,"(0, 0)",0.0,0.0,0.0,0.0,0.0,0.0,0.0,0.0,0.0,0.0,0.0,0.0,0.0,0.0,0.0,0.0,0.0,0.0,0.0
Utopia,Agricultural Soil Surface,heterMP,mp4,1.6045073624072808e-10,"(0, 0)",0.0,0.0,0.0,0.0,0.0,0.0,0.0,0.0,0.0,0.0,0.0,0.0,0.0,0.0,0.0,0.0,0.0,0.0,0.0
Utopia,Agricultural Soil Surface,heterMP,mp5,1.6045073624072808e-10,"(0, 0)",0.0,0.0,0.0,0.0,0.0,0.0,0.0,0.0,0.0,0.0,0.0,0.0,0.0,0.0,0.0,0.0,0.0,0.0,0.0
Utopia,Agricultural Soil Surface,biofMP,mp1,3.2090147248145615e-10,"(1.6013444951801118e-08, 1000.0)",0.0,0.0,0.0,0.0,0.0,0.0,0.0,0.0,0.0,0.0,0.0,0.0,0.0,0.0,0.0,0.0,0.0,0.0,0.0
Utopia,Agricultural Soil Surface,biofMP,mp2,3.2090147248145615e-10,"(1.7440385591070522e-09, 1000.0000000000001)",0.0,0.0,0.0,0.0,0.0,0.0,0.0,0.0,0.0,0.0,0.0,0.0,0.0,0.0,0.0,0.0,0.0,0.0,0.0
Utopia,Agricultural Soil Surface,biofMP,mp3,3.2090147248145615e-10,"(3.170979198376459e-10, 999.9999999999997)",0.0,0.0,0.0,0.0,0.0,0.0,0.0,0.0,0.0,0.0,0.0,0.0,0.0,0.0,0.0,0.0,0.0,0.0,0.0
Utopia,Agricultural Soil Surface,biofMP,mp4,3.2090147248145615e-10,"(1.7440385591070525e-10, 1000.0000000000002)",0.0,0.0,0.0,0.0,0.0,0.0,0.0,0.0,0.0,0.0,0.0,0.0,0.0,0.0,0.0,0.0,0.0,0.0,0.0
Utopia,Agricultural Soil Surface,biofMP,mp5,3.2090147248145615e-10,"(1.6013444951801118e-10, 1000.0000000000002)",0.0,0.0,0.0,0.0,0.0,0.0,0.0,0.0,0.0,0.0,0.0,0.0,0.0,0.0,0.0,0.0,0.0,0.0,0.0
Utopia,Agricultural Soil Surface,heterBiofMP,mp1,8.022536812036404e-11,"(0, 0)",0.0,0.0,0.0,0.0,0.0,0.0,0.0,0.0,0.0,0.0,0.0,0.0,0.0,0.0,0.0,0.0,0.0,0.0,0.0
Utopia,Agricultural Soil Surface,heterBiofMP,mp2,8.022536812036404e-11,"(0, 0)",0.0,0.0,0.0,0.0,0.0,0.0,0.0,0.0,0.0,0.0,0.0,0.0,0.0,0.0,0.0,0.0,0.0,0.0,0.0
Utopia,Agricultural Soil Surface,heterBiofMP,mp3,8.022536812036404e-11,"(0, 0)",0.0,0.0,0.0,0.0,0.0,0.0,0.0,0.0,0.0,0.0,0.0,0.0,0.0,0.0,0.0,0.0,0.0,0.0,0.0
Utopia,Agricultural Soil Surface,heterBiofMP,mp4,8.022536812036404e-11,"(0, 0)",0.0,0.0,0.0,0.0,0.0,0.0,0.0,0.0,0.0,0.0,0.0,0.0,0.0,0.0,0.0,0.0,0.0,0.0,0.0
Utopia,Agricultural Soil Surface,heterBiofMP,mp5,8.022536812036404e-11,"(0, 0)",0.0,0.0,0.0,0.0,0.0,0.0,0.0,0.0,0.0,0.0,0.0,0.0,0.0,0.0,0.0,0.0,0.0,0.0,0.0
Utopia,Agricultural Soil,freeMP,mp1,1.6045073624072808e-09,"(0, 0)",0.0,0.0,0.0,0.0,0.0,0.0,0.0,0.0,0.0,0.0,0.0,0.0,0.0,0.0,0.0,0.0,0.0,0.0,0.0
Utopia,Agricultural Soil,freeMP,mp2,1.6045073624072808e-09,"(0, 0)",0.0,0.0,0.0,0.0,0.0,0.0,0.0,0.0,0.0,0.0,0.0,0.0,0.0,0.0,0.0,0.0,0.0,0.0,0.0
Utopia,Agricultural Soil,freeMP,mp3,1.6045073624072808e-09,"(0, 0)",0.0,0.0,0.0,0.0,0.0,0.0,0.0,0.0,0.0,0.0,0.0,0.0,0.0,0.0,0.0,0.0,0.0,0.0,0.0
Utopia,Agricultural Soil,freeMP,mp4,1.6045073624072808e-09,"(0, 0)",0.0,0.0,0.0,0.0,0.0,0.0,0.0,0.0,0.0,0.0,0.0,0.0,0.0,0.0,0.0,0.0,0.0,0.0,0.0
Utopia,Agricultural Soil,freeMP,mp5,1.6045073624072808e-09,"(0, 0)",0.0,0.0,0.0,0.0,0.0,0.0,0.0,0.0,0.0,0.0,0.0,0.0,0.0,0.0,0.0,0.0,0.0,0.0,0.0
Utopia,Agricultural Soil,heterMP,mp1,1.6045073624072808e-10,"(0, 0)",0.0,0.0,0.0,0.0,0.0,0.0,0.0,0.0,0.0,0.0,0.0,0.0,0.0,0.0,0.0,0.0,0.0,0.0,0.0
Utopia,Agricultural Soil,heterMP,mp2,1.6045073624072808e-10,"(0, 0)",0.0,0.0,0.0,0.0,0.0,0.0,0.0,0.0,0.0,0.0,0.0,0.0,0.0,0.0,0.0,0.0,0.0,0.0,0.0
Utopia,Agricultural Soil,heterMP,mp3,1.6045073624072808e-10,"(0, 0)",0.0,0.0,0.0,0.0,0.0,0.0,0.0,0.0,0.0,0.0,0.0,0.0,0.0,0.0,0.0,0.0,0.0,0.0,0.0
Utopia,Agricultural Soil,heterMP,mp4,1.6045073624072808e-10,"(0, 0)",0.0,0.0,0.0,0.0,0.0,0.0,0.0,0.0,0.0,0.0,0.0,0.0,0.0,0.0,0.0,0.0,0.0,0.0,0.0
Utopia,Agricultural Soil,heterMP,mp5,1.6045073624072808e-10,"(0, 0)",0.0,0.0,0.0,0.0,0.0,0.0,0.0,0.0,0.0,0.0,0.0,0.0,0.0,0.0,0.0,0.0,0.0,0.0,0.0
Utopia,Agricultural Soil,biofMP,mp1,3.2090147248145615e-10,"(0, 0)",0.0,0.0,0.0,0.0,0.0,0.0,0.0,0.0,0.0,0.0,0.0,0.0,0.0,0.0,0.0,0.0,0.0,0.0,0.0
Utopia,Agricultural Soil,biofMP,mp2,3.2090147248145615e-10,"(0, 0)",0.0,0.0,0.0,0.0,0.0,0.0,0.0,0.0,0.0,0.0,0.0,0.0,0.0,0.0,0.0,0.0,0.0,0.0,0.0
Utopia,Agricultural Soil,biofMP,mp3,3.2090147248145615e-10,"(0, 0)",0.0,0.0,0.0,0.0,0.0,0.0,0.0,0.0,0.0,0.0,0.0,0.0,0.0,0.0,0.0,0.0,0.0,0.0,0.0
Utopia,Agricultural Soil,biofMP,mp4,3.2090147248145615e-10,"(0, 0)",0.0,0.0,0.0,0.0,0.0,0.0,0.0,0.0,0.0,0.0,0.0,0.0,0.0,0.0,0.0,0.0,0.0,0.0,0.0
Utopia,Agricultural Soil,biofMP,mp5,3.2090147248145615e-10,"(0, 0)",0.0,0.0,0.0,0.0,0.0,0.0,0.0,0.0,0.0,0.0,0.0,0.0,0.0,0.0,0.0,0.0,0.0,0.0,0.0
Utopia,Agricultural Soil,heterBiofMP,mp1,8.022536812036404e-11,"(0, 0)",0.0,0.0,0.0,0.0,0.0,0.0,0.0,0.0,0.0,0.0,0.0,0.0,0.0,0.0,0.0,0.0,0.0,0.0,0.0
Utopia,Agricultural Soil,heterBiofMP,mp2,8.022536812036404e-11,"(0, 0)",0.0,0.0,0.0,0.0,0.0,0.0,0.0,0.0,0.0,0.0,0.0,0.0,0.0,0.0,0.0,0.0,0.0,0.0,0.0
Utopia,Agricultural Soil,heterBiofMP,mp3,8.022536812036404e-11,"(0, 0)",0.0,0.0,0.0,0.0,0.0,0.0,0.0,0.0,0.0,0.0,0.0,0.0,0.0,0.0,0.0,0.0,0.0,0.0,0.0
Utopia,Agricultural Soil,heterBiofMP,mp4,8.022536812036404e-11,"(0, 0)",0.0,0.0,0.0,0.0,0.0,0.0,0.0,0.0,0.0,0.0,0.0,0.0,0.0,0.0,0.0,0.0,0.0,0.0,0.0
Utopia,Agricultural Soil,heterBiofMP,mp5,8.022536812036404e-11,"(0, 0)",0.0,0.0,0.0,0.0,0.0,0.0,0.0,0.0,0.0,0.0,0.0,0.0,0.0,0.0,0.0,0.0,0.0,0.0,0.0
Utopia,Air,freeMP,mp1,1.6045073624072808e-09,"(3.1709791983764586e-08, 1000.0)",0.0,0.0,0.0,0.0,0.0,0.0,0.0,0.0,0.0,0.0,0.0,0.0,0.0,0.0,0.0,0.0,0.0,0.0,0.0
Utopia,Air,freeMP,mp2,1.6045073624072808e-09,"(3.1709791983764586e-09, 999.9999999999999)",0.0,0.0,0.0,0.0,0.0,0.0,0.0,0.0,0.0,0.0,0.0,0.0,0.0,0.0,0.0,0.0,0.0,0.0,0.0
Utopia,Air,freeMP,mp3,1.6045073624072808e-09,"(3.170979198376459e-10, 999.9999999999997)",0.0,0.0,0.0,0.0,0.0,0.0,0.0,0.0,0.0,0.0,0.0,0.0,0.0,0.0,0.0,0.0,0.0,0.0,0.0
Utopia,Air,freeMP,mp4,1.6045073624072808e-09,"(3.1709791983764586e-11, 1000.0)",0.0,0.0,0.0,0.0,0.0,0.0,0.0,0.0,0.0,0.0,0.0,0.0,0.0,0.0,0.0,0.0,0.0,0.0,0.0
Utopia,Air,freeMP,mp5,1.6045073624072808e-09,"(3.1709791983764588e-12, 1000.0000000000001)",0.0,0.0,0.0,0.0,0.0,0.0,0.0,0.0,0.0,0.0,0.0,0.0,0.0,0.0,0.0,0.0,0.0,0.0,0.0
Utopia,Air,heterMP,mp1,1.6045073624072808e-10,"(0, 0)",0.0,0.0,0.0,0.0,0.0,0.0,0.0,0.0,0.0,0.0,0.0,0.0,0.0,0.0,0.0,0.0,0.0,0.0,0.0
Utopia,Air,heterMP,mp2,1.6045073624072808e-10,"(0, 0)",0.0,0.0,0.0,0.0,0.0,0.0,0.0,0.0,0.0,0.0,0.0,0.0,0.0,0.0,0.0,0.0,0.0,0.0,0.0
Utopia,Air,heterMP,mp3,1.6045073624072808e-10,"(0, 0)",0.0,0.0,0.0,0.0,0.0,0.0,0.0,0.0,0.0,0.0,0.0,0.0,0.0,0.0,0.0,0.0,0.0,0.0,0.0
Utopia,Air,heterMP,mp4,1.6045073624072808e-10,"(0, 0)",0.0,0.0,0.0,0.0,0.0,0.0,0.0,0.0,0.0,0.0,0.0,0.0,0.0,0.0,0.0,0.0,0.0,0.0,0.0
Utopia,Air,heterMP,mp5,1.6045073624072808e-10,"(0, 0)",0.0,0.0,0.0,0.0,0.0,0.0,0.0,0.0,0.0,0.0,0.0,0.0,0.0,0.0,0.0,0.0,0.0,0.0,0.0
Utopia,Air,biofMP,mp1,3.2090147248145615e-10,"(1.6013444951801118e-08, 1000.0)",0.0,0.0,0.0,0.0,0.0,0.0,0.0,0.0,0.0,0.0,0.0,0.0,0.0,0.0,0.0,0.0,0.0,0.0,0.0
Utopia,Air,biofMP,mp2,3.2090147248145615e-10,"(1.7440385591070522e-09, 1000.0000000000001)",0.0,0.0,0.0,0.0,0.0,0.0,0.0,0.0,0.0,0.0,0.0,0.0,0.0,0.0,0.0,0.0,0.0,0.0,0.0
Utopia,Air,biofMP,mp3,3.2090147248145615e-10,"(3.170979198376459e-10, 999.9999999999997)",0.0,0.0,0.0,0.0,0.0,0.0,0.0,0.0,0.0,0.0,0.0,0.0,0.0,0.0,0.0,0.0,0.0,0.0,0.0
Utopia,Air,biofMP,mp4,3.2090147248145615e-10,"(1.7440385591070525e-10, 1000.0000000000002)",0.0,0.0,0.0,0.0,0.0,0.0,0.0,0.0,0.0,0.0,0.0,0.0,0.0,0.0,0.0,0.0,0.0,0.0,0.0
Utopia,Air,biofMP,mp5,3.2090147248145615e-10,"(1.6013444951801118e-10, 1000.0000000000002)",0.0,0.0,0.0,0.0,0.0,0.0,0.0,0.0,0.0,0.0,0.0,0.0,0.0,0.0,0.0,0.0,0.0,0.0,0.0
Utopia,Air,heterBiofMP,mp1,8.022536812036404e-11,"(0, 0)",0.0,0.0,0.0,0.0,0.0,0.0,0.0,0.0,0.0,0.0,0.0,0.0,0.0,0.0,0.0,0.0,0.0,0.0,0.0
Utopia,Air,heterBiofMP,mp2,8.022536812036404e-11,"(0, 0)",0.0,0.0,0.0,0.0,0.0,0.0,0.0,0.0,0.0,0.0,0.0,0.0,0.0,0.0,0.0,0.0,0.0,0.0,0.0
Utopia,Air,heterBiofMP,mp3,8.022536812036404e-11,"(0, 0)",0.0,0.0,0.0,0.0,0.0,0.0,0.0,0.0,0.0,0.0,0.0,0.0,0.0,0.0,0.0,0.0,0.0,0.0,0.0
Utopia,Air,heterBiofMP,mp4,8.022536812036404e-11,"(0, 0)",0.0,0.0,0.0,0.0,0.0,0.0,0.0,0.0,0.0,0.0,0.0,0.0,0.0,0.0,0.0,0.0,0.0,0.0,0.0
Utopia,Air,heterBiofMP,mp5,8.022536812036404e-11,"(0, 0)",0.0,0.0,0.0,0.0,0.0,0.0,0.0,0.0,0.0,0.0,0.0,0.0,0.0,0.0,0.0,0.0,0.0,0.0,0.0
