Compartment,MP_form,Size_Bin,k_discorporation,k_fragmentation,k_heteroaggregation,k_heteroaggregate_breackup,k_biofouling,k_defouling,k_advective_transport,k_settling,k_rising,k_mixing,k_sea_spray_aerosol,k_sediment_resuspension,k_burial,k_runoff_transport,k_tillage,k_percolation,k_soil_air_resuspension,k_sequestration_deep_soils,k_wind_trasport,k_dry_depossition,k_wet_depossition
Ocean_Surface_Water,freeMP,mp1,1.6045073624072808e-09,"[0.0, 0.0, 0.0, 0.0, 0.0]",8.217077030134274e-07,0.0,1.1574074074074074e-06,0.0,8.546511627906976e-09,0.0,0.0,0.0,2.36e-25,0.0,0.0,0,0.0,0.0,0.0,0.0,0.0,0,0.0
Ocean_Surface_Water,freeMP,mp2,1.6045073624072808e-09,"[1.5854895991882293e-09, 0.0, 0.0, 0.0, 0.0]",5.956415969765581e-06,0.0,1.1574074074074074e-06,0.0,8.546511627906976e-09,0.0,0.0,0.0,2.36e-25,0.0,0.0,0,0.0,0.0,0.0,0.0,0.0,0,0.0
Ocean_Surface_Water,freeMP,mp3,1.6045073624072808e-09,"[7.927447995941148e-09, 7.927447995941148e-09, 0.0, 0.0, 0.0]",0.011545699931377497,0.0,1.1574074074074074e-06,0.0,8.546511627906976e-09,0.0,0.0,0.0,2.36e-25,0.0,0.0,0,0.0,0.0,0.0,0.0,0.0,0,0.0
Ocean_Surface_Water,freeMP,mp4,1.6045073624072808e-09,"[9.512937595129376e-08, 3.170979198376459e-08, 3.170979198376459e-08, 0.0, 0.0]",98.49552681183546,0.0,1.1574074074074074e-06,0.0,8.546511627906976e-09,0.0,0.0,0.0,2.36e-25,0.0,0.0,0,0.0,0.0,0.0,0.0,0.0,0,0.0
Ocean_Surface_Water,freeMP,mp5,1.6045073624072808e-09,"[1.1098427194317607e-06, 2.3782343987823441e-07, 1.5854895991882297e-07, 7.927447995941148e-08, 0.0]",968820.163933009,0.0,1.1574074074074074e-06,0.0,8.546511627906976e-09,0.0,0.0,0.0,2.36e-25,0.0,0.0,0,0.0,0.0,0.0,0.0,0.0,0,0.0
Ocean_Surface_Water,heterMP,mp1,1.6045073624072808e-10,"[0.0, 0.0, 0.0, 0.0, 0.0]",0.0,8.320746267378784e-16,1.1574074074074074e-06,0.0,8.546511627906976e-09,1.0273682694260915e-06,0.0,0.0,2.36e-25,0.0,0.0,0,0.0,0.0,0.0,0.0,0.0,0,0.0
Ocean_Surface_Water,heterMP,mp2,1.6045073624072808e-10,"[1.586017919653587e-11, 0.0, 0.0, 0.0, 0.0]",0.0,5.934800043699979e-15,1.1574074074074074e-06,0.0,8.546511627906976e-09,0.0,0.0,0.0,2.36e-25,0.0,0.0,0,0.0,0.0,0.0,0.0,0.0,0,0.0
Ocean_Surface_Water,heterMP,mp3,1.6045073624072808e-10,"[7.927450638422935e-11, 7.927450638422935e-11, 0.0, 0.0, 0.0]",0.0,1.1545496870588217e-11,1.1574074074074074e-06,0.0,8.546511627906976e-09,0.0,0.0,0.0,2.36e-25,0.0,0.0,0,0.0,0.0,0.0,0.0,0.0,0,0.0
Ocean_Surface_Water,heterMP,mp4,1.6045073624072808e-10,"[9.512937598300358e-10, 3.170979199433453e-10, 3.170979199433453e-10, 0.0, 0.0]",0.0,9.849552480328001e-08,1.1574074074074074e-06,0.0,8.546511627906976e-09,0.0,0.0,0.0,2.36e-25,0.0,0.0,0,0.0,0.0,0.0,0.0,0.0,0,0.0
Ocean_Surface_Water,heterMP,mp5,1.6045073624072808e-10,"[1.1098427194321308e-08, 2.3782343987831376e-09, 1.5854895991887585e-09, 7.927447995943792e-10, 0.0]",0.0,0.0009688201639129474,1.1574074074074074e-06,0.0,8.546511627906976e-09,0.0,0.0,0.0,2.36e-25,0.0,0.0,0,0.0,0.0,0.0,0.0,0.0,0,0.0
Ocean_Surface_Water,biofMP,mp1,3.2090147248145615e-10,"[0.0, 0.0, 0.0, 0.0, 0.0]",0.0003643879853989019,0.0,0.0,0.0,8.546511627906976e-09,0.00022261939888511736,0.0,0.0,2.36e-25,0.0,0.0,0,0.0,0.0,0.0,0.0,0.0,0,0.0
Ocean_Surface_Water,biofMP,mp2,3.2090147248145615e-10,"[2.3782343987823448e-09, 0.0, 0.0, 0.0, 0.0]",0.0013589965180795954,0.0,0.0,0.0,8.546511627906976e-09,0.00043540275501843513,0.0,0.0,2.36e-25,0.0,0.0,0,0.0,0.0,0.0,0.0,0.0,0,0.0
Ocean_Surface_Water,biofMP,mp3,3.2090147248145615e-10,"[4.756468797564689e-09, 4.756468797564689e-09, 0.0, 0.0, 0.0]",0.1165610336498048,0.0,0.0,0.0,8.546511627906976e-09,0.0025256206472757015,0.0,0.0,2.36e-25,0.0,0.0,0,0.0,0.0,0.0,0.0,0.0,0,0.0
Ocean_Surface_Water,biofMP,mp4,3.2090147248145615e-10,"[4.8515981735159826e-08, 1.6171993911719945e-08, 1.6171993911719945e-08, 0.0, 0.0]",106.30919417524349,0.0,0.0,0.0,8.546511627906976e-09,0.0,0.0,0.0,2.36e-25,0.0,0.0,0,0.0,0.0,0.0,0.0,0.0,0,0.0
Ocean_Surface_Water,biofMP,mp5,3.2090147248145615e-10,"[5.560312024353121e-07, 1.1914954337899544e-07, 7.943302891933031e-08, 3.9716514459665155e-08, 0.0]",1850269.279647996,0.0,0.0,0.0,8.546511627906976e-09,0.0,0.0,0.0,2.36e-25,0.0,0.0,0,0.0,0.0,0.0,0.0,0.0,0,0.0
Ocean_Surface_Water,heterBiofMP,mp1,8.022536812036404e-11,"[0.0, 0.0, 0.0, 0.0, 0.0]",0.0,3.6449618096042567e-13,0.0,0.0,8.546511627906976e-09,0.00022267609252562247,0.0,0.0,2.36e-25,0.0,0.0,0,0.0,0.0,0.0,0.0,0.0,0,0.0
Ocean_Surface_Water,heterBiofMP,mp2,8.022536812036404e-11,"[2.3782637593383765e-11, 0.0, 0.0, 0.0, 0.0]",0.0,1.3591450575879609e-12,0.0,0.0,8.546511627906976e-09,0.0004354426749785185,0.0,0.0,2.36e-25,0.0,0.0,0,0.0,0.0,0.0,0.0,0.0,0,0.0
Ocean_Surface_Water,heterBiofMP,mp3,8.022536812036404e-11,"[4.756469715093217e-11, 4.756469715093217e-11, 0.0, 0.0, 0.0]",0.0,1.165615552991495e-10,0.0,0.0,8.546511627906976e-09,0.002525631484010666,0.0,0.0,2.36e-25,0.0,0.0,0,0.0,0.0,0.0,0.0,0.0,0,0.0
Ocean_Surface_Water,heterBiofMP,mp4,8.022536812036404e-11,"[4.851598175039907e-10, 1.617199391679969e-10, 1.617199391679969e-10, 0.0, 0.0]",0.0,1.0630919004439468e-07,0.0,0.0,8.546511627906976e-09,0.0,0.0,0.0,2.36e-25,0.0,0.0,0,0.0,0.0,0.0,0.0,0.0,0,0.0
Ocean_Surface_Water,heterBiofMP,mp5,8.022536812036404e-11,"[5.5603120243549625e-09, 1.1914954337903492e-09, 7.943302891935663e-10, 3.971651445967831e-10, 0.0]",0.0,0.0018502692796077583,0.0,0.0,8.546511627906976e-09,0.0,0.0,0.0,2.36e-25,0.0,0.0,0,0.0,0.0,0.0,0.0,0.0,0,0.0
Ocean_Mixed_Water,freeMP,mp1,1.6045073624072808e-09,"[0.0, 0.0, 0.0, 0.0, 0.0]",8.217077030134274e-07,0.0,3.858024691358025e-07,0.0,4.273255813953488e-09,0.0,6.446896763621471e-11,0.0,0.0,0.0,0.0,0,0.0,0.0,0.0,0.0,0.0,0,0.0
Ocean_Mixed_Water,freeMP,mp2,1.6045073624072808e-09,"[1.5854895991882296e-10, 0.0, 0.0, 0.0, 0.0]",5.956415969765581e-06,0.0,3.858024691358025e-07,0.0,4.273255813953488e-09,0.0,6.4468967636214734e-09,0.0,0.0,0.0,0.0,0,0.0,0.0,0.0,0.0,0.0,0,0.0
Ocean_Mixed_Water,freeMP,mp3,1.6045073624072808e-09,"[7.927447995941146e-10, 7.927447995941146e-10, 0.0, 0.0, 0.0]",0.011545699931377497,0.0,3.858024691358025e-07,0.0,4.273255813953488e-09,0.0,6.446896763621472e-07,0.0,0.0,0.0,0.0,0,0.0,0.0,0.0,0.0,0.0,0,0.0
Ocean_Mixed_Water,freeMP,mp4,1.6045073624072808e-09,"[9.512937595129376e-09, 3.1709791983764586e-09, 3.1709791983764586e-09, 0.0, 0.0]",98.49552681183546,0.0,3.858024691358025e-07,0.0,4.273255813953488e-09,0.0,6.446896763621472e-05,0.0,0.0,0.0,0.0,0,0.0,0.0,0.0,0.0,0.0,0,0.0
Ocean_Mixed_Water,freeMP,mp5,1.6045073624072808e-09,"[1.1098427194317603e-07, 2.3782343987823436e-08, 1.5854895991882293e-08, 7.927447995941146e-09, 0.0]",968820.163933009,0.0,3.858024691358025e-07,0.0,4.273255813953488e-09,0.0,0.006446896763621472,0.0,0.0,0.0,0.0,0,0.0,0.0,0.0,0.0,0.0,0,0.0
Ocean_Mixed_Water,heterMP,mp1,1.6045073624072808e-10,"[0.0, 0.0, 0.0, 0.0, 0.0]",0.0,8.320746267378784e-16,3.858024691358025e-07,0.0,4.273255813953488e-09,1.0273682694260916e-09,0.0,0.0,0.0,0.0,0.0,0,0.0,0.0,0.0,0.0,0.0,0,0.0
Ocean_Mixed_Water,heterMP,mp2,1.6045073624072808e-10,"[1.586017919653587e-12, 0.0, 0.0, 0.0, 0.0]",0.0,5.934800043699979e-15,3.858024691358025e-07,0.0,4.273255813953488e-09,0.0,6.308907307491492e-09,0.0,0.0,0.0,0.0,0,0.0,0.0,0.0,0.0,0.0,0,0.0
Ocean_Mixed_Water,heterMP,mp3,1.6045073624072808e-10,"[7.927450638422937e-12, 7.927450638422937e-12, 0.0, 0.0, 0.0]",0.0,1.1545496870588217e-11,3.858024691358025e-07,0.0,4.273255813953488e-09,0.0,6.446758727515004e-07,0.0,0.0,0.0,0.0,0,0.0,0.0,0.0,0.0,0.0,0,0.0
Ocean_Mixed_Water,heterMP,mp4,1.6045073624072808e-10,"[9.51293759830036e-11, 3.170979199433453e-11, 3.170979199433453e-11, 0.0, 0.0]",0.0,9.849552480328001e-08,3.858024691358025e-07,0.0,4.273255813953488e-09,0.0,6.44689662558534e-05,0.0,0.0,0.0,0.0,0,0.0,0.0,0.0,0.0,0.0,0,0.0
Ocean_Mixed_Water,heterMP,mp5,1.6045073624072808e-10,"[1.1098427194321309e-09, 2.3782343987831375e-10, 1.5854895991887587e-10, 7.927447995943793e-11, 0.0]",0.0,0.0009688201639129474,3.858024691358025e-07,0.0,4.273255813953488e-09,0.0,0.006446896763483442,0.0,0.0,0.0,0.0,0,0.0,0.0,0.0,0.0,0.0,0,0.0
Ocean_Mixed_Water,biofMP,mp1,3.2090147248145615e-10,"[0.0, 0.0, 0.0, 0.0, 0.0]",0.0003643879853989019,0.0,0.0,0.0,4.273255813953488e-09,2.2261939888511738e-07,0.0,0.0,0.0,0.0,0.0,0,0.0,0.0,0.0,0.0,0.0,0,0.0
Ocean_Mixed_Water,biofMP,mp2,3.2090147248145615e-10,"[2.378234398782344e-10, 0.0, 0.0, 0.0, 0.0]",0.0013589965180795954,0.0,0.0,0.0,4.273255813953488e-09,4.354027550184351e-07,0.0,0.0,0.0,0.0,0.0,0,0.0,0.0,0.0,0.0,0.0,0,0.0
Ocean_Mixed_Water,biofMP,mp3,3.2090147248145615e-10,"[4.756468797564688e-10, 4.756468797564688e-10, 0.0, 0.0, 0.0]",0.1165610336498048,0.0,0.0,0.0,4.273255813953488e-09,2.5256206472757017e-06,0.0,0.0,0.0,0.0,0.0,0,0.0,0.0,0.0,0.0,0.0,0,0.0
Ocean_Mixed_Water,biofMP,mp4,3.2090147248145615e-10,"[4.851598173515982e-09, 1.6171993911719939e-09, 1.6171993911719939e-09, 0.0, 0.0]",106.30919417524349,0.0,0.0,0.0,4.273255813953488e-09,0.0,3.290886829168358e-05,0.0,0.0,0.0,0.0,0,0.0,0.0,0.0,0.0,0.0,0,0.0
Ocean_Mixed_Water,biofMP,mp5,3.2090147248145615e-10,"[5.56031202435312e-08, 1.1914954337899544e-08, 7.94330289193303e-09, 3.971651445966515e-09, 0.0]",1850269.279647996,0.0,0.0,0.0,4.273255813953488e-09,0.0,0.006131107881163131,0.0,0.0,0.0,0.0,0,0.0,0.0,0.0,0.0,0.0,0,0.0
Ocean_Mixed_Water,heterBiofMP,mp1,8.022536812036404e-11,"[0.0, 0.0, 0.0, 0.0, 0.0]",0.0,3.6449618096042567e-13,0.0,0.0,4.273255813953488e-09,2.2267609252562247e-07,0.0,0.0,0.0,0.0,0.0,0,0.0,0.0,0.0,0.0,0.0,0,0.0
Ocean_Mixed_Water,heterBiofMP,mp2,8.022536812036404e-11,"[2.3782637593383765e-12, 0.0, 0.0, 0.0, 0.0]",0.0,1.3591450575879609e-12,0.0,0.0,4.273255813953488e-09,4.3544267497851856e-07,0.0,0.0,0.0,0.0,0.0,0,0.0,0.0,0.0,0.0,0.0,0,0.0
Ocean_Mixed_Water,heterBiofMP,mp3,8.022536812036404e-11,"[4.7564697150932165e-12, 4.7564697150932165e-12, 0.0, 0.0, 0.0]",0.0,1.165615552991495e-10,0.0,0.0,4.273255813953488e-09,2.5256314840106666e-06,0.0,0.0,0.0,0.0,0.0,0,0.0,0.0,0.0,0.0,0.0,0,0.0
Ocean_Mixed_Water,heterBiofMP,mp4,8.022536812036404e-11,"[4.851598175039907e-11, 1.617199391679969e-11, 1.617199391679969e-11, 0.0, 0.0]",0.0,1.0630919004439468e-07,0.0,0.0,4.273255813953488e-09,0.0,3.2908866949119506e-05,0.0,0.0,0.0,0.0,0,0.0,0.0,0.0,0.0,0.0,0,0.0
Ocean_Mixed_Water,heterBiofMP,mp5,8.022536812036404e-11,"[5.560312024354964e-10, 1.1914954337903494e-10, 7.943302891935664e-11, 3.971651445967832e-11, 0.0]",0.0,0.0018502692796077583,0.0,0.0,4.273255813953488e-09,0.0,0.006131107881025491,0.0,0.0,0.0,0.0,0,0.0,0.0,0.0,0.0,0.0,0,0.0
Ocean_Column_Water,freeMP,mp1,1.6045073624072808e-09,"[0.0, 0.0, 0.0, 0.0, 0.0]",8.217077030134274e-07,0.0,3.858024691358025e-08,0.0,1.4271844660194176e-10,0.0,2.148965587873824e-12,0.0,0.0,0.0,0.0,0,0.0,0.0,0.0,0.0,0.0,0,0.0
Ocean_Column_Water,freeMP,mp2,1.6045073624072808e-09,"[1.5854895991882296e-10, 0.0, 0.0, 0.0, 0.0]",5.956415969765581e-06,0.0,3.858024691358025e-08,0.0,1.4271844660194176e-10,0.0,2.1489655878738244e-10,0.0,0.0,0.0,0.0,0,0.0,0.0,0.0,0.0,0.0,0,0.0
Ocean_Column_Water,freeMP,mp3,1.6045073624072808e-09,"[7.927447995941146e-10, 7.927447995941146e-10, 0.0, 0.0, 0.0]",0.011545699931377497,0.0,3.858024691358025e-08,0.0,1.4271844660194176e-10,0.0,2.148965587873824e-08,0.0,0.0,0.0,0.0,0,0.0,0.0,0.0,0.0,0.0,0,0.0
Ocean_Column_Water,freeMP,mp4,1.6045073624072808e-09,"[9.512937595129376e-09, 3.1709791983764586e-09, 3.1709791983764586e-09, 0.0, 0.0]",98.49552681183546,0.0,3.858024691358025e-08,0.0,1.4271844660194176e-10,0.0,2.1489655878738236e-06,0.0,0.0,0.0,0.0,0,0.0,0.0,0.0,0.0,0.0,0,0.0
Ocean_Column_Water,freeMP,mp5,1.6045073624072808e-09,"[1.1098427194317603e-07, 2.3782343987823436e-08, 1.5854895991882293e-08, 7.927447995941146e-09, 0.0]",968820.163933009,0.0,3.858024691358025e-08,0.0,1.4271844660194176e-10,0.0,0.00021489655878738242,0.0,0.0,0.0,0.0,0,0.0,0.0,0.0,0.0,0.0,0,0.0
Ocean_Column_Water,heterMP,mp1,1.6045073624072808e-10,"[0.0, 0.0, 0.0, 0.0, 0.0]",0.0,8.320746267378784e-16,3.858024691358025e-08,0.0,1.4271844660194176e-10,3.424560898086972e-11,0.0,0.0,0.0,0.0,0.0,0,0.0,0.0,0.0,0.0,0.0,0,0.0
Ocean_Column_Water,heterMP,mp2,1.6045073624072808e-10,"[1.586017919653587e-12, 0.0, 0.0, 0.0, 0.0]",0.0,5.934800043699979e-15,3.858024691358025e-08,0.0,1.4271844660194176e-10,0.0,2.102969102497164e-10,0.0,0.0,0.0,0.0,0,0.0,0.0,0.0,0.0,0.0,0,0.0
Ocean_Column_Water,heterMP,mp3,1.6045073624072808e-10,"[7.927450638422937e-12, 7.927450638422937e-12, 0.0, 0.0, 0.0]",0.0,1.1545496870588217e-11,3.858024691358025e-08,0.0,1.4271844660194176e-10,0.0,2.1489195758383347e-08,0.0,0.0,0.0,0.0,0,0.0,0.0,0.0,0.0,0.0,0,0.0
Ocean_Column_Water,heterMP,mp4,1.6045073624072808e-10,"[9.51293759830036e-11, 3.170979199433453e-11, 3.170979199433453e-11, 0.0, 0.0]",0.0,9.849552480328001e-08,3.858024691358025e-08,0.0,1.4271844660194176e-10,0.0,2.14896554186178e-06,0.0,0.0,0.0,0.0,0,0.0,0.0,0.0,0.0,0.0,0,0.0
Ocean_Column_Water,heterMP,mp5,1.6045073624072808e-10,"[1.1098427194321309e-09, 2.3782343987831375e-10, 1.5854895991887587e-10, 7.927447995943793e-11, 0.0]",0.0,0.0009688201639129474,3.858024691358025e-08,0.0,1.4271844660194176e-10,0.0,0.0002148965587827814,0.0,0.0,0.0,0.0,0,0.0,0.0,0.0,0.0,0.0,0,0.0
Ocean_Column_Water,biofMP,mp1,3.2090147248145615e-10,"[0.0, 0.0, 0.0, 0.0, 0.0]",0.0003643879853989019,0.0,0.0,0.0,1.4271844660194176e-10,7.4206466295039126e-09,0.0,0.0,0.0,0.0,0.0,0,0.0,0.0,0.0,0.0,0.0,0,0.0
Ocean_Column_Water,biofMP,mp2,3.2090147248145615e-10,"[2.378234398782344e-10, 0.0, 0.0, 0.0, 0.0]",0.0013589965180795954,0.0,0.0,0.0,1.4271844660194176e-10,1.4513425167281171e-08,0.0,0.0,0.0,0.0,0.0,0,0.0,0.0,0.0,0.0,0.0,0,0.0
Ocean_Column_Water,biofMP,mp3,3.2090147248145615e-10,"[4.756468797564688e-10, 4.756468797564688e-10, 0.0, 0.0, 0.0]",0.1165610336498048,0.0,0.0,0.0,1.4271844660194176e-10,8.418735490919005e-08,0.0,0.0,0.0,0.0,0.0,0,0.0,0.0,0.0,0.0,0.0,0,0.0
Ocean_Column_Water,biofMP,mp4,3.2090147248145615e-10,"[4.851598173515982e-09, 1.6171993911719939e-09, 1.6171993911719939e-09, 0.0, 0.0]",106.30919417524349,0.0,0.0,0.0,1.4271844660194176e-10,0.0,1.0969622763894526e-06,0.0,0.0,0.0,0.0,0,0.0,0.0,0.0,0.0,0.0,0,0.0
Ocean_Column_Water,biofMP,mp5,3.2090147248145615e-10,"[5.56031202435312e-08, 1.1914954337899544e-08, 7.94330289193303e-09, 3.971651445966515e-09, 0.0]",1850269.279647996,0.0,0.0,0.0,1.4271844660194176e-10,0.0,0.00020437026270543772,0.0,0.0,0.0,0.0,0,0.0,0.0,0.0,0.0,0.0,0,0.0
Ocean_Column_Water,heterBiofMP,mp1,8.022536812036404e-11,"[0.0, 0.0, 0.0, 0.0, 0.0]",0.0,3.6449618096042567e-13,0.0,0.0,1.4271844660194176e-10,7.422536417520749e-09,0.0,0.0,0.0,0.0,0.0,0,0.0,0.0,0.0,0.0,0.0,0,0.0
Ocean_Column_Water,heterBiofMP,mp2,8.022536812036404e-11,"[2.3782637593383765e-12, 0.0, 0.0, 0.0, 0.0]",0.0,1.3591450575879609e-12,0.0,0.0,1.4271844660194176e-10,1.4514755832617285e-08,0.0,0.0,0.0,0.0,0.0,0,0.0,0.0,0.0,0.0,0.0,0,0.0
Ocean_Column_Water,heterBiofMP,mp3,8.022536812036404e-11,"[4.7564697150932165e-12, 4.7564697150932165e-12, 0.0, 0.0, 0.0]",0.0,1.165615552991495e-10,0.0,0.0,1.4271844660194176e-10,8.418771613368888e-08,0.0,0.0,0.0,0.0,0.0,0,0.0,0.0,0.0,0.0,0.0,0,0.0
Ocean_Column_Water,heterBiofMP,mp4,8.022536812036404e-11,"[4.851598175039907e-11, 1.617199391679969e-11, 1.617199391679969e-11, 0.0, 0.0]",0.0,1.0630919004439468e-07,0.0,0.0,1.4271844660194176e-10,0.0,1.0969622316373168e-06,0.0,0.0,0.0,0.0,0,0.0,0.0,0.0,0.0,0.0,0,0.0
Ocean_Column_Water,heterBiofMP,mp5,8.022536812036404e-11,"[5.560312024354964e-10, 1.1914954337903494e-10, 7.943302891935664e-11, 3.971651445967832e-11, 0.0]",0.0,0.0018502692796077583,0.0,0.0,1.4271844660194176e-10,0.0,0.00020437026270084968,0.0,0.0,0.0,0.0,0,0.0,0.0,0.0,0.0,0.0,0,0.0
Coast_Surface_Water,freeMP,mp1,1.6045073624072808e-09,"[0.0, 0.0, 0.0, 0.0, 0.0]",6.554094834277143e-06,0.0,1.1574074074074074e-06,0.0,3.3295583238958095e-07,0.0,0.0,0.0,2.36e-25,0.0,0.0,0,0.0,0.0,0.0,0.0,0.0,0,0.0
Coast_Surface_Water,freeMP,mp2,1.6045073624072808e-09,"[1.5854895991882293e-09, 0.0, 0.0, 0.0, 0.0]",0.00017515110621920614,0.0,1.1574074074074074e-06,0.0,3.3295583238958095e-07,0.0,0.0,0.0,2.36e-25,0.0,0.0,0,0.0,0.0,0.0,0.0,0.0,0,0.0
Coast_Surface_Water,freeMP,mp3,1.6045073624072808e-09,"[7.927447995941148e-09, 7.927447995941148e-09, 0.0, 0.0, 0.0]",0.18412572264383192,0.0,1.1574074074074074e-06,0.0,3.3295583238958095e-07,0.0,0.0,0.0,2.36e-25,0.0,0.0,0,0.0,0.0,0.0,0.0,0.0,0,0.0
Coast_Surface_Water,freeMP,mp4,1.6045073624072808e-09,"[9.512937595129376e-08, 3.170979198376459e-08, 3.170979198376459e-08, 0.0, 0.0]",790.037405576296,0.0,1.1574074074074074e-06,0.0,3.3295583238958095e-07,0.0,0.0,0.0,2.36e-25,0.0,0.0,0,0.0,0.0,0.0,0.0,0.0,0,0.0
Coast_Surface_Water,freeMP,mp5,1.6045073624072808e-09,"[1.1098427194317607e-06, 2.3782343987823441e-07, 1.5854895991882297e-07, 7.927447995941148e-08, 0.0]",6882038.844971331,0.0,1.1574074074074074e-06,0.0,3.3295583238958095e-07,0.0,0.0,0.0,2.36e-25,0.0,0.0,0,0.0,0.0,0.0,0.0,0.0,0,0.0
Coast_Surface_Water,heterMP,mp1,1.6045073624072808e-10,"[0.0, 0.0, 0.0, 0.0, 0.0]",0.0,6.9818078112019654e-15,1.1574074074074074e-06,0.0,3.3295583238958095e-07,1.0273682694260915e-06,0.0,0.0,2.36e-25,0.0,0.0,0,0.0,0.0,0.0,0.0,0.0,0,0.0
Coast_Surface_Water,heterMP,mp2,1.6045073624072808e-10,"[1.586017919653587e-11, 0.0, 0.0, 0.0, 0.0]",0.0,1.7512111487505713e-13,1.1574074074074074e-06,0.0,3.3295583238958095e-07,0.0,0.0,0.0,2.36e-25,0.0,0.0,0,0.0,0.0,0.0,0.0,0.0,0,0.0
Coast_Surface_Water,heterMP,mp3,1.6045073624072808e-10,"[7.927450638422935e-11, 7.927450638422935e-11, 0.0, 0.0, 0.0]",0.0,1.8412440350130004e-10,1.1574074074074074e-06,0.0,3.3295583238958095e-07,0.0,0.0,0.0,2.36e-25,0.0,0.0,0,0.0,0.0,0.0,0.0,0.0,0,0.0
Coast_Surface_Water,heterMP,mp4,1.6045073624072808e-10,"[9.512937598300358e-10, 3.170979199433453e-10, 3.170979199433453e-10, 0.0, 0.0]",0.0,7.900373916168764e-07,1.1574074074074074e-06,0.0,3.3295583238958095e-07,0.0,0.0,0.0,2.36e-25,0.0,0.0,0,0.0,0.0,0.0,0.0,0.0,0,0.0
Coast_Surface_Water,heterMP,mp5,1.6045073624072808e-10,"[1.1098427194321308e-08, 2.3782343987831376e-09, 1.5854895991887585e-09, 7.927447995943792e-10, 0.0]",0.0,0.006882038844831001,1.1574074074074074e-06,0.0,3.3295583238958095e-07,0.0,0.0,0.0,2.36e-25,0.0,0.0,0,0.0,0.0,0.0,0.0,0.0,0,0.0
Coast_Surface_Water,biofMP,mp1,3.2090147248145615e-10,"[0.0, 0.0, 0.0, 0.0, 0.0]",0.004686015008685867,0.0,0.0,0.0,3.3295583238958095e-07,0.00022261939888511736,0.0,0.0,2.36e-25,0.0,0.0,0,0.0,0.0,0.0,0.0,0.0,0,0.0
Coast_Surface_Water,biofMP,mp2,3.2090147248145615e-10,"[2.3782343987823448e-09, 0.0, 0.0, 0.0, 0.0]",0.015487120612716994,0.0,0.0,0.0,3.3295583238958095e-07,0.00043540275501843513,0.0,0.0,2.36e-25,0.0,0.0,0,0.0,0.0,0.0,0.0,0.0,0,0.0
Coast_Surface_Water,biofMP,mp3,3.2090147248145615e-10,"[4.756468797564689e-09, 4.756468797564689e-09, 0.0, 0.0, 0.0]",1.1711876251235485,0.0,0.0,0.0,3.3295583238958095e-07,0.0025256206472757015,0.0,0.0,2.36e-25,0.0,0.0,0,0.0,0.0,0.0,0.0,0.0,0,0.0
Coast_Surface_Water,biofMP,mp4,3.2090147248145615e-10,"[4.8515981735159826e-08, 1.6171993911719945e-08, 1.6171993911719945e-08, 0.0, 0.0]",957.600472168912,0.0,0.0,0.0,3.3295583238958095e-07,0.0,0.0,0.0,2.36e-25,0.0,0.0,0,0.0,0.0,0.0,0.0,0.0,0,0.0
Coast_Surface_Water,biofMP,mp5,3.2090147248145615e-10,"[5.560312024353121e-07, 1.1914954337899544e-07, 7.943302891933031e-08, 3.9716514459665155e-08, 0.0]",13153686.212708253,0.0,0.0,0.0,3.3295583238958095e-07,0.0,0.0,0.0,2.36e-25,0.0,0.0,0,0.0,0.0,0.0,0.0,0.0,0,0.0
Coast_Surface_Water,heterBiofMP,mp1,8.022536812036404e-11,"[0.0, 0.0, 0.0, 0.0, 0.0]",0.0,4.686992465806354e-12,0.0,0.0,3.3295583238958095e-07,0.00022267609252562247,0.0,0.0,2.36e-25,0.0,0.0,0,0.0,0.0,0.0,0.0,0.0,0,0.0
Coast_Surface_Water,heterBiofMP,mp2,8.022536812036404e-11,"[2.3782637593383765e-11, 0.0, 0.0, 0.0, 0.0]",0.0,1.548837451625073e-11,0.0,0.0,3.3295583238958095e-07,0.0004354426749785185,0.0,0.0,2.36e-25,0.0,0.0,0,0.0,0.0,0.0,0.0,0.0,0,0.0
Coast_Surface_Water,heterBiofMP,mp3,8.022536812036404e-11,"[4.756469715093217e-11, 4.756469715093217e-11, 0.0, 0.0, 0.0]",0.0,1.17119148056037e-09,0.0,0.0,3.3295583238958095e-07,0.002525631484010666,0.0,0.0,2.36e-25,0.0,0.0,0,0.0,0.0,0.0,0.0,0.0,0,0.0
Coast_Surface_Water,heterBiofMP,mp4,8.022536812036404e-11,"[4.851598175039907e-10, 1.617199391679969e-10, 1.617199391679969e-10, 0.0, 0.0]",0.0,9.57600443453899e-07,0.0,0.0,3.3295583238958095e-07,0.0,0.0,0.0,2.36e-25,0.0,0.0,0,0.0,0.0,0.0,0.0,0.0,0,0.0
Coast_Surface_Water,heterBiofMP,mp5,8.022536812036404e-11,"[5.5603120243549625e-09, 1.1914954337903492e-09, 7.943302891935663e-10, 3.971651445967831e-10, 0.0]",0.0,0.01315368621242679,0.0,0.0,3.3295583238958095e-07,0.0,0.0,0.0,2.36e-25,0.0,0.0,0,0.0,0.0,0.0,0.0,0.0,0,0.0
Coast_Column_Water,freeMP,mp1,1.6045073624072808e-09,"[0.0, 0.0, 0.0, 0.0, 0.0]",5.751953921093992e-06,0.0,3.858024691358025e-07,0.0,3.3257918552036197e-07,0.0,1.2893793527242943e-10,0.0,0.0,0.0,0.0,0,0.0,0.0,0.0,0.0,0.0,0,0.0
Coast_Column_Water,freeMP,mp2,1.6045073624072808e-09,"[1.5854895991882296e-10, 0.0, 0.0, 0.0, 0.0]",4.169491178835907e-05,0.0,3.858024691358025e-07,0.0,3.3257918552036197e-07,0.0,1.2893793527242947e-08,0.0,0.0,0.0,0.0,0,0.0,0.0,0.0,0.0,0.0,0,0.0
Coast_Column_Water,freeMP,mp3,1.6045073624072808e-09,"[7.927447995941146e-10, 7.927447995941146e-10, 0.0, 0.0, 0.0]",0.0808198995196425,0.0,3.858024691358025e-07,0.0,3.3257918552036197e-07,0.0,1.2893793527242944e-06,0.0,0.0,0.0,0.0,0,0.0,0.0,0.0,0.0,0.0,0,0.0
Coast_Column_Water,freeMP,mp4,1.6045073624072808e-09,"[9.512937595129376e-09, 3.1709791983764586e-09, 3.1709791983764586e-09, 0.0, 0.0]",689.4686876828483,0.0,3.858024691358025e-07,0.0,3.3257918552036197e-07,0.0,0.00012893793527242944,0.0,0.0,0.0,0.0,0,0.0,0.0,0.0,0.0,0.0,0,0.0
Coast_Column_Water,freeMP,mp5,1.6045073624072808e-09,"[1.1098427194317603e-07, 2.3782343987823436e-08, 1.5854895991882293e-08, 7.927447995941146e-09, 0.0]",6781741.147531064,0.0,3.858024691358025e-07,0.0,3.3257918552036197e-07,0.0,0.012893793527242944,0.0,0.0,0.0,0.0,0,0.0,0.0,0.0,0.0,0.0,0,0.0
Coast_Column_Water,heterMP,mp1,1.6045073624072808e-10,"[0.0, 0.0, 0.0, 0.0, 0.0]",0.0,5.82452238716515e-15,3.858024691358025e-07,0.0,3.3257918552036197e-07,2.0547365388521833e-09,0.0,0.0,0.0,0.0,0.0,0,0.0,0.0,0.0,0.0,0.0,0,0.0
Coast_Column_Water,heterMP,mp2,1.6045073624072808e-10,"[1.586017919653587e-12, 0.0, 0.0, 0.0, 0.0]",0.0,4.1543600305899857e-14,3.858024691358025e-07,0.0,3.3257918552036197e-07,0.0,1.2617814614982984e-08,0.0,0.0,0.0,0.0,0,0.0,0.0,0.0,0.0,0.0,0,0.0
Coast_Column_Water,heterMP,mp3,1.6045073624072808e-10,"[7.927450638422937e-12, 7.927450638422937e-12, 0.0, 0.0, 0.0]",0.0,8.081847809411754e-11,3.858024691358025e-07,0.0,3.3257918552036197e-07,0.0,1.2893517455030008e-06,0.0,0.0,0.0,0.0,0,0.0,0.0,0.0,0.0,0.0,0,0.0
Coast_Column_Water,heterMP,mp4,1.6045073624072808e-10,"[9.51293759830036e-11, 3.170979199433453e-11, 3.170979199433453e-11, 0.0, 0.0]",0.0,6.894686736229602e-07,3.858024691358025e-07,0.0,3.3257918552036197e-07,0.0,0.0001289379325117068,0.0,0.0,0.0,0.0,0,0.0,0.0,0.0,0.0,0.0,0,0.0
Coast_Column_Water,heterMP,mp5,1.6045073624072808e-10,"[1.1098427194321309e-09, 2.3782343987831375e-10, 1.5854895991887587e-10, 7.927447995943793e-11, 0.0]",0.0,0.006781741147390633,3.858024691358025e-07,0.0,3.3257918552036197e-07,0.0,0.012893793526966884,0.0,0.0,0.0,0.0,0,0.0,0.0,0.0,0.0,0.0,0,0.0
Coast_Column_Water,biofMP,mp1,3.2090147248145615e-10,"[0.0, 0.0, 0.0, 0.0, 0.0]",0.002550715897792314,0.0,0.0,0.0,3.3257918552036197e-07,4.4523879777023476e-07,0.0,0.0,0.0,0.0,0.0,0,0.0,0.0,0.0,0.0,0.0,0,0.0
Coast_Column_Water,biofMP,mp2,3.2090147248145615e-10,"[2.378234398782344e-10, 0.0, 0.0, 0.0, 0.0]",0.00951297562655717,0.0,0.0,0.0,3.3257918552036197e-07,8.708055100368703e-07,0.0,0.0,0.0,0.0,0.0,0,0.0,0.0,0.0,0.0,0.0,0,0.0
Coast_Column_Water,biofMP,mp3,3.2090147248145615e-10,"[4.756468797564688e-10, 4.756468797564688e-10, 0.0, 0.0, 0.0]",0.8159272355486337,0.0,0.0,0.0,3.3257918552036197e-07,5.051241294551403e-06,0.0,0.0,0.0,0.0,0.0,0,0.0,0.0,0.0,0.0,0.0,0,0.0
Coast_Column_Water,biofMP,mp4,3.2090147248145615e-10,"[4.851598173515982e-09, 1.6171993911719939e-09, 1.6171993911719939e-09, 0.0, 0.0]",744.1643592267046,0.0,0.0,0.0,3.3257918552036197e-07,0.0,6.581773658336716e-05,0.0,0.0,0.0,0.0,0,0.0,0.0,0.0,0.0,0.0,0,0.0
Coast_Column_Water,biofMP,mp5,3.2090147248145615e-10,"[5.56031202435312e-08, 1.1914954337899544e-08, 7.94330289193303e-09, 3.971651445966515e-09, 0.0]",12951884.957535975,0.0,0.0,0.0,3.3257918552036197e-07,0.0,0.012262215762326263,0.0,0.0,0.0,0.0,0,0.0,0.0,0.0,0.0,0.0,0,0.0
Coast_Column_Water,heterBiofMP,mp1,8.022536812036404e-11,"[0.0, 0.0, 0.0, 0.0, 0.0]",0.0,2.55147326672298e-12,0.0,0.0,3.3257918552036197e-07,4.4535218505124495e-07,0.0,0.0,0.0,0.0,0.0,0,0.0,0.0,0.0,0.0,0.0,0,0.0
Coast_Column_Water,heterBiofMP,mp2,8.022536812036404e-11,"[2.3782637593383765e-12, 0.0, 0.0, 0.0, 0.0]",0.0,9.514015403115729e-12,0.0,0.0,3.3257918552036197e-07,8.708853499570371e-07,0.0,0.0,0.0,0.0,0.0,0,0.0,0.0,0.0,0.0,0.0,0,0.0
Coast_Column_Water,heterBiofMP,mp3,8.022536812036404e-11,"[4.7564697150932165e-12, 4.7564697150932165e-12, 0.0, 0.0, 0.0]",0.0,8.159308870940465e-10,0.0,0.0,3.3257918552036197e-07,5.051262968021333e-06,0.0,0.0,0.0,0.0,0.0,0,0.0,0.0,0.0,0.0,0.0,0,0.0
Coast_Column_Water,heterBiofMP,mp4,8.022536812036404e-11,"[4.851598175039907e-11, 1.617199391679969e-11, 1.617199391679969e-11, 0.0, 0.0]",0.0,7.441643303107628e-07,0.0,0.0,3.3257918552036197e-07,0.0,6.581773389823901e-05,0.0,0.0,0.0,0.0,0,0.0,0.0,0.0,0.0,0.0,0,0.0
Coast_Column_Water,heterBiofMP,mp5,8.022536812036404e-11,"[5.560312024354964e-10, 1.1914954337903494e-10, 7.943302891935664e-11, 3.971651445967832e-11, 0.0]",0.0,0.01295188495725431,0.0,0.0,3.3257918552036197e-07,0.0,0.012262215762050981,0.0,0.0,0.0,0.0,0,0.0,0.0,0.0,0.0,0.0,0,0.0
Surface_Freshwater,freeMP,mp1,1.6045073624072808e-09,"[0.0, 0.0, 0.0, 0.0, 0.0]",2.8088977861187754e-05,0.0,1.1574074074074074e-06,0.0,1.4033149171270719e-06,0.0,0.0,0.0,0.0,0.0,0.0,0,0.0,0.0,0.0,0.0,0.0,0,0.0
Surface_Freshwater,freeMP,mp2,1.6045073624072808e-09,"[1.5854895991882293e-09, 0.0, 0.0, 0.0, 0.0]",0.0007294351434146552,0.0,1.1574074074074074e-06,0.0,1.4033149171270719e-06,0.0,0.0,0.0,0.0,0.0,0.0,0,0.0,0.0,0.0,0.0,0.0,0,0.0
Surface_Freshwater,freeMP,mp3,1.6045073624072808e-09,"[7.927447995941148e-09, 7.927447995941148e-09, 0.0, 0.0, 0.0]",0.6084886427406376,0.0,1.1574074074074074e-06,0.0,1.4033149171270719e-06,0.0,0.0,0.0,0.0,0.0,0.0,0,0.0,0.0,0.0,0.0,0.0,0,0.0
Surface_Freshwater,freeMP,mp4,1.6045073624072808e-09,"[9.512937595129376e-08, 3.170979198376459e-08, 3.170979198376459e-08, 0.0, 0.0]",1611.5295302509394,0.0,1.1574074074074074e-06,0.0,1.4033149171270719e-06,0.0,0.0,0.0,0.0,0.0,0.0,0,0.0,0.0,0.0,0.0,0.0,0,0.0
Surface_Freshwater,freeMP,mp5,1.6045073624072808e-09,"[1.1098427194317607e-06, 2.3782343987823441e-07, 1.5854895991882297e-07, 7.927447995941148e-08, 0.0]",11782875.968886008,0.0,1.1574074074074074e-06,0.0,1.4033149171270719e-06,0.0,0.0,0.0,0.0,0.0,0.0,0,0.0,0.0,0.0,0.0,0.0,0,0.0
Surface_Freshwater,heterMP,mp1,1.6045073624072808e-10,"[0.0, 0.0, 0.0, 0.0, 0.0]",0.0,2.991672106619476e-14,1.1574074074074074e-06,0.0,1.4033149171270719e-06,1.0898343867133186e-06,0.0,0.0,0.0,0.0,0.0,0,0.0,0.0,0.0,0.0,0.0,0,0.0
Surface_Freshwater,heterMP,mp2,1.6045073624072808e-10,"[1.586017919653587e-11, 0.0, 0.0, 0.0, 0.0]",0.0,7.292794646300207e-13,1.1574074074074074e-06,0.0,1.4033149171270719e-06,0.0,0.0,0.0,0.0,0.0,0.0,0,0.0,0.0,0.0,0.0,0.0,0,0.0
Surface_Freshwater,heterMP,mp3,1.6045073624072808e-10,"[7.927450638422935e-11, 7.927450638422935e-11, 0.0, 0.0, 0.0]",0.0,6.084827496239868e-10,1.1574074074074074e-06,0.0,1.4033149171270719e-06,0.0,0.0,0.0,0.0,0.0,0.0,0,0.0,0.0,0.0,0.0,0.0,0,0.0
Surface_Freshwater,heterMP,mp4,1.6045073624072808e-10,"[9.512937598300358e-10, 3.170979199433453e-10, 3.170979199433453e-10, 0.0, 0.0]",0.0,1.6115294680602388e-06,1.1574074074074074e-06,0.0,1.4033149171270719e-06,0.0,0.0,0.0,0.0,0.0,0.0,0,0.0,0.0,0.0,0.0,0.0,0,0.0
Surface_Freshwater,heterMP,mp5,1.6045073624072808e-10,"[1.1098427194321308e-08, 2.3782343987831376e-09, 1.5854895991887585e-09, 7.927447995943792e-10, 0.0]",0.0,0.011782875968260949,1.1574074074074074e-06,0.0,1.4033149171270719e-06,0.0,0.0,0.0,0.0,0.0,0.0,0,0.0,0.0,0.0,0.0,0.0,0,0.0
Surface_Freshwater,biofMP,mp1,3.2090147248145615e-10,"[0.0, 0.0, 0.0, 0.0, 0.0]",0.020837142076202148,0.0,0.0,0.0,1.4033149171270719e-06,0.00023997327280973846,0.0,0.0,0.0,0.0,0.0,0,0.0,0.0,0.0,0.0,0.0,0,0.0
Surface_Freshwater,biofMP,mp2,3.2090147248145615e-10,"[2.3782343987823448e-09, 0.0, 0.0, 0.0, 0.0]",0.0694331063982898,0.0,0.0,0.0,1.4033149171270719e-06,0.00047081882425235573,0.0,0.0,0.0,0.0,0.0,0,0.0,0.0,0.0,0.0,0.0,0,0.0
Surface_Freshwater,biofMP,mp3,3.2090147248145615e-10,"[4.756468797564689e-09, 4.756468797564689e-09, 0.0, 0.0, 0.0]",5.76600208787833,0.0,0.0,0.0,1.4033149171270719e-06,0.00309227775501843,0.0,0.0,0.0,0.0,0.0,0,0.0,0.0,0.0,0.0,0.0,0,0.0
Surface_Freshwater,biofMP,mp4,3.2090147248145615e-10,"[4.8515981735159826e-08, 1.6171993911719945e-08, 1.6171993911719945e-08, 0.0, 0.0]",1769.8133908812385,0.0,0.0,0.0,1.4033149171270719e-06,0.008032107742728615,0.0,0.0,0.0,0.0,0.0,0,0.0,0.0,0.0,0.0,0.0,0,0.0
Surface_Freshwater,biofMP,mp5,3.2090147248145615e-10,"[5.560312024353121e-07, 1.1914954337899544e-07, 7.943302891933031e-08, 3.9716514459665155e-08, 0.0]",20665566.206158254,0.0,0.0,0.0,1.4033149171270719e-06,0.0,0.0,0.0,0.0,0.0,0.0,0,0.0,0.0,0.0,0.0,0.0,0,0.0
Surface_Freshwater,heterBiofMP,mp1,8.022536812036404e-11,"[0.0, 0.0, 0.0, 0.0, 0.0]",0.0,2.0841437422785674e-11,0.0,0.0,1.4033149171270719e-06,0.0002400312156718272,0.0,0.0,0.0,0.0,0.0,0,0.0,0.0,0.0,0.0,0.0,0,0.0
Surface_Freshwater,heterBiofMP,mp2,8.022536812036404e-11,"[2.3782637593383765e-11, 0.0, 0.0, 0.0, 0.0]",0.0,6.94386290163191e-11,0.0,0.0,1.4033149171270719e-06,0.00047085961867788644,0.0,0.0,0.0,0.0,0.0,0,0.0,0.0,0.0,0.0,0.0,0,0.0
Surface_Freshwater,heterBiofMP,mp3,8.022536812036404e-11,"[4.756469715093217e-11, 4.756469715093217e-11, 0.0, 0.0, 0.0]",0.0,5.766019184919207e-09,0.0,0.0,1.4033149171270719e-06,0.0030922888103710857,0.0,0.0,0.0,0.0,0.0,0,0.0,0.0,0.0,0.0,0.0,0,0.0
Surface_Freshwater,heterBiofMP,mp4,8.022536812036404e-11,"[4.851598175039907e-10, 1.617199391679969e-10, 1.617199391679969e-10, 0.0, 0.0]",0.0,1.7698135206828694e-06,0.0,0.0,1.4033149171270719e-06,0.00803210911101244,0.0,0.0,0.0,0.0,0.0,0,0.0,0.0,0.0,0.0,0.0,0,0.0
Surface_Freshwater,heterBiofMP,mp5,8.022536812036404e-11,"[5.5603120243549625e-09, 1.1914954337903492e-09, 7.943302891935663e-10, 3.971651445967831e-10, 0.0]",0.0,0.02066556620490461,0.0,0.0,1.4033149171270719e-06,0.0,0.0,0.0,0.0,0.0,0.0,0,0.0,0.0,0.0,0.0,0.0,0,0.0
Bulk_Freshwater,freeMP,mp1,1.6045073624072808e-09,"[0.0, 0.0, 0.0, 0.0, 0.0]",2.8088977861187754e-05,0.0,3.858024691358025e-07,0.0,4.6691176470588234e-09,0.0,8.372593199508396e-11,0.0,0.0,0.0,0.0,0,0.0,0.0,0.0,0.0,0.0,0,0.0
Bulk_Freshwater,freeMP,mp2,1.6045073624072808e-09,"[1.5854895991882296e-10, 0.0, 0.0, 0.0, 0.0]",0.0007294351434146552,0.0,3.858024691358025e-07,0.0,4.6691176470588234e-09,0.0,8.372593199508398e-09,0.0,0.0,0.0,0.0,0,0.0,0.0,0.0,0.0,0.0,0,0.0
Bulk_Freshwater,freeMP,mp3,1.6045073624072808e-09,"[7.927447995941146e-10, 7.927447995941146e-10, 0.0, 0.0, 0.0]",0.6084886427406376,0.0,3.858024691358025e-07,0.0,4.6691176470588234e-09,0.0,8.372593199508397e-07,0.0,0.0,0.0,0.0,0,0.0,0.0,0.0,0.0,0.0,0,0.0
Bulk_Freshwater,freeMP,mp4,1.6045073624072808e-09,"[9.512937595129376e-09, 3.1709791983764586e-09, 3.1709791983764586e-09, 0.0, 0.0]",1611.5295302509394,0.0,3.858024691358025e-07,0.0,4.6691176470588234e-09,0.0,8.372593199508396e-05,0.0,0.0,0.0,0.0,0,0.0,0.0,0.0,0.0,0.0,0,0.0
Bulk_Freshwater,freeMP,mp5,1.6045073624072808e-09,"[1.1098427194317603e-07, 2.3782343987823436e-08, 1.5854895991882293e-08, 7.927447995941146e-09, 0.0]",11782875.968886008,0.0,3.858024691358025e-07,0.0,4.6691176470588234e-09,0.0,0.008372593199508397,0.0,0.0,0.0,0.0,0,0.0,0.0,0.0,0.0,0.0,0,0.0
Bulk_Freshwater,heterMP,mp1,1.6045073624072808e-10,"[0.0, 0.0, 0.0, 0.0, 0.0]",0.0,2.991672106619476e-14,3.858024691358025e-07,0.0,4.6691176470588234e-09,3.6327812890443956e-09,0.0,0.0,0.0,0.0,0.0,0,0.0,0.0,0.0,0.0,0.0,0,0.0
Bulk_Freshwater,heterMP,mp2,1.6045073624072808e-10,"[1.586017919653587e-12, 0.0, 0.0, 0.0, 0.0]",0.0,7.292794646300207e-13,3.858024691358025e-07,0.0,4.6691176470588234e-09,0.0,7.903885094092983e-09,0.0,0.0,0.0,0.0,0,0.0,0.0,0.0,0.0,0.0,0,0.0
Bulk_Freshwater,heterMP,mp3,1.6045073624072808e-10,"[7.927450638422937e-12, 7.927450638422937e-12, 0.0, 0.0, 0.0]",0.0,6.084827496239868e-10,3.858024691358025e-07,0.0,4.6691176470588234e-09,0.0,8.372124334446489e-07,0.0,0.0,0.0,0.0,0,0.0,0.0,0.0,0.0,0.0,0,0.0
Bulk_Freshwater,heterMP,mp4,1.6045073624072808e-10,"[9.51293759830036e-11, 3.170979199433453e-11, 3.170979199433453e-11, 0.0, 0.0]",0.0,1.6115294680602388e-06,3.858024691358025e-07,0.0,4.6691176470588234e-09,0.0,8.372592730643234e-05,0.0,0.0,0.0,0.0,0,0.0,0.0,0.0,0.0,0.0,0,0.0
Bulk_Freshwater,heterMP,mp5,1.6045073624072808e-10,"[1.1098427194321309e-09, 2.3782343987831375e-10, 1.5854895991887587e-10, 7.927447995943793e-11, 0.0]",0.0,0.011782875968260949,3.858024691358025e-07,0.0,4.6691176470588234e-09,0.0,0.00837259319903954,0.0,0.0,0.0,0.0,0,0.0,0.0,0.0,0.0,0.0,0,0.0
Bulk_Freshwater,biofMP,mp1,3.2090147248145615e-10,"[0.0, 0.0, 0.0, 0.0, 0.0]",0.020837142076202148,0.0,0.0,0.0,4.6691176470588234e-09,7.999109093657949e-07,0.0,0.0,0.0,0.0,0.0,0,0.0,0.0,0.0,0.0,0.0,0,0.0
Bulk_Freshwater,biofMP,mp2,3.2090147248145615e-10,"[2.378234398782344e-10, 0.0, 0.0, 0.0, 0.0]",0.0694331063982898,0.0,0.0,0.0,4.6691176470588234e-09,1.5693960808411858e-06,0.0,0.0,0.0,0.0,0.0,0,0.0,0.0,0.0,0.0,0.0,0,0.0
Bulk_Freshwater,biofMP,mp3,3.2090147248145615e-10,"[4.756468797564688e-10, 4.756468797564688e-10, 0.0, 0.0, 0.0]",5.76600208787833,0.0,0.0,0.0,4.6691176470588234e-09,1.0307592516728102e-05,0.0,0.0,0.0,0.0,0.0,0,0.0,0.0,0.0,0.0,0.0,0,0.0
Bulk_Freshwater,biofMP,mp4,3.2090147248145615e-10,"[4.851598173515982e-09, 1.6171993911719939e-09, 1.6171993911719939e-09, 0.0, 0.0]",1769.8133908812385,0.0,0.0,0.0,4.6691176470588234e-09,2.6773692475762054e-05,0.0,0.0,0.0,0.0,0.0,0,0.0,0.0,0.0,0.0,0.0,0,0.0
Bulk_Freshwater,biofMP,mp5,3.2090147248145615e-10,"[5.56031202435312e-08, 1.1914954337899544e-08, 7.94330289193303e-09, 3.971651445966515e-09, 0.0]",20665566.206158254,0.0,0.0,0.0,4.6691176470588234e-09,0.0,0.007267442872346294,0.0,0.0,0.0,0.0,0,0.0,0.0,0.0,0.0,0.0,0,0.0
Bulk_Freshwater,heterBiofMP,mp1,8.022536812036404e-11,"[0.0, 0.0, 0.0, 0.0, 0.0]",0.0,2.0841437422785674e-11,0.0,0.0,4.6691176470588234e-09,8.00104052239424e-07,0.0,0.0,0.0,0.0,0.0,0,0.0,0.0,0.0,0.0,0.0,0,0.0
Bulk_Freshwater,heterBiofMP,mp2,8.022536812036404e-11,"[2.3782637593383765e-12, 0.0, 0.0, 0.0, 0.0]",0.0,6.94386290163191e-11,0.0,0.0,4.6691176470588234e-09,1.5695320622596215e-06,0.0,0.0,0.0,0.0,0.0,0,0.0,0.0,0.0,0.0,0.0,0,0.0
Bulk_Freshwater,heterBiofMP,mp3,8.022536812036404e-11,"[4.7564697150932165e-12, 4.7564697150932165e-12, 0.0, 0.0, 0.0]",0.0,5.766019184919207e-09,0.0,0.0,4.6691176470588234e-09,1.030762936790362e-05,0.0,0.0,0.0,0.0,0.0,0,0.0,0.0,0.0,0.0,0.0,0,0.0
Bulk_Freshwater,heterBiofMP,mp4,8.022536812036404e-11,"[4.851598175039907e-11, 1.617199391679969e-11, 1.617199391679969e-11, 0.0, 0.0]",0.0,1.7698135206828694e-06,0.0,0.0,4.6691176470588234e-09,2.6773697036708134e-05,0.0,0.0,0.0,0.0,0.0,0,0.0,0.0,0.0,0.0,0.0,0,0.0
Bulk_Freshwater,heterBiofMP,mp5,8.022536812036404e-11,"[5.560312024354964e-10, 1.1914954337903494e-10, 7.943302891935664e-11, 3.971651445967832e-11, 0.0]",0.0,0.02066556620490461,0.0,0.0,4.6691176470588234e-09,0.0,0.007267442871878753,0.0,0.0,0.0,0.0,0,0.0,0.0,0.0,0.0,0.0,0,0.0
Sediment_Freshwater,freeMP,mp1,1.6045073624072808e-09,"[0.0, 0.0, 0.0, 0.0, 0.0]",0.0,0.0,0.0,0.0,0.0,0.0,0.0,0.0,0.0,1e-09,2.7e-10,0,0.0,0.0,0.0,0.0,0.0,0,0.0
Sediment_Freshwater,freeMP,mp2,1.6045073624072808e-09,"[1.5854895991882293e-11, 0.0, 0.0, 0.0, 0.0]",0.0,0.0,0.0,0.0,0.0,0.0,0.0,0.0,0.0,1e-09,2.7e-10,0,0.0,0.0,0.0,0.0,0.0,0,0.0
Sediment_Freshwater,freeMP,mp3,1.6045073624072808e-09,"[7.927447995941148e-11, 7.927447995941148e-11, 0.0, 0.0, 0.0]",0.0,0.0,0.0,0.0,0.0,0.0,0.0,0.0,0.0,1e-09,2.7e-10,0,0.0,0.0,0.0,0.0,0.0,0,0.0
Sediment_Freshwater,freeMP,mp4,1.6045073624072808e-09,"[9.512937595129376e-10, 3.1709791983764586e-10, 3.1709791983764586e-10, 0.0, 0.0]",0.0,0.0,0.0,0.0,0.0,0.0,0.0,0.0,0.0,1e-09,2.7e-10,0,0.0,0.0,0.0,0.0,0.0,0,0.0
Sediment_Freshwater,freeMP,mp5,1.6045073624072808e-09,"[1.1098427194317605e-08, 2.378234398782344e-09, 1.5854895991882293e-09, 7.927447995941146e-10, 0.0]",0.0,0.0,0.0,0.0,0.0,0.0,0.0,0.0,0.0,1e-09,2.7e-10,0,0.0,0.0,0.0,0.0,0.0,0,0.0
Sediment_Freshwater,heterMP,mp1,1.6045073624072808e-10,"[0.0, 0.0, 0.0, 0.0, 0.0]",0.0,0.0,0.0,0.0,0.0,0.0,0.0,0.0,0.0,1e-09,2.7e-10,0,0.0,0.0,0.0,0.0,0.0,0,0.0
Sediment_Freshwater,heterMP,mp2,1.6045073624072808e-10,"[1.586017919653587e-13, 0.0, 0.0, 0.0, 0.0]",0.0,0.0,0.0,0.0,0.0,0.0,0.0,0.0,0.0,1e-09,2.7e-10,0,0.0,0.0,0.0,0.0,0.0,0,0.0
Sediment_Freshwater,heterMP,mp3,1.6045073624072808e-10,"[7.927450638422936e-13, 7.927450638422936e-13, 0.0, 0.0, 0.0]",0.0,0.0,0.0,0.0,0.0,0.0,0.0,0.0,0.0,1e-09,2.7e-10,0,0.0,0.0,0.0,0.0,0.0,0,0.0
Sediment_Freshwater,heterMP,mp4,1.6045073624072808e-10,"[9.51293759830036e-12, 3.1709791994334534e-12, 3.1709791994334534e-12, 0.0, 0.0]",0.0,0.0,0.0,0.0,0.0,0.0,0.0,0.0,0.0,1e-09,2.7e-10,0,0.0,0.0,0.0,0.0,0.0,0,0.0
Sediment_Freshwater,heterMP,mp5,1.6045073624072808e-10,"[1.1098427194321308e-10, 2.3782343987831375e-11, 1.5854895991887586e-11, 7.927447995943793e-12, 0.0]",0.0,0.0,0.0,0.0,0.0,0.0,0.0,0.0,0.0,1e-09,2.7e-10,0,0.0,0.0,0.0,0.0,0.0,0,0.0
Sediment_Freshwater,biofMP,mp1,3.2090147248145615e-10,"[0.0, 0.0, 0.0, 0.0, 0.0]",0.0,0.0,0.0,0.0,0.0,0.0,0.0,0.0,0.0,1e-09,2.7e-10,0,0.0,0.0,0.0,0.0,0.0,0,0.0
Sediment_Freshwater,biofMP,mp2,3.2090147248145615e-10,"[2.3782343987823443e-11, 0.0, 0.0, 0.0, 0.0]",0.0,0.0,0.0,0.0,0.0,0.0,0.0,0.0,0.0,1e-09,2.7e-10,0,0.0,0.0,0.0,0.0,0.0,0,0.0
Sediment_Freshwater,biofMP,mp3,3.2090147248145615e-10,"[4.756468797564688e-11, 4.756468797564688e-11, 0.0, 0.0, 0.0]",0.0,0.0,0.0,0.0,0.0,0.0,0.0,0.0,0.0,1e-09,2.7e-10,0,0.0,0.0,0.0,0.0,0.0,0,0.0
Sediment_Freshwater,biofMP,mp4,3.2090147248145615e-10,"[4.851598173515982e-10, 1.6171993911719943e-10, 1.6171993911719943e-10, 0.0, 0.0]",0.0,0.0,0.0,0.0,0.0,0.0,0.0,0.0,0.0,1e-09,2.7e-10,0,0.0,0.0,0.0,0.0,0.0,0,0.0
Sediment_Freshwater,biofMP,mp5,3.2090147248145615e-10,"[5.5603120243531196e-09, 1.1914954337899542e-09, 7.943302891933028e-10, 3.971651445966514e-10, 0.0]",0.0,0.0,0.0,0.0,0.0,0.0,0.0,0.0,0.0,1e-09,2.7e-10,0,0.0,0.0,0.0,0.0,0.0,0,0.0
Sediment_Freshwater,heterBiofMP,mp1,8.022536812036404e-11,"[0.0, 0.0, 0.0, 0.0, 0.0]",0.0,0.0,0.0,0.0,0.0,0.0,0.0,0.0,0.0,1e-09,2.7e-10,0,0.0,0.0,0.0,0.0,0.0,0,0.0
Sediment_Freshwater,heterBiofMP,mp2,8.022536812036404e-11,"[2.378263759338376e-13, 0.0, 0.0, 0.0, 0.0]",0.0,0.0,0.0,0.0,0.0,0.0,0.0,0.0,0.0,1e-09,2.7e-10,0,0.0,0.0,0.0,0.0,0.0,0,0.0
Sediment_Freshwater,heterBiofMP,mp3,8.022536812036404e-11,"[4.756469715093217e-13, 4.756469715093217e-13, 0.0, 0.0, 0.0]",0.0,0.0,0.0,0.0,0.0,0.0,0.0,0.0,0.0,1e-09,2.7e-10,0,0.0,0.0,0.0,0.0,0.0,0,0.0
Sediment_Freshwater,heterBiofMP,mp4,8.022536812036404e-11,"[4.851598175039907e-12, 1.617199391679969e-12, 1.617199391679969e-12, 0.0, 0.0]",0.0,0.0,0.0,0.0,0.0,0.0,0.0,0.0,0.0,1e-09,2.7e-10,0,0.0,0.0,0.0,0.0,0.0,0,0.0
Sediment_Freshwater,heterBiofMP,mp5,8.022536812036404e-11,"[5.560312024354964e-11, 1.1914954337903496e-11, 7.943302891935663e-12, 3.971651445967832e-12, 0.0]",0.0,0.0,0.0,0.0,0.0,0.0,0.0,0.0,0.0,1e-09,2.7e-10,0,0.0,0.0,0.0,0.0,0.0,0,0.0
Sediment_Ocean,freeMP,mp1,1.6045073624072808e-09,"[0.0, 0.0, 0.0, 0.0, 0.0]",0.0,0.0,0.0,0.0,0.0,0.0,0.0,0.0,0.0,1e-11,2.7e-12,0,0.0,0.0,0.0,0.0,0.0,0,0.0
Sediment_Ocean,freeMP,mp2,1.6045073624072808e-09,"[1.5854895991882293e-11, 0.0, 0.0, 0.0, 0.0]",0.0,0.0,0.0,0.0,0.0,0.0,0.0,0.0,0.0,1e-11,2.7e-12,0,0.0,0.0,0.0,0.0,0.0,0,0.0
Sediment_Ocean,freeMP,mp3,1.6045073624072808e-09,"[7.927447995941148e-11, 7.927447995941148e-11, 0.0, 0.0, 0.0]",0.0,0.0,0.0,0.0,0.0,0.0,0.0,0.0,0.0,1e-11,2.7e-12,0,0.0,0.0,0.0,0.0,0.0,0,0.0
Sediment_Ocean,freeMP,mp4,1.6045073624072808e-09,"[9.512937595129376e-10, 3.1709791983764586e-10, 3.1709791983764586e-10, 0.0, 0.0]",0.0,0.0,0.0,0.0,0.0,0.0,0.0,0.0,0.0,1e-11,2.7e-12,0,0.0,0.0,0.0,0.0,0.0,0,0.0
Sediment_Ocean,freeMP,mp5,1.6045073624072808e-09,"[1.1098427194317605e-08, 2.378234398782344e-09, 1.5854895991882293e-09, 7.927447995941146e-10, 0.0]",0.0,0.0,0.0,0.0,0.0,0.0,0.0,0.0,0.0,1e-11,2.7e-12,0,0.0,0.0,0.0,0.0,0.0,0,0.0
Sediment_Ocean,heterMP,mp1,1.6045073624072808e-10,"[0.0, 0.0, 0.0, 0.0, 0.0]",0.0,0.0,0.0,0.0,0.0,0.0,0.0,0.0,0.0,1e-11,2.7e-12,0,0.0,0.0,0.0,0.0,0.0,0,0.0
Sediment_Ocean,heterMP,mp2,1.6045073624072808e-10,"[1.586017919653587e-13, 0.0, 0.0, 0.0, 0.0]",0.0,0.0,0.0,0.0,0.0,0.0,0.0,0.0,0.0,1e-11,2.7e-12,0,0.0,0.0,0.0,0.0,0.0,0,0.0
Sediment_Ocean,heterMP,mp3,1.6045073624072808e-10,"[7.927450638422936e-13, 7.927450638422936e-13, 0.0, 0.0, 0.0]",0.0,0.0,0.0,0.0,0.0,0.0,0.0,0.0,0.0,1e-11,2.7e-12,0,0.0,0.0,0.0,0.0,0.0,0,0.0
Sediment_Ocean,heterMP,mp4,1.6045073624072808e-10,"[9.51293759830036e-12, 3.1709791994334534e-12, 3.1709791994334534e-12, 0.0, 0.0]",0.0,0.0,0.0,0.0,0.0,0.0,0.0,0.0,0.0,1e-11,2.7e-12,0,0.0,0.0,0.0,0.0,0.0,0,0.0
Sediment_Ocean,heterMP,mp5,1.6045073624072808e-10,"[1.1098427194321308e-10, 2.3782343987831375e-11, 1.5854895991887586e-11, 7.927447995943793e-12, 0.0]",0.0,0.0,0.0,0.0,0.0,0.0,0.0,0.0,0.0,1e-11,2.7e-12,0,0.0,0.0,0.0,0.0,0.0,0,0.0
Sediment_Ocean,biofMP,mp1,3.2090147248145615e-10,"[0.0, 0.0, 0.0, 0.0, 0.0]",0.0,0.0,0.0,0.0,0.0,0.0,0.0,0.0,0.0,1e-11,2.7e-12,0,0.0,0.0,0.0,0.0,0.0,0,0.0
Sediment_Ocean,biofMP,mp2,3.2090147248145615e-10,"[2.3782343987823443e-11, 0.0, 0.0, 0.0, 0.0]",0.0,0.0,0.0,0.0,0.0,0.0,0.0,0.0,0.0,1e-11,2.7e-12,0,0.0,0.0,0.0,0.0,0.0,0,0.0
Sediment_Ocean,biofMP,mp3,3.2090147248145615e-10,"[4.756468797564688e-11, 4.756468797564688e-11, 0.0, 0.0, 0.0]",0.0,0.0,0.0,0.0,0.0,0.0,0.0,0.0,0.0,1e-11,2.7e-12,0,0.0,0.0,0.0,0.0,0.0,0,0.0
Sediment_Ocean,biofMP,mp4,3.2090147248145615e-10,"[4.851598173515982e-10, 1.6171993911719943e-10, 1.6171993911719943e-10, 0.0, 0.0]",0.0,0.0,0.0,0.0,0.0,0.0,0.0,0.0,0.0,1e-11,2.7e-12,0,0.0,0.0,0.0,0.0,0.0,0,0.0
Sediment_Ocean,biofMP,mp5,3.2090147248145615e-10,"[5.5603120243531196e-09, 1.1914954337899542e-09, 7.943302891933028e-10, 3.971651445966514e-10, 0.0]",0.0,0.0,0.0,0.0,0.0,0.0,0.0,0.0,0.0,1e-11,2.7e-12,0,0.0,0.0,0.0,0.0,0.0,0,0.0
Sediment_Ocean,heterBiofMP,mp1,8.022536812036404e-11,"[0.0, 0.0, 0.0, 0.0, 0.0]",0.0,0.0,0.0,0.0,0.0,0.0,0.0,0.0,0.0,1e-11,2.7e-12,0,0.0,0.0,0.0,0.0,0.0,0,0.0
Sediment_Ocean,heterBiofMP,mp2,8.022536812036404e-11,"[2.378263759338376e-13, 0.0, 0.0, 0.0, 0.0]",0.0,0.0,0.0,0.0,0.0,0.0,0.0,0.0,0.0,1e-11,2.7e-12,0,0.0,0.0,0.0,0.0,0.0,0,0.0
Sediment_Ocean,heterBiofMP,mp3,8.022536812036404e-11,"[4.756469715093217e-13, 4.756469715093217e-13, 0.0, 0.0, 0.0]",0.0,0.0,0.0,0.0,0.0,0.0,0.0,0.0,0.0,1e-11,2.7e-12,0,0.0,0.0,0.0,0.0,0.0,0,0.0
Sediment_Ocean,heterBiofMP,mp4,8.022536812036404e-11,"[4.851598175039907e-12, 1.617199391679969e-12, 1.617199391679969e-12, 0.0, 0.0]",0.0,0.0,0.0,0.0,0.0,0.0,0.0,0.0,0.0,1e-11,2.7e-12,0,0.0,0.0,0.0,0.0,0.0,0,0.0
Sediment_Ocean,heterBiofMP,mp5,8.022536812036404e-11,"[5.560312024354964e-11, 1.1914954337903496e-11, 7.943302891935663e-12, 3.971651445967832e-12, 0.0]",0.0,0.0,0.0,0.0,0.0,0.0,0.0,0.0,0.0,1e-11,2.7e-12,0,0.0,0.0,0.0,0.0,0.0,0,0.0
Sediment_Coast,freeMP,mp1,1.6045073624072808e-09,"[0.0, 0.0, 0.0, 0.0, 0.0]",0.0,0.0,0.0,0.0,0.0,0.0,0.0,0.0,0.0,1e-10,2.7e-11,0,0.0,0.0,0.0,0.0,0.0,0,0.0
Sediment_Coast,freeMP,mp2,1.6045073624072808e-09,"[1.5854895991882293e-11, 0.0, 0.0, 0.0, 0.0]",0.0,0.0,0.0,0.0,0.0,0.0,0.0,0.0,0.0,1e-10,2.7e-11,0,0.0,0.0,0.0,0.0,0.0,0,0.0
Sediment_Coast,freeMP,mp3,1.6045073624072808e-09,"[7.927447995941148e-11, 7.927447995941148e-11, 0.0, 0.0, 0.0]",0.0,0.0,0.0,0.0,0.0,0.0,0.0,0.0,0.0,1e-10,2.7e-11,0,0.0,0.0,0.0,0.0,0.0,0,0.0
Sediment_Coast,freeMP,mp4,1.6045073624072808e-09,"[9.512937595129376e-10, 3.1709791983764586e-10, 3.1709791983764586e-10, 0.0, 0.0]",0.0,0.0,0.0,0.0,0.0,0.0,0.0,0.0,0.0,1e-10,2.7e-11,0,0.0,0.0,0.0,0.0,0.0,0,0.0
Sediment_Coast,freeMP,mp5,1.6045073624072808e-09,"[1.1098427194317605e-08, 2.378234398782344e-09, 1.5854895991882293e-09, 7.927447995941146e-10, 0.0]",0.0,0.0,0.0,0.0,0.0,0.0,0.0,0.0,0.0,1e-10,2.7e-11,0,0.0,0.0,0.0,0.0,0.0,0,0.0
Sediment_Coast,heterMP,mp1,1.6045073624072808e-10,"[0.0, 0.0, 0.0, 0.0, 0.0]",0.0,0.0,0.0,0.0,0.0,0.0,0.0,0.0,0.0,1e-10,2.7e-11,0,0.0,0.0,0.0,0.0,0.0,0,0.0
Sediment_Coast,heterMP,mp2,1.6045073624072808e-10,"[1.586017919653587e-13, 0.0, 0.0, 0.0, 0.0]",0.0,0.0,0.0,0.0,0.0,0.0,0.0,0.0,0.0,1e-10,2.7e-11,0,0.0,0.0,0.0,0.0,0.0,0,0.0
Sediment_Coast,heterMP,mp3,1.6045073624072808e-10,"[7.927450638422936e-13, 7.927450638422936e-13, 0.0, 0.0, 0.0]",0.0,0.0,0.0,0.0,0.0,0.0,0.0,0.0,0.0,1e-10,2.7e-11,0,0.0,0.0,0.0,0.0,0.0,0,0.0
Sediment_Coast,heterMP,mp4,1.6045073624072808e-10,"[9.51293759830036e-12, 3.1709791994334534e-12, 3.1709791994334534e-12, 0.0, 0.0]",0.0,0.0,0.0,0.0,0.0,0.0,0.0,0.0,0.0,1e-10,2.7e-11,0,0.0,0.0,0.0,0.0,0.0,0,0.0
Sediment_Coast,heterMP,mp5,1.6045073624072808e-10,"[1.1098427194321308e-10, 2.3782343987831375e-11, 1.5854895991887586e-11, 7.927447995943793e-12, 0.0]",0.0,0.0,0.0,0.0,0.0,0.0,0.0,0.0,0.0,1e-10,2.7e-11,0,0.0,0.0,0.0,0.0,0.0,0,0.0
Sediment_Coast,biofMP,mp1,3.2090147248145615e-10,"[0.0, 0.0, 0.0, 0.0, 0.0]",0.0,0.0,0.0,0.0,0.0,0.0,0.0,0.0,0.0,1e-10,2.7e-11,0,0.0,0.0,0.0,0.0,0.0,0,0.0
Sediment_Coast,biofMP,mp2,3.2090147248145615e-10,"[2.3782343987823443e-11, 0.0, 0.0, 0.0, 0.0]",0.0,0.0,0.0,0.0,0.0,0.0,0.0,0.0,0.0,1e-10,2.7e-11,0,0.0,0.0,0.0,0.0,0.0,0,0.0
Sediment_Coast,biofMP,mp3,3.2090147248145615e-10,"[4.756468797564688e-11, 4.756468797564688e-11, 0.0, 0.0, 0.0]",0.0,0.0,0.0,0.0,0.0,0.0,0.0,0.0,0.0,1e-10,2.7e-11,0,0.0,0.0,0.0,0.0,0.0,0,0.0
Sediment_Coast,biofMP,mp4,3.2090147248145615e-10,"[4.851598173515982e-10, 1.6171993911719943e-10, 1.6171993911719943e-10, 0.0, 0.0]",0.0,0.0,0.0,0.0,0.0,0.0,0.0,0.0,0.0,1e-10,2.7e-11,0,0.0,0.0,0.0,0.0,0.0,0,0.0
Sediment_Coast,biofMP,mp5,3.2090147248145615e-10,"[5.5603120243531196e-09, 1.1914954337899542e-09, 7.943302891933028e-10, 3.971651445966514e-10, 0.0]",0.0,0.0,0.0,0.0,0.0,0.0,0.0,0.0,0.0,1e-10,2.7e-11,0,0.0,0.0,0.0,0.0,0.0,0,0.0
Sediment_Coast,heterBiofMP,mp1,8.022536812036404e-11,"[0.0, 0.0, 0.0, 0.0, 0.0]",0.0,0.0,0.0,0.0,0.0,0.0,0.0,0.0,0.0,1e-10,2.7e-11,0,0.0,0.0,0.0,0.0,0.0,0,0.0
Sediment_Coast,heterBiofMP,mp2,8.022536812036404e-11,"[2.378263759338376e-13, 0.0, 0.0, 0.0, 0.0]",0.0,0.0,0.0,0.0,0.0,0.0,0.0,0.0,0.0,1e-10,2.7e-11,0,0.0,0.0,0.0,0.0,0.0,0,0.0
Sediment_Coast,heterBiofMP,mp3,8.022536812036404e-11,"[4.756469715093217e-13, 4.756469715093217e-13, 0.0, 0.0, 0.0]",0.0,0.0,0.0,0.0,0.0,0.0,0.0,0.0,0.0,1e-10,2.7e-11,0,0.0,0.0,0.0,0.0,0.0,0,0.0
Sediment_Coast,heterBiofMP,mp4,8.022536812036404e-11,"[4.851598175039907e-12, 1.617199391679969e-12, 1.617199391679969e-12, 0.0, 0.0]",0.0,0.0,0.0,0.0,0.0,0.0,0.0,0.0,0.0,1e-10,2.7e-11,0,0.0,0.0,0.0,0.0,0.0,0,0.0
Sediment_Coast,heterBiofMP,mp5,8.022536812036404e-11,"[5.560312024354964e-11, 1.1914954337903496e-11, 7.943302891935663e-12, 3.971651445967832e-12, 0.0]",0.0,0.0,0.0,0.0,0.0,0.0,0.0,0.0,0.0,1e-10,2.7e-11,0,0.0,0.0,0.0,0.0,0.0,0,0.0
Urban_Soil_Surface,freeMP,mp1,1.6045073624072808e-09,"[0.0, 0.0, 0.0, 0.0, 0.0]",0.0,0.0,0.0,0.0,0.0,0.0,0.0,0.0,0.0,0.0,0.0,"[0.0, 4.69e-09]",0.0,0.0,4.68e-24,0.0,0.0,0,0.0
Urban_Soil_Surface,freeMP,mp2,1.6045073624072808e-09,"[1.5854895991882296e-10, 0.0, 0.0, 0.0, 0.0]",0.0,0.0,0.0,0.0,0.0,0.0,0.0,0.0,0.0,0.0,0.0,"[0.0, 4.69e-09]",0.0,0.0,4.68e-24,0.0,0.0,0,0.0
Urban_Soil_Surface,freeMP,mp3,1.6045073624072808e-09,"[7.927447995941146e-10, 7.927447995941146e-10, 0.0, 0.0, 0.0]",0.0,0.0,0.0,0.0,0.0,0.0,0.0,0.0,0.0,0.0,0.0,"[0.0, 4.69e-09]",0.0,0.0,4.68e-24,0.0,0.0,0,0.0
Urban_Soil_Surface,freeMP,mp4,1.6045073624072808e-09,"[9.512937595129376e-09, 3.1709791983764586e-09, 3.1709791983764586e-09, 0.0, 0.0]",0.0,0.0,0.0,0.0,0.0,0.0,0.0,0.0,0.0,0.0,0.0,"[0.0, 4.69e-09]",0.0,0.0,4.68e-24,0.0,0.0,0,0.0
Urban_Soil_Surface,freeMP,mp5,1.6045073624072808e-09,"[1.1098427194317603e-07, 2.3782343987823436e-08, 1.5854895991882293e-08, 7.927447995941146e-09, 0.0]",0.0,0.0,0.0,0.0,0.0,0.0,0.0,0.0,0.0,0.0,0.0,"[0.0, 4.69e-09]",0.0,0.0,4.68e-24,0.0,0.0,0,0.0
Urban_Soil_Surface,heterMP,mp1,1.6045073624072808e-10,"[0.0, 0.0, 0.0, 0.0, 0.0]",0.0,0.0,0.0,0.0,0.0,0.0,0.0,0.0,0.0,0.0,0.0,"[0.0, 4.69e-09]",0.0,0.0,4.68e-24,0.0,0.0,0,0.0
Urban_Soil_Surface,heterMP,mp2,1.6045073624072808e-10,"[1.586017919653587e-12, 0.0, 0.0, 0.0, 0.0]",0.0,0.0,0.0,0.0,0.0,0.0,0.0,0.0,0.0,0.0,0.0,"[0.0, 4.69e-09]",0.0,0.0,4.68e-24,0.0,0.0,0,0.0
Urban_Soil_Surface,heterMP,mp3,1.6045073624072808e-10,"[7.927450638422937e-12, 7.927450638422937e-12, 0.0, 0.0, 0.0]",0.0,0.0,0.0,0.0,0.0,0.0,0.0,0.0,0.0,0.0,0.0,"[0.0, 4.69e-09]",0.0,0.0,4.68e-24,0.0,0.0,0,0.0
Urban_Soil_Surface,heterMP,mp4,1.6045073624072808e-10,"[9.51293759830036e-11, 3.170979199433453e-11, 3.170979199433453e-11, 0.0, 0.0]",0.0,0.0,0.0,0.0,0.0,0.0,0.0,0.0,0.0,0.0,0.0,"[0.0, 4.69e-09]",0.0,0.0,4.68e-24,0.0,0.0,0,0.0
Urban_Soil_Surface,heterMP,mp5,1.6045073624072808e-10,"[1.1098427194321309e-09, 2.3782343987831375e-10, 1.5854895991887587e-10, 7.927447995943793e-11, 0.0]",0.0,0.0,0.0,0.0,0.0,0.0,0.0,0.0,0.0,0.0,0.0,"[0.0, 4.69e-09]",0.0,0.0,4.68e-24,0.0,0.0,0,0.0
Urban_Soil_Surface,biofMP,mp1,3.2090147248145615e-10,"[0.0, 0.0, 0.0, 0.0, 0.0]",0.0,0.0,0.0,0.0,0.0,0.0,0.0,0.0,0.0,0.0,0.0,"[0.0, 4.69e-09]",0.0,0.0,4.68e-24,0.0,0.0,0,0.0
Urban_Soil_Surface,biofMP,mp2,3.2090147248145615e-10,"[2.378234398782344e-10, 0.0, 0.0, 0.0, 0.0]",0.0,0.0,0.0,0.0,0.0,0.0,0.0,0.0,0.0,0.0,0.0,"[0.0, 4.69e-09]",0.0,0.0,4.68e-24,0.0,0.0,0,0.0
Urban_Soil_Surface,biofMP,mp3,3.2090147248145615e-10,"[4.756468797564688e-10, 4.756468797564688e-10, 0.0, 0.0, 0.0]",0.0,0.0,0.0,0.0,0.0,0.0,0.0,0.0,0.0,0.0,0.0,"[0.0, 4.69e-09]",0.0,0.0,4.68e-24,0.0,0.0,0,0.0
Urban_Soil_Surface,biofMP,mp4,3.2090147248145615e-10,"[4.851598173515982e-09, 1.6171993911719939e-09, 1.6171993911719939e-09, 0.0, 0.0]",0.0,0.0,0.0,0.0,0.0,0.0,0.0,0.0,0.0,0.0,0.0,"[0.0, 4.69e-09]",0.0,0.0,4.68e-24,0.0,0.0,0,0.0
Urban_Soil_Surface,biofMP,mp5,3.2090147248145615e-10,"[5.56031202435312e-08, 1.1914954337899544e-08, 7.94330289193303e-09, 3.971651445966515e-09, 0.0]",0.0,0.0,0.0,0.0,0.0,0.0,0.0,0.0,0.0,0.0,0.0,"[0.0, 4.69e-09]",0.0,0.0,4.68e-24,0.0,0.0,0,0.0
Urban_Soil_Surface,heterBiofMP,mp1,8.022536812036404e-11,"[0.0, 0.0, 0.0, 0.0, 0.0]",0.0,0.0,0.0,0.0,0.0,0.0,0.0,0.0,0.0,0.0,0.0,"[0.0, 4.69e-09]",0.0,0.0,4.68e-24,0.0,0.0,0,0.0
Urban_Soil_Surface,heterBiofMP,mp2,8.022536812036404e-11,"[2.3782637593383765e-12, 0.0, 0.0, 0.0, 0.0]",0.0,0.0,0.0,0.0,0.0,0.0,0.0,0.0,0.0,0.0,0.0,"[0.0, 4.69e-09]",0.0,0.0,4.68e-24,0.0,0.0,0,0.0
Urban_Soil_Surface,heterBiofMP,mp3,8.022536812036404e-11,"[4.7564697150932165e-12, 4.7564697150932165e-12, 0.0, 0.0, 0.0]",0.0,0.0,0.0,0.0,0.0,0.0,0.0,0.0,0.0,0.0,0.0,"[0.0, 4.69e-09]",0.0,0.0,4.68e-24,0.0,0.0,0,0.0
Urban_Soil_Surface,heterBiofMP,mp4,8.022536812036404e-11,"[4.851598175039907e-11, 1.617199391679969e-11, 1.617199391679969e-11, 0.0, 0.0]",0.0,0.0,0.0,0.0,0.0,0.0,0.0,0.0,0.0,0.0,0.0,"[0.0, 4.69e-09]",0.0,0.0,4.68e-24,0.0,0.0,0,0.0
Urban_Soil_Surface,heterBiofMP,mp5,8.022536812036404e-11,"[5.560312024354964e-10, 1.1914954337903494e-10, 7.943302891935664e-11, 3.971651445967832e-11, 0.0]",0.0,0.0,0.0,0.0,0.0,0.0,0.0,0.0,0.0,0.0,0.0,"[0.0, 4.69e-09]",0.0,0.0,4.68e-24,0.0,0.0,0,0.0
Urban_Soil,freeMP,mp1,1.6045073624072808e-09,"[0.0, 0.0, 0.0, 0.0, 0.0]",0.0,0.0,0.0,0.0,0.0,0.0,0.0,0.0,0.0,0.0,0.0,0,0.0,0.0,0.0,2.71e-09,0.0,0,0.0
Urban_Soil,freeMP,mp2,1.6045073624072808e-09,"[1.5854895991882293e-11, 0.0, 0.0, 0.0, 0.0]",0.0,0.0,0.0,0.0,0.0,0.0,0.0,0.0,0.0,0.0,0.0,0,0.0,0.0,0.0,2.71e-09,0.0,0,0.0
Urban_Soil,freeMP,mp3,1.6045073624072808e-09,"[7.927447995941148e-11, 7.927447995941148e-11, 0.0, 0.0, 0.0]",0.0,0.0,0.0,0.0,0.0,0.0,0.0,0.0,0.0,0.0,0.0,0,0.0,0.0,0.0,2.71e-09,0.0,0,0.0
Urban_Soil,freeMP,mp4,1.6045073624072808e-09,"[9.512937595129376e-10, 3.1709791983764586e-10, 3.1709791983764586e-10, 0.0, 0.0]",0.0,0.0,0.0,0.0,0.0,0.0,0.0,0.0,0.0,0.0,0.0,0,0.0,0.0,0.0,2.71e-09,0.0,0,0.0
Urban_Soil,freeMP,mp5,1.6045073624072808e-09,"[1.1098427194317605e-08, 2.378234398782344e-09, 1.5854895991882293e-09, 7.927447995941146e-10, 0.0]",0.0,0.0,0.0,0.0,0.0,0.0,0.0,0.0,0.0,0.0,0.0,0,0.0,0.0,0.0,2.71e-09,0.0,0,0.0
Urban_Soil,heterMP,mp1,1.6045073624072808e-10,"[0.0, 0.0, 0.0, 0.0, 0.0]",0.0,0.0,0.0,0.0,0.0,0.0,0.0,0.0,0.0,0.0,0.0,0,0.0,0.0,0.0,2.71e-09,0.0,0,0.0
Urban_Soil,heterMP,mp2,1.6045073624072808e-10,"[1.586017919653587e-13, 0.0, 0.0, 0.0, 0.0]",0.0,0.0,0.0,0.0,0.0,0.0,0.0,0.0,0.0,0.0,0.0,0,0.0,0.0,0.0,2.71e-09,0.0,0,0.0
Urban_Soil,heterMP,mp3,1.6045073624072808e-10,"[7.927450638422936e-13, 7.927450638422936e-13, 0.0, 0.0, 0.0]",0.0,0.0,0.0,0.0,0.0,0.0,0.0,0.0,0.0,0.0,0.0,0,0.0,0.0,0.0,2.71e-09,0.0,0,0.0
Urban_Soil,heterMP,mp4,1.6045073624072808e-10,"[9.51293759830036e-12, 3.1709791994334534e-12, 3.1709791994334534e-12, 0.0, 0.0]",0.0,0.0,0.0,0.0,0.0,0.0,0.0,0.0,0.0,0.0,0.0,0,0.0,0.0,0.0,2.71e-09,0.0,0,0.0
Urban_Soil,heterMP,mp5,1.6045073624072808e-10,"[1.1098427194321308e-10, 2.3782343987831375e-11, 1.5854895991887586e-11, 7.927447995943793e-12, 0.0]",0.0,0.0,0.0,0.0,0.0,0.0,0.0,0.0,0.0,0.0,0.0,0,0.0,0.0,0.0,2.71e-09,0.0,0,0.0
Urban_Soil,biofMP,mp1,3.2090147248145615e-10,"[0.0, 0.0, 0.0, 0.0, 0.0]",0.0,0.0,0.0,0.0,0.0,0.0,0.0,0.0,0.0,0.0,0.0,0,0.0,0.0,0.0,2.71e-09,0.0,0,0.0
Urban_Soil,biofMP,mp2,3.2090147248145615e-10,"[2.3782343987823443e-11, 0.0, 0.0, 0.0, 0.0]",0.0,0.0,0.0,0.0,0.0,0.0,0.0,0.0,0.0,0.0,0.0,0,0.0,0.0,0.0,2.71e-09,0.0,0,0.0
Urban_Soil,biofMP,mp3,3.2090147248145615e-10,"[4.756468797564688e-11, 4.756468797564688e-11, 0.0, 0.0, 0.0]",0.0,0.0,0.0,0.0,0.0,0.0,0.0,0.0,0.0,0.0,0.0,0,0.0,0.0,0.0,2.71e-09,0.0,0,0.0
Urban_Soil,biofMP,mp4,3.2090147248145615e-10,"[4.851598173515982e-10, 1.6171993911719943e-10, 1.6171993911719943e-10, 0.0, 0.0]",0.0,0.0,0.0,0.0,0.0,0.0,0.0,0.0,0.0,0.0,0.0,0,0.0,0.0,0.0,2.71e-09,0.0,0,0.0
Urban_Soil,biofMP,mp5,3.2090147248145615e-10,"[5.5603120243531196e-09, 1.1914954337899542e-09, 7.943302891933028e-10, 3.971651445966514e-10, 0.0]",0.0,0.0,0.0,0.0,0.0,0.0,0.0,0.0,0.0,0.0,0.0,0,0.0,0.0,0.0,2.71e-09,0.0,0,0.0
Urban_Soil,heterBiofMP,mp1,8.022536812036404e-11,"[0.0, 0.0, 0.0, 0.0, 0.0]",0.0,0.0,0.0,0.0,0.0,0.0,0.0,0.0,0.0,0.0,0.0,0,0.0,0.0,0.0,2.71e-09,0.0,0,0.0
Urban_Soil,heterBiofMP,mp2,8.022536812036404e-11,"[2.378263759338376e-13, 0.0, 0.0, 0.0, 0.0]",0.0,0.0,0.0,0.0,0.0,0.0,0.0,0.0,0.0,0.0,0.0,0,0.0,0.0,0.0,2.71e-09,0.0,0,0.0
Urban_Soil,heterBiofMP,mp3,8.022536812036404e-11,"[4.756469715093217e-13, 4.756469715093217e-13, 0.0, 0.0, 0.0]",0.0,0.0,0.0,0.0,0.0,0.0,0.0,0.0,0.0,0.0,0.0,0,0.0,0.0,0.0,2.71e-09,0.0,0,0.0
Urban_Soil,heterBiofMP,mp4,8.022536812036404e-11,"[4.851598175039907e-12, 1.617199391679969e-12, 1.617199391679969e-12, 0.0, 0.0]",0.0,0.0,0.0,0.0,0.0,0.0,0.0,0.0,0.0,0.0,0.0,0,0.0,0.0,0.0,2.71e-09,0.0,0,0.0
Urban_Soil,heterBiofMP,mp5,8.022536812036404e-11,"[5.560312024354964e-11, 1.1914954337903496e-11, 7.943302891935663e-12, 3.971651445967832e-12, 0.0]",0.0,0.0,0.0,0.0,0.0,0.0,0.0,0.0,0.0,0.0,0.0,0,0.0,0.0,0.0,2.71e-09,0.0,0,0.0
Background_Soil_Surface,freeMP,mp1,1.6045073624072808e-09,"[0.0, 0.0, 0.0, 0.0, 0.0]",0.0,0.0,0.0,0.0,0.0,0.0,0.0,0.0,0.0,0.0,0.0,"[0.0, 4.69e-09]",0.0,0.0,4.68e-24,0.0,0.0,0,0.0
Background_Soil_Surface,freeMP,mp2,1.6045073624072808e-09,"[1.5854895991882296e-10, 0.0, 0.0, 0.0, 0.0]",0.0,0.0,0.0,0.0,0.0,0.0,0.0,0.0,0.0,0.0,0.0,"[0.0, 4.69e-09]",0.0,0.0,4.68e-24,0.0,0.0,0,0.0
Background_Soil_Surface,freeMP,mp3,1.6045073624072808e-09,"[7.927447995941146e-10, 7.927447995941146e-10, 0.0, 0.0, 0.0]",0.0,0.0,0.0,0.0,0.0,0.0,0.0,0.0,0.0,0.0,0.0,"[0.0, 4.69e-09]",0.0,0.0,4.68e-24,0.0,0.0,0,0.0
Background_Soil_Surface,freeMP,mp4,1.6045073624072808e-09,"[9.512937595129376e-09, 3.1709791983764586e-09, 3.1709791983764586e-09, 0.0, 0.0]",0.0,0.0,0.0,0.0,0.0,0.0,0.0,0.0,0.0,0.0,0.0,"[0.0, 4.69e-09]",0.0,0.0,4.68e-24,0.0,0.0,0,0.0
Background_Soil_Surface,freeMP,mp5,1.6045073624072808e-09,"[1.1098427194317603e-07, 2.3782343987823436e-08, 1.5854895991882293e-08, 7.927447995941146e-09, 0.0]",0.0,0.0,0.0,0.0,0.0,0.0,0.0,0.0,0.0,0.0,0.0,"[0.0, 4.69e-09]",0.0,0.0,4.68e-24,0.0,0.0,0,0.0
Background_Soil_Surface,heterMP,mp1,1.6045073624072808e-10,"[0.0, 0.0, 0.0, 0.0, 0.0]",0.0,0.0,0.0,0.0,0.0,0.0,0.0,0.0,0.0,0.0,0.0,"[0.0, 4.69e-09]",0.0,0.0,4.68e-24,0.0,0.0,0,0.0
Background_Soil_Surface,heterMP,mp2,1.6045073624072808e-10,"[1.586017919653587e-12, 0.0, 0.0, 0.0, 0.0]",0.0,0.0,0.0,0.0,0.0,0.0,0.0,0.0,0.0,0.0,0.0,"[0.0, 4.69e-09]",0.0,0.0,4.68e-24,0.0,0.0,0,0.0
Background_Soil_Surface,heterMP,mp3,1.6045073624072808e-10,"[7.927450638422937e-12, 7.927450638422937e-12, 0.0, 0.0, 0.0]",0.0,0.0,0.0,0.0,0.0,0.0,0.0,0.0,0.0,0.0,0.0,"[0.0, 4.69e-09]",0.0,0.0,4.68e-24,0.0,0.0,0,0.0
Background_Soil_Surface,heterMP,mp4,1.6045073624072808e-10,"[9.51293759830036e-11, 3.170979199433453e-11, 3.170979199433453e-11, 0.0, 0.0]",0.0,0.0,0.0,0.0,0.0,0.0,0.0,0.0,0.0,0.0,0.0,"[0.0, 4.69e-09]",0.0,0.0,4.68e-24,0.0,0.0,0,0.0
Background_Soil_Surface,heterMP,mp5,1.6045073624072808e-10,"[1.1098427194321309e-09, 2.3782343987831375e-10, 1.5854895991887587e-10, 7.927447995943793e-11, 0.0]",0.0,0.0,0.0,0.0,0.0,0.0,0.0,0.0,0.0,0.0,0.0,"[0.0, 4.69e-09]",0.0,0.0,4.68e-24,0.0,0.0,0,0.0
Background_Soil_Surface,biofMP,mp1,3.2090147248145615e-10,"[0.0, 0.0, 0.0, 0.0, 0.0]",0.0,0.0,0.0,0.0,0.0,0.0,0.0,0.0,0.0,0.0,0.0,"[0.0, 4.69e-09]",0.0,0.0,4.68e-24,0.0,0.0,0,0.0
Background_Soil_Surface,biofMP,mp2,3.2090147248145615e-10,"[2.378234398782344e-10, 0.0, 0.0, 0.0, 0.0]",0.0,0.0,0.0,0.0,0.0,0.0,0.0,0.0,0.0,0.0,0.0,"[0.0, 4.69e-09]",0.0,0.0,4.68e-24,0.0,0.0,0,0.0
Background_Soil_Surface,biofMP,mp3,3.2090147248145615e-10,"[4.756468797564688e-10, 4.756468797564688e-10, 0.0, 0.0, 0.0]",0.0,0.0,0.0,0.0,0.0,0.0,0.0,0.0,0.0,0.0,0.0,"[0.0, 4.69e-09]",0.0,0.0,4.68e-24,0.0,0.0,0,0.0
Background_Soil_Surface,biofMP,mp4,3.2090147248145615e-10,"[4.851598173515982e-09, 1.6171993911719939e-09, 1.6171993911719939e-09, 0.0, 0.0]",0.0,0.0,0.0,0.0,0.0,0.0,0.0,0.0,0.0,0.0,0.0,"[0.0, 4.69e-09]",0.0,0.0,4.68e-24,0.0,0.0,0,0.0
Background_Soil_Surface,biofMP,mp5,3.2090147248145615e-10,"[5.56031202435312e-08, 1.1914954337899544e-08, 7.94330289193303e-09, 3.971651445966515e-09, 0.0]",0.0,0.0,0.0,0.0,0.0,0.0,0.0,0.0,0.0,0.0,0.0,"[0.0, 4.69e-09]",0.0,0.0,4.68e-24,0.0,0.0,0,0.0
Background_Soil_Surface,heterBiofMP,mp1,8.022536812036404e-11,"[0.0, 0.0, 0.0, 0.0, 0.0]",0.0,0.0,0.0,0.0,0.0,0.0,0.0,0.0,0.0,0.0,0.0,"[0.0, 4.69e-09]",0.0,0.0,4.68e-24,0.0,0.0,0,0.0
Background_Soil_Surface,heterBiofMP,mp2,8.022536812036404e-11,"[2.3782637593383765e-12, 0.0, 0.0, 0.0, 0.0]",0.0,0.0,0.0,0.0,0.0,0.0,0.0,0.0,0.0,0.0,0.0,"[0.0, 4.69e-09]",0.0,0.0,4.68e-24,0.0,0.0,0,0.0
Background_Soil_Surface,heterBiofMP,mp3,8.022536812036404e-11,"[4.7564697150932165e-12, 4.7564697150932165e-12, 0.0, 0.0, 0.0]",0.0,0.0,0.0,0.0,0.0,0.0,0.0,0.0,0.0,0.0,0.0,"[0.0, 4.69e-09]",0.0,0.0,4.68e-24,0.0,0.0,0,0.0
Background_Soil_Surface,heterBiofMP,mp4,8.022536812036404e-11,"[4.851598175039907e-11, 1.617199391679969e-11, 1.617199391679969e-11, 0.0, 0.0]",0.0,0.0,0.0,0.0,0.0,0.0,0.0,0.0,0.0,0.0,0.0,"[0.0, 4.69e-09]",0.0,0.0,4.68e-24,0.0,0.0,0,0.0
Background_Soil_Surface,heterBiofMP,mp5,8.022536812036404e-11,"[5.560312024354964e-10, 1.1914954337903494e-10, 7.943302891935664e-11, 3.971651445967832e-11, 0.0]",0.0,0.0,0.0,0.0,0.0,0.0,0.0,0.0,0.0,0.0,0.0,"[0.0, 4.69e-09]",0.0,0.0,4.68e-24,0.0,0.0,0,0.0
Background_Soil,freeMP,mp1,1.6045073624072808e-09,"[0.0, 0.0, 0.0, 0.0, 0.0]",0.0,0.0,0.0,0.0,0.0,0.0,0.0,0.0,0.0,0.0,0.0,0,0.0,0.0,0.0,2.71e-09,0.0,0,0.0
Background_Soil,freeMP,mp2,1.6045073624072808e-09,"[1.5854895991882293e-11, 0.0, 0.0, 0.0, 0.0]",0.0,0.0,0.0,0.0,0.0,0.0,0.0,0.0,0.0,0.0,0.0,0,0.0,0.0,0.0,2.71e-09,0.0,0,0.0
Background_Soil,freeMP,mp3,1.6045073624072808e-09,"[7.927447995941148e-11, 7.927447995941148e-11, 0.0, 0.0, 0.0]",0.0,0.0,0.0,0.0,0.0,0.0,0.0,0.0,0.0,0.0,0.0,0,0.0,0.0,0.0,2.71e-09,0.0,0,0.0
Background_Soil,freeMP,mp4,1.6045073624072808e-09,"[9.512937595129376e-10, 3.1709791983764586e-10, 3.1709791983764586e-10, 0.0, 0.0]",0.0,0.0,0.0,0.0,0.0,0.0,0.0,0.0,0.0,0.0,0.0,0,0.0,0.0,0.0,2.71e-09,0.0,0,0.0
Background_Soil,freeMP,mp5,1.6045073624072808e-09,"[1.1098427194317605e-08, 2.378234398782344e-09, 1.5854895991882293e-09, 7.927447995941146e-10, 0.0]",0.0,0.0,0.0,0.0,0.0,0.0,0.0,0.0,0.0,0.0,0.0,0,0.0,0.0,0.0,2.71e-09,0.0,0,0.0
Background_Soil,heterMP,mp1,1.6045073624072808e-10,"[0.0, 0.0, 0.0, 0.0, 0.0]",0.0,0.0,0.0,0.0,0.0,0.0,0.0,0.0,0.0,0.0,0.0,0,0.0,0.0,0.0,2.71e-09,0.0,0,0.0
Background_Soil,heterMP,mp2,1.6045073624072808e-10,"[1.586017919653587e-13, 0.0, 0.0, 0.0, 0.0]",0.0,0.0,0.0,0.0,0.0,0.0,0.0,0.0,0.0,0.0,0.0,0,0.0,0.0,0.0,2.71e-09,0.0,0,0.0
Background_Soil,heterMP,mp3,1.6045073624072808e-10,"[7.927450638422936e-13, 7.927450638422936e-13, 0.0, 0.0, 0.0]",0.0,0.0,0.0,0.0,0.0,0.0,0.0,0.0,0.0,0.0,0.0,0,0.0,0.0,0.0,2.71e-09,0.0,0,0.0
Background_Soil,heterMP,mp4,1.6045073624072808e-10,"[9.51293759830036e-12, 3.1709791994334534e-12, 3.1709791994334534e-12, 0.0, 0.0]",0.0,0.0,0.0,0.0,0.0,0.0,0.0,0.0,0.0,0.0,0.0,0,0.0,0.0,0.0,2.71e-09,0.0,0,0.0
Background_Soil,heterMP,mp5,1.6045073624072808e-10,"[1.1098427194321308e-10, 2.3782343987831375e-11, 1.5854895991887586e-11, 7.927447995943793e-12, 0.0]",0.0,0.0,0.0,0.0,0.0,0.0,0.0,0.0,0.0,0.0,0.0,0,0.0,0.0,0.0,2.71e-09,0.0,0,0.0
Background_Soil,biofMP,mp1,3.2090147248145615e-10,"[0.0, 0.0, 0.0, 0.0, 0.0]",0.0,0.0,0.0,0.0,0.0,0.0,0.0,0.0,0.0,0.0,0.0,0,0.0,0.0,0.0,2.71e-09,0.0,0,0.0
Background_Soil,biofMP,mp2,3.2090147248145615e-10,"[2.3782343987823443e-11, 0.0, 0.0, 0.0, 0.0]",0.0,0.0,0.0,0.0,0.0,0.0,0.0,0.0,0.0,0.0,0.0,0,0.0,0.0,0.0,2.71e-09,0.0,0,0.0
Background_Soil,biofMP,mp3,3.2090147248145615e-10,"[4.756468797564688e-11, 4.756468797564688e-11, 0.0, 0.0, 0.0]",0.0,0.0,0.0,0.0,0.0,0.0,0.0,0.0,0.0,0.0,0.0,0,0.0,0.0,0.0,2.71e-09,0.0,0,0.0
Background_Soil,biofMP,mp4,3.2090147248145615e-10,"[4.851598173515982e-10, 1.6171993911719943e-10, 1.6171993911719943e-10, 0.0, 0.0]",0.0,0.0,0.0,0.0,0.0,0.0,0.0,0.0,0.0,0.0,0.0,0,0.0,0.0,0.0,2.71e-09,0.0,0,0.0
Background_Soil,biofMP,mp5,3.2090147248145615e-10,"[5.5603120243531196e-09, 1.1914954337899542e-09, 7.943302891933028e-10, 3.971651445966514e-10, 0.0]",0.0,0.0,0.0,0.0,0.0,0.0,0.0,0.0,0.0,0.0,0.0,0,0.0,0.0,0.0,2.71e-09,0.0,0,0.0
Background_Soil,heterBiofMP,mp1,8.022536812036404e-11,"[0.0, 0.0, 0.0, 0.0, 0.0]",0.0,0.0,0.0,0.0,0.0,0.0,0.0,0.0,0.0,0.0,0.0,0,0.0,0.0,0.0,2.71e-09,0.0,0,0.0
Background_Soil,heterBiofMP,mp2,8.022536812036404e-11,"[2.378263759338376e-13, 0.0, 0.0, 0.0, 0.0]",0.0,0.0,0.0,0.0,0.0,0.0,0.0,0.0,0.0,0.0,0.0,0,0.0,0.0,0.0,2.71e-09,0.0,0,0.0
Background_Soil,heterBiofMP,mp3,8.022536812036404e-11,"[4.756469715093217e-13, 4.756469715093217e-13, 0.0, 0.0, 0.0]",0.0,0.0,0.0,0.0,0.0,0.0,0.0,0.0,0.0,0.0,0.0,0,0.0,0.0,0.0,2.71e-09,0.0,0,0.0
Background_Soil,heterBiofMP,mp4,8.022536812036404e-11,"[4.851598175039907e-12, 1.617199391679969e-12, 1.617199391679969e-12, 0.0, 0.0]",0.0,0.0,0.0,0.0,0.0,0.0,0.0,0.0,0.0,0.0,0.0,0,0.0,0.0,0.0,2.71e-09,0.0,0,0.0
Background_Soil,heterBiofMP,mp5,8.022536812036404e-11,"[5.560312024354964e-11, 1.1914954337903496e-11, 7.943302891935663e-12, 3.971651445967832e-12, 0.0]",0.0,0.0,0.0,0.0,0.0,0.0,0.0,0.0,0.0,0.0,0.0,0,0.0,0.0,0.0,2.71e-09,0.0,0,0.0
Agricultural_Soil_Surface,freeMP,mp1,1.6045073624072808e-09,"[0.0, 0.0, 0.0, 0.0, 0.0]",0.0,0.0,0.0,0.0,0.0,0.0,0.0,0.0,0.0,0.0,0.0,"[0.0, 4.69e-09]",0.0,0.0,4.68e-24,0.0,0.0,0,0.0
Agricultural_Soil_Surface,freeMP,mp2,1.6045073624072808e-09,"[1.5854895991882296e-10, 0.0, 0.0, 0.0, 0.0]",0.0,0.0,0.0,0.0,0.0,0.0,0.0,0.0,0.0,0.0,0.0,"[0.0, 4.69e-09]",0.0,0.0,4.68e-24,0.0,0.0,0,0.0
Agricultural_Soil_Surface,freeMP,mp3,1.6045073624072808e-09,"[7.927447995941146e-10, 7.927447995941146e-10, 0.0, 0.0, 0.0]",0.0,0.0,0.0,0.0,0.0,0.0,0.0,0.0,0.0,0.0,0.0,"[0.0, 4.69e-09]",0.0,0.0,4.68e-24,0.0,0.0,0,0.0
Agricultural_Soil_Surface,freeMP,mp4,1.6045073624072808e-09,"[9.512937595129376e-09, 3.1709791983764586e-09, 3.1709791983764586e-09, 0.0, 0.0]",0.0,0.0,0.0,0.0,0.0,0.0,0.0,0.0,0.0,0.0,0.0,"[0.0, 4.69e-09]",0.0,0.0,4.68e-24,0.0,0.0,0,0.0
Agricultural_Soil_Surface,freeMP,mp5,1.6045073624072808e-09,"[1.1098427194317603e-07, 2.3782343987823436e-08, 1.5854895991882293e-08, 7.927447995941146e-09, 0.0]",0.0,0.0,0.0,0.0,0.0,0.0,0.0,0.0,0.0,0.0,0.0,"[0.0, 4.69e-09]",0.0,0.0,4.68e-24,0.0,0.0,0,0.0
Agricultural_Soil_Surface,heterMP,mp1,1.6045073624072808e-10,"[0.0, 0.0, 0.0, 0.0, 0.0]",0.0,0.0,0.0,0.0,0.0,0.0,0.0,0.0,0.0,0.0,0.0,"[0.0, 4.69e-09]",0.0,0.0,4.68e-24,0.0,0.0,0,0.0
Agricultural_Soil_Surface,heterMP,mp2,1.6045073624072808e-10,"[1.586017919653587e-12, 0.0, 0.0, 0.0, 0.0]",0.0,0.0,0.0,0.0,0.0,0.0,0.0,0.0,0.0,0.0,0.0,"[0.0, 4.69e-09]",0.0,0.0,4.68e-24,0.0,0.0,0,0.0
Agricultural_Soil_Surface,heterMP,mp3,1.6045073624072808e-10,"[7.927450638422937e-12, 7.927450638422937e-12, 0.0, 0.0, 0.0]",0.0,0.0,0.0,0.0,0.0,0.0,0.0,0.0,0.0,0.0,0.0,"[0.0, 4.69e-09]",0.0,0.0,4.68e-24,0.0,0.0,0,0.0
Agricultural_Soil_Surface,heterMP,mp4,1.6045073624072808e-10,"[9.51293759830036e-11, 3.170979199433453e-11, 3.170979199433453e-11, 0.0, 0.0]",0.0,0.0,0.0,0.0,0.0,0.0,0.0,0.0,0.0,0.0,0.0,"[0.0, 4.69e-09]",0.0,0.0,4.68e-24,0.0,0.0,0,0.0
Agricultural_Soil_Surface,heterMP,mp5,1.6045073624072808e-10,"[1.1098427194321309e-09, 2.3782343987831375e-10, 1.5854895991887587e-10, 7.927447995943793e-11, 0.0]",0.0,0.0,0.0,0.0,0.0,0.0,0.0,0.0,0.0,0.0,0.0,"[0.0, 4.69e-09]",0.0,0.0,4.68e-24,0.0,0.0,0,0.0
Agricultural_Soil_Surface,biofMP,mp1,3.2090147248145615e-10,"[0.0, 0.0, 0.0, 0.0, 0.0]",0.0,0.0,0.0,0.0,0.0,0.0,0.0,0.0,0.0,0.0,0.0,"[0.0, 4.69e-09]",0.0,0.0,4.68e-24,0.0,0.0,0,0.0
Agricultural_Soil_Surface,biofMP,mp2,3.2090147248145615e-10,"[2.378234398782344e-10, 0.0, 0.0, 0.0, 0.0]",0.0,0.0,0.0,0.0,0.0,0.0,0.0,0.0,0.0,0.0,0.0,"[0.0, 4.69e-09]",0.0,0.0,4.68e-24,0.0,0.0,0,0.0
Agricultural_Soil_Surface,biofMP,mp3,3.2090147248145615e-10,"[4.756468797564688e-10, 4.756468797564688e-10, 0.0, 0.0, 0.0]",0.0,0.0,0.0,0.0,0.0,0.0,0.0,0.0,0.0,0.0,0.0,"[0.0, 4.69e-09]",0.0,0.0,4.68e-24,0.0,0.0,0,0.0
Agricultural_Soil_Surface,biofMP,mp4,3.2090147248145615e-10,"[4.851598173515982e-09, 1.6171993911719939e-09, 1.6171993911719939e-09, 0.0, 0.0]",0.0,0.0,0.0,0.0,0.0,0.0,0.0,0.0,0.0,0.0,0.0,"[0.0, 4.69e-09]",0.0,0.0,4.68e-24,0.0,0.0,0,0.0
Agricultural_Soil_Surface,biofMP,mp5,3.2090147248145615e-10,"[5.56031202435312e-08, 1.1914954337899544e-08, 7.94330289193303e-09, 3.971651445966515e-09, 0.0]",0.0,0.0,0.0,0.0,0.0,0.0,0.0,0.0,0.0,0.0,0.0,"[0.0, 4.69e-09]",0.0,0.0,4.68e-24,0.0,0.0,0,0.0
Agricultural_Soil_Surface,heterBiofMP,mp1,8.022536812036404e-11,"[0.0, 0.0, 0.0, 0.0, 0.0]",0.0,0.0,0.0,0.0,0.0,0.0,0.0,0.0,0.0,0.0,0.0,"[0.0, 4.69e-09]",0.0,0.0,4.68e-24,0.0,0.0,0,0.0
Agricultural_Soil_Surface,heterBiofMP,mp2,8.022536812036404e-11,"[2.3782637593383765e-12, 0.0, 0.0, 0.0, 0.0]",0.0,0.0,0.0,0.0,0.0,0.0,0.0,0.0,0.0,0.0,0.0,"[0.0, 4.69e-09]",0.0,0.0,4.68e-24,0.0,0.0,0,0.0
Agricultural_Soil_Surface,heterBiofMP,mp3,8.022536812036404e-11,"[4.7564697150932165e-12, 4.7564697150932165e-12, 0.0, 0.0, 0.0]",0.0,0.0,0.0,0.0,0.0,0.0,0.0,0.0,0.0,0.0,0.0,"[0.0, 4.69e-09]",0.0,0.0,4.68e-24,0.0,0.0,0,0.0
Agricultural_Soil_Surface,heterBiofMP,mp4,8.022536812036404e-11,"[4.851598175039907e-11, 1.617199391679969e-11, 1.617199391679969e-11, 0.0, 0.0]",0.0,0.0,0.0,0.0,0.0,0.0,0.0,0.0,0.0,0.0,0.0,"[0.0, 4.69e-09]",0.0,0.0,4.68e-24,0.0,0.0,0,0.0
Agricultural_Soil_Surface,heterBiofMP,mp5,8.022536812036404e-11,"[5.560312024354964e-10, 1.1914954337903494e-10, 7.943302891935664e-11, 3.971651445967832e-11, 0.0]",0.0,0.0,0.0,0.0,0.0,0.0,0.0,0.0,0.0,0.0,0.0,"[0.0, 4.69e-09]",0.0,0.0,4.68e-24,0.0,0.0,0,0.0
Agricultural_Soil,freeMP,mp1,1.6045073624072808e-09,"[0.0, 0.0, 0.0, 0.0, 0.0]",0.0,0.0,0.0,0.0,0.0,0.0,0.0,0.0,0.0,0.0,0.0,0,0.0,0.0,0.0,2.71e-09,0.0,0,0.0
Agricultural_Soil,freeMP,mp2,1.6045073624072808e-09,"[1.5854895991882293e-11, 0.0, 0.0, 0.0, 0.0]",0.0,0.0,0.0,0.0,0.0,0.0,0.0,0.0,0.0,0.0,0.0,0,0.0,0.0,0.0,2.71e-09,0.0,0,0.0
Agricultural_Soil,freeMP,mp3,1.6045073624072808e-09,"[7.927447995941148e-11, 7.927447995941148e-11, 0.0, 0.0, 0.0]",0.0,0.0,0.0,0.0,0.0,0.0,0.0,0.0,0.0,0.0,0.0,0,0.0,0.0,0.0,2.71e-09,0.0,0,0.0
Agricultural_Soil,freeMP,mp4,1.6045073624072808e-09,"[9.512937595129376e-10, 3.1709791983764586e-10, 3.1709791983764586e-10, 0.0, 0.0]",0.0,0.0,0.0,0.0,0.0,0.0,0.0,0.0,0.0,0.0,0.0,0,0.0,0.0,0.0,2.71e-09,0.0,0,0.0
Agricultural_Soil,freeMP,mp5,1.6045073624072808e-09,"[1.1098427194317605e-08, 2.378234398782344e-09, 1.5854895991882293e-09, 7.927447995941146e-10, 0.0]",0.0,0.0,0.0,0.0,0.0,0.0,0.0,0.0,0.0,0.0,0.0,0,0.0,0.0,0.0,2.71e-09,0.0,0,0.0
Agricultural_Soil,heterMP,mp1,1.6045073624072808e-10,"[0.0, 0.0, 0.0, 0.0, 0.0]",0.0,0.0,0.0,0.0,0.0,0.0,0.0,0.0,0.0,0.0,0.0,0,0.0,0.0,0.0,2.71e-09,0.0,0,0.0
Agricultural_Soil,heterMP,mp2,1.6045073624072808e-10,"[1.586017919653587e-13, 0.0, 0.0, 0.0, 0.0]",0.0,0.0,0.0,0.0,0.0,0.0,0.0,0.0,0.0,0.0,0.0,0,0.0,0.0,0.0,2.71e-09,0.0,0,0.0
Agricultural_Soil,heterMP,mp3,1.6045073624072808e-10,"[7.927450638422936e-13, 7.927450638422936e-13, 0.0, 0.0, 0.0]",0.0,0.0,0.0,0.0,0.0,0.0,0.0,0.0,0.0,0.0,0.0,0,0.0,0.0,0.0,2.71e-09,0.0,0,0.0
Agricultural_Soil,heterMP,mp4,1.6045073624072808e-10,"[9.51293759830036e-12, 3.1709791994334534e-12, 3.1709791994334534e-12, 0.0, 0.0]",0.0,0.0,0.0,0.0,0.0,0.0,0.0,0.0,0.0,0.0,0.0,0,0.0,0.0,0.0,2.71e-09,0.0,0,0.0
Agricultural_Soil,heterMP,mp5,1.6045073624072808e-10,"[1.1098427194321308e-10, 2.3782343987831375e-11, 1.5854895991887586e-11, 7.927447995943793e-12, 0.0]",0.0,0.0,0.0,0.0,0.0,0.0,0.0,0.0,0.0,0.0,0.0,0,0.0,0.0,0.0,2.71e-09,0.0,0,0.0
Agricultural_Soil,biofMP,mp1,3.2090147248145615e-10,"[0.0, 0.0, 0.0, 0.0, 0.0]",0.0,0.0,0.0,0.0,0.0,0.0,0.0,0.0,0.0,0.0,0.0,0,0.0,0.0,0.0,2.71e-09,0.0,0,0.0
Agricultural_Soil,biofMP,mp2,3.2090147248145615e-10,"[2.3782343987823443e-11, 0.0, 0.0, 0.0, 0.0]",0.0,0.0,0.0,0.0,0.0,0.0,0.0,0.0,0.0,0.0,0.0,0,0.0,0.0,0.0,2.71e-09,0.0,0,0.0
Agricultural_Soil,biofMP,mp3,3.2090147248145615e-10,"[4.756468797564688e-11, 4.756468797564688e-11, 0.0, 0.0, 0.0]",0.0,0.0,0.0,0.0,0.0,0.0,0.0,0.0,0.0,0.0,0.0,0,0.0,0.0,0.0,2.71e-09,0.0,0,0.0
Agricultural_Soil,biofMP,mp4,3.2090147248145615e-10,"[4.851598173515982e-10, 1.6171993911719943e-10, 1.6171993911719943e-10, 0.0, 0.0]",0.0,0.0,0.0,0.0,0.0,0.0,0.0,0.0,0.0,0.0,0.0,0,0.0,0.0,0.0,2.71e-09,0.0,0,0.0
Agricultural_Soil,biofMP,mp5,3.2090147248145615e-10,"[5.5603120243531196e-09, 1.1914954337899542e-09, 7.943302891933028e-10, 3.971651445966514e-10, 0.0]",0.0,0.0,0.0,0.0,0.0,0.0,0.0,0.0,0.0,0.0,0.0,0,0.0,0.0,0.0,2.71e-09,0.0,0,0.0
Agricultural_Soil,heterBiofMP,mp1,8.022536812036404e-11,"[0.0, 0.0, 0.0, 0.0, 0.0]",0.0,0.0,0.0,0.0,0.0,0.0,0.0,0.0,0.0,0.0,0.0,0,0.0,0.0,0.0,2.71e-09,0.0,0,0.0
Agricultural_Soil,heterBiofMP,mp2,8.022536812036404e-11,"[2.378263759338376e-13, 0.0, 0.0, 0.0, 0.0]",0.0,0.0,0.0,0.0,0.0,0.0,0.0,0.0,0.0,0.0,0.0,0,0.0,0.0,0.0,2.71e-09,0.0,0,0.0
Agricultural_Soil,heterBiofMP,mp3,8.022536812036404e-11,"[4.756469715093217e-13, 4.756469715093217e-13, 0.0, 0.0, 0.0]",0.0,0.0,0.0,0.0,0.0,0.0,0.0,0.0,0.0,0.0,0.0,0,0.0,0.0,0.0,2.71e-09,0.0,0,0.0
Agricultural_Soil,heterBiofMP,mp4,8.022536812036404e-11,"[4.851598175039907e-12, 1.617199391679969e-12, 1.617199391679969e-12, 0.0, 0.0]",0.0,0.0,0.0,0.0,0.0,0.0,0.0,0.0,0.0,0.0,0.0,0,0.0,0.0,0.0,2.71e-09,0.0,0,0.0
Agricultural_Soil,heterBiofMP,mp5,8.022536812036404e-11,"[5.560312024354964e-11, 1.1914954337903496e-11, 7.943302891935663e-12, 3.971651445967832e-12, 0.0]",0.0,0.0,0.0,0.0,0.0,0.0,0.0,0.0,0.0,0.0,0.0,0,0.0,0.0,0.0,2.71e-09,0.0,0,0.0
Air,freeMP,mp1,1.6045073624072808e-09,"[0.0, 0.0, 0.0, 0.0, 0.0]",0.0,0.0,0.0,0.0,0.0,0.0,0.0,0.0,0.0,0.0,0.0,0,0.0,0.0,0.0,0.0,0.0,"[5.335372549019609e-06, 1.3695156862745097e-07, 1.403637254901961e-07, 8.716509803921569e-07, 1.377270588235294e-06, 4.590901960784314e-08]",0.0
Air,freeMP,mp2,1.6045073624072808e-09,"[0.0, 0.0, 0.0, 0.0, 0.0]",0.0,0.0,0.0,0.0,0.0,0.0,0.0,0.0,0.0,0.0,0.0,0,0.0,0.0,0.0,0.0,0.0,"[5.335372549019609e-06, 1.3695156862745097e-07, 1.403637254901961e-07, 8.716509803921569e-07, 1.377270588235294e-06, 4.590901960784314e-08]",0.0
Air,freeMP,mp3,1.6045073624072808e-09,"[0.0, 0.0, 0.0, 0.0, 0.0]",0.0,0.0,0.0,0.0,0.0,0.0,0.0,0.0,0.0,0.0,0.0,0,0.0,0.0,0.0,0.0,0.0,"[5.335372549019609e-06, 1.3695156862745097e-07, 1.403637254901961e-07, 8.716509803921569e-07, 1.377270588235294e-06, 4.590901960784314e-08]",0.0
Air,freeMP,mp4,1.6045073624072808e-09,"[0.0, 0.0, 0.0, 0.0, 0.0]",0.0,0.0,0.0,0.0,0.0,0.0,0.0,0.0,0.0,0.0,0.0,0,0.0,0.0,0.0,0.0,0.0,"[5.335372549019609e-06, 1.3695156862745097e-07, 1.403637254901961e-07, 8.716509803921569e-07, 1.377270588235294e-06, 4.590901960784314e-08]",0.0
Air,freeMP,mp5,1.6045073624072808e-09,"[0.0, 0.0, 0.0, 0.0, 0.0]",0.0,0.0,0.0,0.0,0.0,0.0,0.0,0.0,0.0,0.0,0.0,0,0.0,0.0,0.0,0.0,0.0,"[5.335372549019609e-06, 1.3695156862745097e-07, 1.403637254901961e-07, 8.716509803921569e-07, 1.377270588235294e-06, 4.590901960784314e-08]",0.0
Air,heterMP,mp1,1.6045073624072808e-10,"[0.0, 0.0, 0.0, 0.0, 0.0]",0.0,0.0,0.0,0.0,0.0,0.0,0.0,0.0,0.0,0.0,0.0,0,0.0,0.0,0.0,0.0,0.0,"[5.335372549019609e-06, 1.3695156862745097e-07, 1.403637254901961e-07, 8.716509803921569e-07, 1.377270588235294e-06, 4.590901960784314e-08]",0.0
Air,heterMP,mp2,1.6045073624072808e-10,"[0.0, 0.0, 0.0, 0.0, 0.0]",0.0,0.0,0.0,0.0,0.0,0.0,0.0,0.0,0.0,0.0,0.0,0,0.0,0.0,0.0,0.0,0.0,"[5.335372549019609e-06, 1.3695156862745097e-07, 1.403637254901961e-07, 8.716509803921569e-07, 1.377270588235294e-06, 4.590901960784314e-08]",0.0
Air,heterMP,mp3,1.6045073624072808e-10,"[0.0, 0.0, 0.0, 0.0, 0.0]",0.0,0.0,0.0,0.0,0.0,0.0,0.0,0.0,0.0,0.0,0.0,0,0.0,0.0,0.0,0.0,0.0,"[5.335372549019609e-06, 1.3695156862745097e-07, 1.403637254901961e-07, 8.716509803921569e-07, 1.377270588235294e-06, 4.590901960784314e-08]",0.0
Air,heterMP,mp4,1.6045073624072808e-10,"[0.0, 0.0, 0.0, 0.0, 0.0]",0.0,0.0,0.0,0.0,0.0,0.0,0.0,0.0,0.0,0.0,0.0,0,0.0,0.0,0.0,0.0,0.0,"[5.335372549019609e-06, 1.3695156862745097e-07, 1.403637254901961e-07, 8.716509803921569e-07, 1.377270588235294e-06, 4.590901960784314e-08]",0.0
Air,heterMP,mp5,1.6045073624072808e-10,"[0.0, 0.0, 0.0, 0.0, 0.0]",0.0,0.0,0.0,0.0,0.0,0.0,0.0,0.0,0.0,0.0,0.0,0,0.0,0.0,0.0,0.0,0.0,"[5.335372549019609e-06, 1.3695156862745097e-07, 1.403637254901961e-07, 8.716509803921569e-07, 1.377270588235294e-06, 4.590901960784314e-08]",0.0
Air,biofMP,mp1,3.2090147248145615e-10,"[0.0, 0.0, 0.0, 0.0, 0.0]",0.0,0.0,0.0,0.0,0.0,0.0,0.0,0.0,0.0,0.0,0.0,0,0.0,0.0,0.0,0.0,0.0,"[5.335372549019609e-06, 1.3695156862745097e-07, 1.403637254901961e-07, 8.716509803921569e-07, 1.377270588235294e-06, 4.590901960784314e-08]",0.0
Air,biofMP,mp2,3.2090147248145615e-10,"[0.0, 0.0, 0.0, 0.0, 0.0]",0.0,0.0,0.0,0.0,0.0,0.0,0.0,0.0,0.0,0.0,0.0,0,0.0,0.0,0.0,0.0,0.0,"[5.335372549019609e-06, 1.3695156862745097e-07, 1.403637254901961e-07, 8.716509803921569e-07, 1.377270588235294e-06, 4.590901960784314e-08]",0.0
Air,biofMP,mp3,3.2090147248145615e-10,"[0.0, 0.0, 0.0, 0.0, 0.0]",0.0,0.0,0.0,0.0,0.0,0.0,0.0,0.0,0.0,0.0,0.0,0,0.0,0.0,0.0,0.0,0.0,"[5.335372549019609e-06, 1.3695156862745097e-07, 1.403637254901961e-07, 8.716509803921569e-07, 1.377270588235294e-06, 4.590901960784314e-08]",0.0
Air,biofMP,mp4,3.2090147248145615e-10,"[0.0, 0.0, 0.0, 0.0, 0.0]",0.0,0.0,0.0,0.0,0.0,0.0,0.0,0.0,0.0,0.0,0.0,0,0.0,0.0,0.0,0.0,0.0,"[5.335372549019609e-06, 1.3695156862745097e-07, 1.403637254901961e-07, 8.716509803921569e-07, 1.377270588235294e-06, 4.590901960784314e-08]",0.0
Air,biofMP,mp5,3.2090147248145615e-10,"[0.0, 0.0, 0.0, 0.0, 0.0]",0.0,0.0,0.0,0.0,0.0,0.0,0.0,0.0,0.0,0.0,0.0,0,0.0,0.0,0.0,0.0,0.0,"[5.335372549019609e-06, 1.3695156862745097e-07, 1.403637254901961e-07, 8.716509803921569e-07, 1.377270588235294e-06, 4.590901960784314e-08]",0.0
Air,heterBiofMP,mp1,8.022536812036404e-11,"[0.0, 0.0, 0.0, 0.0, 0.0]",0.0,0.0,0.0,0.0,0.0,0.0,0.0,0.0,0.0,0.0,0.0,0,0.0,0.0,0.0,0.0,0.0,"[5.335372549019609e-06, 1.3695156862745097e-07, 1.403637254901961e-07, 8.716509803921569e-07, 1.377270588235294e-06, 4.590901960784314e-08]",0.0
Air,heterBiofMP,mp2,8.022536812036404e-11,"[0.0, 0.0, 0.0, 0.0, 0.0]",0.0,0.0,0.0,0.0,0.0,0.0,0.0,0.0,0.0,0.0,0.0,0,0.0,0.0,0.0,0.0,0.0,"[5.335372549019609e-06, 1.3695156862745097e-07, 1.403637254901961e-07, 8.716509803921569e-07, 1.377270588235294e-06, 4.590901960784314e-08]",0.0
Air,heterBiofMP,mp3,8.022536812036404e-11,"[0.0, 0.0, 0.0, 0.0, 0.0]",0.0,0.0,0.0,0.0,0.0,0.0,0.0,0.0,0.0,0.0,0.0,0,0.0,0.0,0.0,0.0,0.0,"[5.335372549019609e-06, 1.3695156862745097e-07, 1.403637254901961e-07, 8.716509803921569e-07, 1.377270588235294e-06, 4.590901960784314e-08]",0.0
Air,heterBiofMP,mp4,8.022536812036404e-11,"[0.0, 0.0, 0.0, 0.0, 0.0]",0.0,0.0,0.0,0.0,0.0,0.0,0.0,0.0,0.0,0.0,0.0,0,0.0,0.0,0.0,0.0,0.0,"[5.335372549019609e-06, 1.3695156862745097e-07, 1.403637254901961e-07, 8.716509803921569e-07, 1.377270588235294e-06, 4.590901960784314e-08]",0.0
Air,heterBiofMP,mp5,8.022536812036404e-11,"[0.0, 0.0, 0.0, 0.0, 0.0]",0.0,0.0,0.0,0.0,0.0,0.0,0.0,0.0,0.0,0.0,0.0,0,0.0,0.0,0.0,0.0,0.0,"[5.335372549019609e-06, 1.3695156862745097e-07, 1.403637254901961e-07, 8.716509803921569e-07, 1.377270588235294e-06, 4.590901960784314e-08]",0.0
