Model_box,Compartment,MP_form,Size_Bin,k_discorporation,k_fragmentation,k_heteroaggregation,k_heteroaggregate_breackup,k_biofouling,k_defouling,k_advective_transport,k_settling,k_rising,k_mixing,k_sea_spray_aerosol,k_sediment_resuspension,k_burial,k_runoff_transport,k_tillage,k_percolation,k_soil_air_resuspension,k_sequestration_deep_soils,k_wind_trasport,k_dry_depossition,k_wet_depossition
Utopia,Ocean_Surface_Water,freeMP,mp1,1.6045073624072808e-09,1.5854895991882295e-06,378434.28980473353,0.0,1.1574074074074074e-06,0.0,5.8157894736842105e-09,0.0,0.0,0.0,2.36e-25,0.0,0.0,0.0,0.0,0.0,0.0,0.0,0.0,0.0,0.0
Utopia,Ocean_Surface_Water,freeMP,mp2,1.6045073624072808e-09,1.5854895991882294e-07,39.35069130930067,0.0,1.1574074074074074e-06,0.0,5.8157894736842105e-09,0.0,0.0,0.0,2.36e-25,0.0,0.0,0.0,0.0,0.0,0.0,0.0,0.0,0.0,0.0
Utopia,Ocean_Surface_Water,freeMP,mp3,1.6045073624072808e-09,1.5854895991882296e-08,0.005524980025994193,0.0,1.1574074074074074e-06,0.0,5.8157894736842105e-09,0.0,0.0,0.0,2.36e-25,0.0,0.0,0.0,0.0,0.0,0.0,0.0,0.0,0.0,0.0
Utopia,Ocean_Surface_Water,freeMP,mp4,1.6045073624072808e-09,1.5854895991882293e-09,5.249334147510355e-06,0.0,1.1574074074074074e-06,0.0,5.8157894736842105e-09,0.0,0.0,0.0,2.36e-25,0.0,0.0,0.0,0.0,0.0,0.0,0.0,0.0,0.0,0.0
Utopia,Ocean_Surface_Water,freeMP,mp5,1.6045073624072808e-09,1.5854895991882296e-10,8.217077030134274e-07,0.0,1.1574074074074074e-06,0.0,5.8157894736842105e-09,0.0,0.0,0.0,2.36e-25,0.0,0.0,0.0,0.0,0.0,0.0,0.0,0.0,0.0,0.0
Utopia,Ocean_Surface_Water,heterMP,mp1,1.6045073624072808e-10,0.0,0.0,37843.42897838838,1.1574074074074074e-06,0.0,5.8157894736842105e-09,0.0,0.0,0.0,2.36e-25,0.0,0.0,0.0,0.0,0.0,0.0,0.0,0.0,0.0,0.0
Utopia,Ocean_Surface_Water,heterMP,mp2,1.6045073624072808e-10,0.0,0.0,3.9350689221924684,1.1574074074074074e-06,0.0,5.8157894736842105e-09,0.0,0.0,0.0,2.36e-25,0.0,0.0,0.0,0.0,0.0,0.0,0.0,0.0,0.0,0.0
Utopia,Ocean_Surface_Water,heterMP,mp3,1.6045073624072808e-10,0.0,0.0,0.0005524768976916348,1.1574074074074074e-06,0.0,5.8157894736842105e-09,0.0,0.0,0.0,2.36e-25,0.0,0.0,0.0,0.0,0.0,0.0,0.0,0.0,0.0,0.0
Utopia,Ocean_Surface_Water,heterMP,mp4,1.6045073624072808e-10,0.0,0.0,5.226813406359178e-07,1.1574074074074074e-06,0.0,5.8157894736842105e-09,0.0,0.0,0.0,2.36e-25,0.0,0.0,0.0,0.0,0.0,0.0,0.0,0.0,0.0,0.0
Utopia,Ocean_Surface_Water,heterMP,mp5,1.6045073624072808e-10,0.0,0.0,8.318975463917088e-08,1.1574074074074074e-06,0.0,5.8157894736842105e-09,1.0898343867133186e-08,0.0,0.0,2.36e-25,0.0,0.0,0.0,0.0,0.0,0.0,0.0,0.0,0.0,0.0
Utopia,Ocean_Surface_Water,biofMP,mp1,3.2090147248145615e-10,7.94330289193303e-07,660023.4561330448,0.0,0.0,0.0,5.8157894736842105e-09,0.0,0.0,0.0,2.36e-25,0.0,0.0,0.0,0.0,0.0,0.0,0.0,0.0,0.0,0.0
Utopia,Ocean_Surface_Water,biofMP,mp2,3.2090147248145615e-10,8.085996955859972e-08,28.502906418583084,0.0,0.0,0.0,5.8157894736842105e-09,8.032107742728616e-05,0.0,0.0,2.36e-25,0.0,0.0,0.0,0.0,0.0,0.0,0.0,0.0,0.0,0.0
Utopia,Ocean_Surface_Water,biofMP,mp3,3.2090147248145615e-10,9.512937595129377e-09,0.1414485853709565,0.0,0.0,0.0,5.8157894736842105e-09,3.092277755018431e-05,0.0,0.0,2.36e-25,0.0,0.0,0.0,0.0,0.0,0.0,0.0,0.0,0.0,0.0
Utopia,Ocean_Surface_Water,biofMP,mp4,3.2090147248145615e-10,2.3782343987823448e-09,0.001460987596205876,0.0,0.0,0.0,5.8157894736842105e-09,4.708188242523557e-06,0.0,0.0,2.36e-25,0.0,0.0,0.0,0.0,0.0,0.0,0.0,0.0,0.0,0.0
Utopia,Ocean_Surface_Water,biofMP,mp5,3.2090147248145615e-10,1.6647640791476412e-09,0.0003895286724124211,0.0,0.0,0.0,5.8157894736842105e-09,2.399732728097385e-06,0.0,0.0,2.36e-25,0.0,0.0,0.0,0.0,0.0,0.0,0.0,0.0,0.0,0.0
Utopia,Ocean_Surface_Water,heterBiofMP,mp1,8.022536812036404e-11,0.0,0.0,66002.3456091228,0.0,0.0,5.8157894736842105e-09,0.0,0.0,0.0,2.36e-25,0.0,0.0,0.0,0.0,0.0,0.0,0.0,0.0,0.0,0.0
Utopia,Ocean_Surface_Water,heterBiofMP,mp2,8.022536812036404e-11,0.0,0.0,2.8502910716599983,0.0,0.0,5.8157894736842105e-09,8.03210911101244e-05,0.0,0.0,2.36e-25,0.0,0.0,0.0,0.0,0.0,0.0,0.0,0.0,0.0,0.0
Utopia,Ocean_Surface_Water,heterBiofMP,mp3,8.022536812036404e-11,0.0,0.0,0.014144912614497499,0.0,0.0,5.8157894736842105e-09,3.092288810371086e-05,0.0,0.0,2.36e-25,0.0,0.0,0.0,0.0,0.0,0.0,0.0,0.0,0.0,0.0
Utopia,Ocean_Surface_Water,heterBiofMP,mp4,8.022536812036404e-11,0.0,0.0,0.00014611410939056367,0.0,0.0,5.8157894736842105e-09,4.708596186778864e-06,0.0,0.0,2.36e-25,0.0,0.0,0.0,0.0,0.0,0.0,0.0,0.0,0.0,0.0
Utopia,Ocean_Surface_Water,heterBiofMP,mp5,8.022536812036404e-11,0.0,0.0,3.8964040946189766e-05,0.0,0.0,5.8157894736842105e-09,2.400312156718272e-06,0.0,0.0,2.36e-25,0.0,0.0,0.0,0.0,0.0,0.0,0.0,0.0,0.0,0.0
Utopia,Ocean_Mixed_Water,freeMP,mp1,1.6045073624072808e-09,1.5854895991882292e-07,378434.28980473353,0.0,3.858024691358025e-07,0.0,2.21e-09,0.0,0.0025117779598525193,0.0,2.36e-25,0.0,0.0,0.0,0.0,0.0,0.0,0.0,0.0,0.0,0.0
Utopia,Ocean_Mixed_Water,freeMP,mp2,1.6045073624072808e-09,1.5854895991882293e-08,39.35069130930067,0.0,3.858024691358025e-07,0.0,2.21e-09,0.0,2.5117779598525188e-05,0.0,2.36e-25,0.0,0.0,0.0,0.0,0.0,0.0,0.0,0.0,0.0,0.0
Utopia,Ocean_Mixed_Water,freeMP,mp3,1.6045073624072808e-09,1.5854895991882293e-09,0.005524980025994193,0.0,3.858024691358025e-07,0.0,2.21e-09,0.0,2.511777959852519e-07,0.0,2.36e-25,0.0,0.0,0.0,0.0,0.0,0.0,0.0,0.0,0.0,0.0
Utopia,Ocean_Mixed_Water,freeMP,mp4,1.6045073624072808e-09,1.5854895991882296e-10,5.249334147510355e-06,0.0,3.858024691358025e-07,0.0,2.21e-09,0.0,2.5117779598525193e-09,0.0,2.36e-25,0.0,0.0,0.0,0.0,0.0,0.0,0.0,0.0,0.0,0.0
Utopia,Ocean_Mixed_Water,freeMP,mp5,1.6045073624072808e-09,1.5854895991882293e-11,8.217077030134274e-07,0.0,3.858024691358025e-07,0.0,2.21e-09,0.0,2.511777959852519e-11,0.0,2.36e-25,0.0,0.0,0.0,0.0,0.0,0.0,0.0,0.0,0.0,0.0
Utopia,Ocean_Mixed_Water,heterMP,mp1,1.6045073624072808e-10,0.0,0.0,37843.42897838838,3.858024691358025e-07,0.0,2.21e-09,0.0,0.002511777959711862,0.0,2.36e-25,0.0,0.0,0.0,0.0,0.0,0.0,0.0,0.0,0.0,0.0
Utopia,Ocean_Mixed_Water,heterMP,mp2,1.6045073624072808e-10,0.0,0.0,3.9350689221924684,3.858024691358025e-07,0.0,2.21e-09,0.0,2.5117778191929702e-05,0.0,2.36e-25,0.0,0.0,0.0,0.0,0.0,0.0,0.0,0.0,0.0,0.0
Utopia,Ocean_Mixed_Water,heterMP,mp3,1.6045073624072808e-10,0.0,0.0,0.0005524768976916348,3.858024691358025e-07,0.0,2.21e-09,0.0,2.5116373003339466e-07,0.0,2.36e-25,0.0,0.0,0.0,0.0,0.0,0.0,0.0,0.0,0.0,0.0
Utopia,Ocean_Mixed_Water,heterMP,mp4,1.6045073624072808e-10,0.0,0.0,5.226813406359178e-07,3.858024691358025e-07,0.0,2.21e-09,0.0,2.371165528227895e-09,0.0,2.36e-25,0.0,0.0,0.0,0.0,0.0,0.0,0.0,0.0,0.0,0.0
Utopia,Ocean_Mixed_Water,heterMP,mp5,1.6045073624072808e-10,0.0,0.0,8.318975463917088e-08,3.858024691358025e-07,0.0,2.21e-09,1.0898343867133187e-09,0.0,0.0,2.36e-25,0.0,0.0,0.0,0.0,0.0,0.0,0.0,0.0,0.0,0.0
Utopia,Ocean_Mixed_Water,biofMP,mp1,3.2090147248145615e-10,7.94330289193303e-08,660023.4561330448,0.0,0.0,0.0,2.21e-09,0.0,0.002180232861703888,0.0,2.36e-25,0.0,0.0,0.0,0.0,0.0,0.0,0.0,0.0,0.0,0.0
Utopia,Ocean_Mixed_Water,biofMP,mp2,3.2090147248145615e-10,8.08599695585997e-09,28.502906418583084,0.0,0.0,0.0,2.21e-09,8.032107742728615e-06,0.0,0.0,2.36e-25,0.0,0.0,0.0,0.0,0.0,0.0,0.0,0.0,0.0,0.0
Utopia,Ocean_Mixed_Water,biofMP,mp3,3.2090147248145615e-10,9.512937595129376e-10,0.1414485853709565,0.0,0.0,0.0,2.21e-09,3.0922777550184305e-06,0.0,0.0,2.36e-25,0.0,0.0,0.0,0.0,0.0,0.0,0.0,0.0,0.0,0.0
Utopia,Ocean_Mixed_Water,biofMP,mp4,3.2090147248145615e-10,2.378234398782344e-10,0.001460987596205876,0.0,0.0,0.0,2.21e-09,4.708188242523558e-07,0.0,0.0,2.36e-25,0.0,0.0,0.0,0.0,0.0,0.0,0.0,0.0,0.0,0.0
Utopia,Ocean_Mixed_Water,biofMP,mp5,3.2090147248145615e-10,1.664764079147641e-10,0.0003895286724124211,0.0,0.0,0.0,2.21e-09,2.3997327280973847e-07,0.0,0.0,2.36e-25,0.0,0.0,0.0,0.0,0.0,0.0,0.0,0.0,0.0,0.0
Utopia,Ocean_Mixed_Water,heterBiofMP,mp1,8.022536812036404e-11,0.0,0.0,66002.3456091228,0.0,0.0,2.21e-09,0.0,0.002180232861563626,0.0,2.36e-25,0.0,0.0,0.0,0.0,0.0,0.0,0.0,0.0,0.0,0.0
Utopia,Ocean_Mixed_Water,heterBiofMP,mp2,8.022536812036404e-11,0.0,0.0,2.8502910716599983,0.0,0.0,2.21e-09,8.03210911101244e-06,0.0,0.0,2.36e-25,0.0,0.0,0.0,0.0,0.0,0.0,0.0,0.0,0.0,0.0
Utopia,Ocean_Mixed_Water,heterBiofMP,mp3,8.022536812036404e-11,0.0,0.0,0.014144912614497499,0.0,0.0,2.21e-09,3.092288810371086e-06,0.0,0.0,2.36e-25,0.0,0.0,0.0,0.0,0.0,0.0,0.0,0.0,0.0,0.0
Utopia,Ocean_Mixed_Water,heterBiofMP,mp4,8.022536812036404e-11,0.0,0.0,0.00014611410939056367,0.0,0.0,2.21e-09,4.7085961867788646e-07,0.0,0.0,2.36e-25,0.0,0.0,0.0,0.0,0.0,0.0,0.0,0.0,0.0,0.0
Utopia,Ocean_Mixed_Water,heterBiofMP,mp5,8.022536812036404e-11,0.0,0.0,3.8964040946189766e-05,0.0,0.0,2.21e-09,2.4003121567182717e-07,0.0,0.0,2.36e-25,0.0,0.0,0.0,0.0,0.0,0.0,0.0,0.0,0.0,0.0
Utopia,Ocean_Column_Water,freeMP,mp1,1.6045073624072808e-09,1.5854895991882292e-07,378434.28980473353,0.0,3.858024691358025e-08,0.0,2.21e-11,0.0,8.372593199508397e-05,0.0,2.36e-25,0.0,0.0,0.0,0.0,0.0,0.0,0.0,0.0,0.0,0.0
Utopia,Ocean_Column_Water,freeMP,mp2,1.6045073624072808e-09,1.5854895991882293e-08,39.35069130930067,0.0,3.858024691358025e-08,0.0,2.21e-11,0.0,8.372593199508396e-07,0.0,2.36e-25,0.0,0.0,0.0,0.0,0.0,0.0,0.0,0.0,0.0,0.0
Utopia,Ocean_Column_Water,freeMP,mp3,1.6045073624072808e-09,1.5854895991882293e-09,0.005524980025994193,0.0,3.858024691358025e-08,0.0,2.21e-11,0.0,8.372593199508398e-09,0.0,2.36e-25,0.0,0.0,0.0,0.0,0.0,0.0,0.0,0.0,0.0,0.0
Utopia,Ocean_Column_Water,freeMP,mp4,1.6045073624072808e-09,1.5854895991882296e-10,5.249334147510355e-06,0.0,3.858024691358025e-08,0.0,2.21e-11,0.0,8.372593199508398e-11,0.0,2.36e-25,0.0,0.0,0.0,0.0,0.0,0.0,0.0,0.0,0.0,0.0
Utopia,Ocean_Column_Water,freeMP,mp5,1.6045073624072808e-09,1.5854895991882293e-11,8.217077030134274e-07,0.0,3.858024691358025e-08,0.0,2.21e-11,0.0,8.372593199508396e-13,0.0,2.36e-25,0.0,0.0,0.0,0.0,0.0,0.0,0.0,0.0,0.0,0.0
Utopia,Ocean_Column_Water,heterMP,mp1,1.6045073624072808e-10,0.0,0.0,37843.42897838838,3.858024691358025e-08,0.0,2.21e-11,0.0,8.372593199039538e-05,0.0,2.36e-25,0.0,0.0,0.0,0.0,0.0,0.0,0.0,0.0,0.0,0.0
Utopia,Ocean_Column_Water,heterMP,mp2,1.6045073624072808e-10,0.0,0.0,3.9350689221924684,3.858024691358025e-08,0.0,2.21e-11,0.0,8.372592730643233e-07,0.0,2.36e-25,0.0,0.0,0.0,0.0,0.0,0.0,0.0,0.0,0.0,0.0
Utopia,Ocean_Column_Water,heterMP,mp3,1.6045073624072808e-10,0.0,0.0,0.0005524768976916348,3.858024691358025e-08,0.0,2.21e-11,0.0,8.37212433444649e-09,0.0,2.36e-25,0.0,0.0,0.0,0.0,0.0,0.0,0.0,0.0,0.0,0.0
Utopia,Ocean_Column_Water,heterMP,mp4,1.6045073624072808e-10,0.0,0.0,5.226813406359178e-07,3.858024691358025e-08,0.0,2.21e-11,0.0,7.903885094092983e-11,0.0,2.36e-25,0.0,0.0,0.0,0.0,0.0,0.0,0.0,0.0,0.0,0.0
Utopia,Ocean_Column_Water,heterMP,mp5,1.6045073624072808e-10,0.0,0.0,8.318975463917088e-08,3.858024691358025e-08,0.0,2.21e-11,3.632781289044396e-11,0.0,0.0,2.36e-25,0.0,0.0,0.0,0.0,0.0,0.0,0.0,0.0,0.0,0.0
Utopia,Ocean_Column_Water,biofMP,mp1,3.2090147248145615e-10,7.94330289193303e-08,660023.4561330448,0.0,0.0,0.0,2.21e-11,0.0,7.267442872346294e-05,0.0,2.36e-25,0.0,0.0,0.0,0.0,0.0,0.0,0.0,0.0,0.0,0.0
Utopia,Ocean_Column_Water,biofMP,mp2,3.2090147248145615e-10,8.08599695585997e-09,28.502906418583084,0.0,0.0,0.0,2.21e-11,2.677369247576205e-07,0.0,0.0,2.36e-25,0.0,0.0,0.0,0.0,0.0,0.0,0.0,0.0,0.0,0.0
Utopia,Ocean_Column_Water,biofMP,mp3,3.2090147248145615e-10,9.512937595129376e-10,0.1414485853709565,0.0,0.0,0.0,2.21e-11,1.0307592516728102e-07,0.0,0.0,2.36e-25,0.0,0.0,0.0,0.0,0.0,0.0,0.0,0.0,0.0,0.0
Utopia,Ocean_Column_Water,biofMP,mp4,3.2090147248145615e-10,2.378234398782344e-10,0.001460987596205876,0.0,0.0,0.0,2.21e-11,1.569396080841186e-08,0.0,0.0,2.36e-25,0.0,0.0,0.0,0.0,0.0,0.0,0.0,0.0,0.0,0.0
Utopia,Ocean_Column_Water,biofMP,mp5,3.2090147248145615e-10,1.664764079147641e-10,0.0003895286724124211,0.0,0.0,0.0,2.21e-11,7.99910909365795e-09,0.0,0.0,2.36e-25,0.0,0.0,0.0,0.0,0.0,0.0,0.0,0.0,0.0,0.0
Utopia,Ocean_Column_Water,heterBiofMP,mp1,8.022536812036404e-11,0.0,0.0,66002.3456091228,0.0,0.0,2.21e-11,0.0,7.267442871878754e-05,0.0,2.36e-25,0.0,0.0,0.0,0.0,0.0,0.0,0.0,0.0,0.0,0.0
Utopia,Ocean_Column_Water,heterBiofMP,mp2,8.022536812036404e-11,0.0,0.0,2.8502910716599983,0.0,0.0,2.21e-11,2.677369703670813e-07,0.0,0.0,2.36e-25,0.0,0.0,0.0,0.0,0.0,0.0,0.0,0.0,0.0,0.0
Utopia,Ocean_Column_Water,heterBiofMP,mp3,8.022536812036404e-11,0.0,0.0,0.014144912614497499,0.0,0.0,2.21e-11,1.030762936790362e-07,0.0,0.0,2.36e-25,0.0,0.0,0.0,0.0,0.0,0.0,0.0,0.0,0.0,0.0
Utopia,Ocean_Column_Water,heterBiofMP,mp4,8.022536812036404e-11,0.0,0.0,0.00014611410939056367,0.0,0.0,2.21e-11,1.5695320622596214e-08,0.0,0.0,2.36e-25,0.0,0.0,0.0,0.0,0.0,0.0,0.0,0.0,0.0,0.0
Utopia,Ocean_Column_Water,heterBiofMP,mp5,8.022536812036404e-11,0.0,0.0,3.8964040946189766e-05,0.0,0.0,2.21e-11,8.00104052239424e-09,0.0,0.0,2.36e-25,0.0,0.0,0.0,0.0,0.0,0.0,0.0,0.0,0.0,0.0
Utopia,Coast_Surface_Water,freeMP,mp1,1.6045073624072808e-09,1.5854895991882295e-06,2749337.7260734024,0.0,1.1574074074074074e-06,0.0,1.8e-06,0.0,0.0,0.0,2.36e-25,0.0,0.0,0.0,0.0,0.0,0.0,0.0,0.0,0.0,0.0
Utopia,Coast_Surface_Water,freeMP,mp2,1.6045073624072808e-09,1.5854895991882294e-07,376.02355705855257,0.0,1.1574074074074074e-06,0.0,1.8e-06,0.0,0.0,0.0,2.36e-25,0.0,0.0,0.0,0.0,0.0,0.0,0.0,0.0,0.0,0.0
Utopia,Coast_Surface_Water,freeMP,mp3,1.6045073624072808e-09,1.5854895991882296e-08,0.1419806833061488,0.0,1.1574074074074074e-06,0.0,1.8e-06,0.0,0.0,0.0,2.36e-25,0.0,0.0,0.0,0.0,0.0,0.0,0.0,0.0,0.0,0.0
Utopia,Coast_Surface_Water,freeMP,mp4,1.6045073624072808e-09,1.5854895991882293e-09,0.00017020153346341958,0.0,1.1574074074074074e-06,0.0,1.8e-06,0.0,0.0,0.0,2.36e-25,0.0,0.0,0.0,0.0,0.0,0.0,0.0,0.0,0.0,0.0
Utopia,Coast_Surface_Water,freeMP,mp5,1.6045073624072808e-09,1.5854895991882296e-10,6.554094834277143e-06,0.0,1.1574074074074074e-06,0.0,1.8e-06,0.0,0.0,0.0,2.36e-25,0.0,0.0,0.0,0.0,0.0,0.0,0.0,0.0,0.0,0.0
Utopia,Coast_Surface_Water,heterMP,mp1,1.6045073624072808e-10,0.0,0.0,274933.77259275544,1.1574074074074074e-06,0.0,1.8e-06,0.0,0.0,0.0,2.36e-25,0.0,0.0,0.0,0.0,0.0,0.0,0.0,0.0,0.0,0.0
Utopia,Coast_Surface_Water,heterMP,mp2,1.6045073624072808e-10,0.0,0.0,37.602354254738906,1.1574074074074074e-06,0.0,1.8e-06,0.0,0.0,0.0,2.36e-25,0.0,0.0,0.0,0.0,0.0,0.0,0.0,0.0,0.0,0.0
Utopia,Coast_Surface_Water,heterMP,mp3,1.6045073624072808e-10,0.0,0.0,0.01419793082455969,1.1574074074074074e-06,0.0,1.8e-06,0.0,0.0,0.0,2.36e-25,0.0,0.0,0.0,0.0,0.0,0.0,0.0,0.0,0.0,0.0
Utopia,Coast_Surface_Water,heterMP,mp4,1.6045073624072808e-10,0.0,0.0,1.7016520841367147e-05,1.1574074074074074e-06,0.0,1.8e-06,0.0,0.0,0.0,2.36e-25,0.0,0.0,0.0,0.0,0.0,0.0,0.0,0.0,0.0,0.0
Utopia,Coast_Surface_Water,heterMP,mp5,1.6045073624072808e-10,0.0,0.0,6.980568248778779e-07,1.1574074074074074e-06,0.0,1.8e-06,1.0898343867133186e-08,0.0,0.0,2.36e-25,0.0,0.0,0.0,0.0,0.0,0.0,0.0,0.0,0.0,0.0
Utopia,Coast_Surface_Water,biofMP,mp1,3.2090147248145615e-10,7.94330289193303e-07,4821965.448103593,0.0,0.0,0.0,1.8e-06,0.0,0.0,0.0,2.36e-25,0.0,0.0,0.0,0.0,0.0,0.0,0.0,0.0,0.0,0.0
Utopia,Coast_Surface_Water,biofMP,mp2,3.2090147248145615e-10,8.085996955859972e-08,412.95645787228904,0.0,0.0,0.0,1.8e-06,8.032107742728616e-05,0.0,0.0,2.36e-25,0.0,0.0,0.0,0.0,0.0,0.0,0.0,0.0,0.0,0.0
Utopia,Coast_Surface_Water,biofMP,mp3,3.2090147248145615e-10,9.512937595129377e-09,1.3454004871716103,0.0,0.0,0.0,1.8e-06,3.092277755018431e-05,0.0,0.0,2.36e-25,0.0,0.0,0.0,0.0,0.0,0.0,0.0,0.0,0.0,0.0
Utopia,Coast_Surface_Water,biofMP,mp4,3.2090147248145615e-10,2.3782343987823448e-09,0.016201058159600955,0.0,0.0,0.0,1.8e-06,4.708188242523557e-06,0.0,0.0,2.36e-25,0.0,0.0,0.0,0.0,0.0,0.0,0.0,0.0,0.0,0.0
Utopia,Coast_Surface_Water,biofMP,mp5,3.2090147248145615e-10,1.6647640791476412e-09,0.004861999817780502,0.0,0.0,0.0,1.8e-06,2.399732728097385e-06,0.0,0.0,2.36e-25,0.0,0.0,0.0,0.0,0.0,0.0,0.0,0.0,0.0,0.0
Utopia,Coast_Surface_Water,heterBiofMP,mp1,8.022536812036404e-11,0.0,0.0,482196.5447811076,0.0,0.0,1.8e-06,0.0,0.0,0.0,2.36e-25,0.0,0.0,0.0,0.0,0.0,0.0,0.0,0.0,0.0,0.0
Utopia,Coast_Surface_Water,heterBiofMP,mp2,8.022536812036404e-11,0.0,0.0,41.29564881593362,0.0,0.0,1.8e-06,8.03210911101244e-05,0.0,0.0,2.36e-25,0.0,0.0,0.0,0.0,0.0,0.0,0.0,0.0,0.0,0.0
Utopia,Coast_Surface_Water,heterBiofMP,mp3,8.022536812036404e-11,0.0,0.0,0.13454044764811482,0.0,0.0,1.8e-06,3.092288810371086e-05,0.0,0.0,2.36e-25,0.0,0.0,0.0,0.0,0.0,0.0,0.0,0.0,0.0,0.0
Utopia,Coast_Surface_Water,heterBiofMP,mp4,8.022536812036404e-11,0.0,0.0,0.0016202346770474456,0.0,0.0,1.8e-06,4.708596186778864e-06,0.0,0.0,2.36e-25,0.0,0.0,0.0,0.0,0.0,0.0,0.0,0.0,0.0,0.0
Utopia,Coast_Surface_Water,heterBiofMP,mp5,8.022536812036404e-11,0.0,0.0,0.00048630020653166574,0.0,0.0,1.8e-06,2.400312156718272e-06,0.0,0.0,2.36e-25,0.0,0.0,0.0,0.0,0.0,0.0,0.0,0.0,0.0,0.0
Utopia,Coast_Column_Water,freeMP,mp1,1.6045073624072808e-09,1.5854895991882292e-07,2649040.028633135,0.0,3.858024691358025e-07,0.0,6.84e-08,0.0,0.02511777959852519,0.0,2.36e-25,0.0,0.0,0.0,0.0,0.0,0.0,0.0,0.0,0.0,0.0
Utopia,Coast_Column_Water,freeMP,mp2,1.6045073624072808e-09,1.5854895991882293e-08,275.4548391651048,0.0,3.858024691358025e-07,0.0,6.84e-08,0.0,0.0002511777959852519,0.0,2.36e-25,0.0,0.0,0.0,0.0,0.0,0.0,0.0,0.0,0.0,0.0
Utopia,Coast_Column_Water,freeMP,mp3,1.6045073624072808e-09,1.5854895991882293e-09,0.038674860181959356,0.0,3.858024691358025e-07,0.0,6.84e-08,0.0,2.511777959852519e-06,0.0,2.36e-25,0.0,0.0,0.0,0.0,0.0,0.0,0.0,0.0,0.0,0.0
Utopia,Coast_Column_Water,freeMP,mp4,1.6045073624072808e-09,1.5854895991882296e-10,3.67453390325725e-05,0.0,3.858024691358025e-07,0.0,6.84e-08,0.0,2.5117779598525193e-08,0.0,2.36e-25,0.0,0.0,0.0,0.0,0.0,0.0,0.0,0.0,0.0,0.0
Utopia,Coast_Column_Water,freeMP,mp5,1.6045073624072808e-09,1.5854895991882293e-11,5.751953921093992e-06,0.0,3.858024691358025e-07,0.0,6.84e-08,0.0,2.511777959852519e-10,0.0,2.36e-25,0.0,0.0,0.0,0.0,0.0,0.0,0.0,0.0,0.0,0.0
Utopia,Coast_Column_Water,heterMP,mp1,1.6045073624072808e-10,0.0,0.0,264904.0028487187,3.858024691358025e-07,0.0,6.84e-08,0.0,0.025117779597118618,0.0,2.36e-25,0.0,0.0,0.0,0.0,0.0,0.0,0.0,0.0,0.0,0.0
Utopia,Coast_Column_Water,heterMP,mp2,1.6045073624072808e-10,0.0,0.0,27.545482455347283,3.858024691358025e-07,0.0,6.84e-08,0.0,0.000251177781919297,0.0,2.36e-25,0.0,0.0,0.0,0.0,0.0,0.0,0.0,0.0,0.0,0.0
Utopia,Coast_Column_Water,heterMP,mp3,1.6045073624072808e-10,0.0,0.0,0.0038673382838414444,3.858024691358025e-07,0.0,6.84e-08,0.0,2.5116373003339466e-06,0.0,2.36e-25,0.0,0.0,0.0,0.0,0.0,0.0,0.0,0.0,0.0,0.0
Utopia,Coast_Column_Water,heterMP,mp4,1.6045073624072808e-10,0.0,0.0,3.658769384451425e-06,3.858024691358025e-07,0.0,6.84e-08,0.0,2.371165528227895e-08,0.0,2.36e-25,0.0,0.0,0.0,0.0,0.0,0.0,0.0,0.0,0.0,0.0
Utopia,Coast_Column_Water,heterMP,mp5,1.6045073624072808e-10,0.0,0.0,5.823282824741963e-07,3.858024691358025e-07,0.0,6.84e-08,1.0898343867133186e-08,0.0,0.0,2.36e-25,0.0,0.0,0.0,0.0,0.0,0.0,0.0,0.0,0.0,0.0
Utopia,Coast_Column_Water,biofMP,mp1,3.2090147248145615e-10,7.94330289193303e-08,4620164.192931314,0.0,0.0,0.0,6.84e-08,0.0,0.02180232861703888,0.0,2.36e-25,0.0,0.0,0.0,0.0,0.0,0.0,0.0,0.0,0.0,0.0
Utopia,Coast_Column_Water,biofMP,mp2,3.2090147248145615e-10,8.08599695585997e-09,199.52034493008162,0.0,0.0,0.0,6.84e-08,8.032107742728616e-05,0.0,0.0,2.36e-25,0.0,0.0,0.0,0.0,0.0,0.0,0.0,0.0,0.0,0.0
Utopia,Coast_Column_Water,biofMP,mp3,3.2090147248145615e-10,9.512937595129376e-10,0.9901400975966955,0.0,0.0,0.0,6.84e-08,3.092277755018431e-05,0.0,0.0,2.36e-25,0.0,0.0,0.0,0.0,0.0,0.0,0.0,0.0,0.0,0.0
Utopia,Coast_Column_Water,biofMP,mp4,3.2090147248145615e-10,2.378234398782344e-10,0.010226913173441134,0.0,0.0,0.0,6.84e-08,4.708188242523557e-06,0.0,0.0,2.36e-25,0.0,0.0,0.0,0.0,0.0,0.0,0.0,0.0,0.0,0.0
Utopia,Coast_Column_Water,biofMP,mp5,3.2090147248145615e-10,1.664764079147641e-10,0.002726700706886948,0.0,0.0,0.0,6.84e-08,2.399732728097385e-06,0.0,0.0,2.36e-25,0.0,0.0,0.0,0.0,0.0,0.0,0.0,0.0,0.0,0.0
Utopia,Coast_Column_Water,heterBiofMP,mp1,8.022536812036404e-11,0.0,0.0,462016.4192638597,0.0,0.0,6.84e-08,0.0,0.02180232861563626,0.0,2.36e-25,0.0,0.0,0.0,0.0,0.0,0.0,0.0,0.0,0.0,0.0
Utopia,Coast_Column_Water,heterBiofMP,mp2,8.022536812036404e-11,0.0,0.0,19.952037501619994,0.0,0.0,6.84e-08,8.03210911101244e-05,0.0,0.0,2.36e-25,0.0,0.0,0.0,0.0,0.0,0.0,0.0,0.0,0.0,0.0
Utopia,Coast_Column_Water,heterBiofMP,mp3,8.022536812036404e-11,0.0,0.0,0.0990143883014825,0.0,0.0,6.84e-08,3.092288810371086e-05,0.0,0.0,2.36e-25,0.0,0.0,0.0,0.0,0.0,0.0,0.0,0.0,0.0,0.0
Utopia,Coast_Column_Water,heterBiofMP,mp4,8.022536812036404e-11,0.0,0.0,0.0010227987657339458,0.0,0.0,6.84e-08,4.708596186778864e-06,0.0,0.0,2.36e-25,0.0,0.0,0.0,0.0,0.0,0.0,0.0,0.0,0.0,0.0
Utopia,Coast_Column_Water,heterBiofMP,mp5,8.022536812036404e-11,0.0,0.0,0.0002727482866233284,0.0,0.0,6.84e-08,2.400312156718272e-06,0.0,0.0,2.36e-25,0.0,0.0,0.0,0.0,0.0,0.0,0.0,0.0,0.0,0.0
Utopia,Surface_Freshwater,freeMP,mp1,1.6045073624072808e-09,1.5854895991882295e-06,11782875.968886008,0.0,1.1574074074074074e-06,0.0,5.88235294117647e-10,0.0,0.0,0.0,2.36e-25,0.0,0.0,0.0,0.0,0.0,0.0,0.0,0.0,0.0,0.0
Utopia,Surface_Freshwater,freeMP,mp2,1.6045073624072808e-09,1.5854895991882294e-07,1611.5295302509394,0.0,1.1574074074074074e-06,0.0,5.88235294117647e-10,0.0,0.0,0.0,2.36e-25,0.0,0.0,0.0,0.0,0.0,0.0,0.0,0.0,0.0,0.0
Utopia,Surface_Freshwater,freeMP,mp3,1.6045073624072808e-09,1.5854895991882296e-08,0.6084886427406376,0.0,1.1574074074074074e-06,0.0,5.88235294117647e-10,0.0,0.0,0.0,2.36e-25,0.0,0.0,0.0,0.0,0.0,0.0,0.0,0.0,0.0,0.0
Utopia,Surface_Freshwater,freeMP,mp4,1.6045073624072808e-09,1.5854895991882293e-09,0.0007294351434146552,0.0,1.1574074074074074e-06,0.0,5.88235294117647e-10,0.0,0.0,0.0,2.36e-25,0.0,0.0,0.0,0.0,0.0,0.0,0.0,0.0,0.0,0.0
Utopia,Surface_Freshwater,freeMP,mp5,1.6045073624072808e-09,1.5854895991882296e-10,2.8088977861187754e-05,0.0,1.1574074074074074e-06,0.0,5.88235294117647e-10,0.0,0.0,0.0,2.36e-25,0.0,0.0,0.0,0.0,0.0,0.0,0.0,0.0,0.0,0.0
Utopia,Surface_Freshwater,heterMP,mp1,1.6045073624072808e-10,0.0,0.0,1178287.596826095,1.1574074074074074e-06,0.0,5.88235294117647e-10,0.0,0.0,0.0,2.36e-25,0.0,0.0,0.0,0.0,0.0,0.0,0.0,0.0,0.0,0.0
Utopia,Surface_Freshwater,heterMP,mp2,1.6045073624072808e-10,0.0,0.0,161.1529468060239,1.1574074074074074e-06,0.0,5.88235294117647e-10,0.0,0.0,0.0,2.36e-25,0.0,0.0,0.0,0.0,0.0,0.0,0.0,0.0,0.0,0.0
Utopia,Surface_Freshwater,heterMP,mp3,1.6045073624072808e-10,0.0,0.0,0.060848274962398675,1.1574074074074074e-06,0.0,5.88235294117647e-10,0.0,0.0,0.0,2.36e-25,0.0,0.0,0.0,0.0,0.0,0.0,0.0,0.0,0.0,0.0
Utopia,Surface_Freshwater,heterMP,mp4,1.6045073624072808e-10,0.0,0.0,7.292794646300206e-05,1.1574074074074074e-06,0.0,5.88235294117647e-10,0.0,0.0,0.0,2.36e-25,0.0,0.0,0.0,0.0,0.0,0.0,0.0,0.0,0.0,0.0
Utopia,Surface_Freshwater,heterMP,mp5,1.6045073624072808e-10,0.0,0.0,2.991672106619476e-06,1.1574074074074074e-06,0.0,5.88235294117647e-10,1.0898343867133186e-08,0.0,0.0,2.36e-25,0.0,0.0,0.0,0.0,0.0,0.0,0.0,0.0,0.0,0.0
Utopia,Surface_Freshwater,biofMP,mp1,3.2090147248145615e-10,7.94330289193303e-07,20665566.206158254,0.0,0.0,0.0,5.88235294117647e-10,0.0,0.0,0.0,2.36e-25,0.0,0.0,0.0,0.0,0.0,0.0,0.0,0.0,0.0,0.0
Utopia,Surface_Freshwater,biofMP,mp2,3.2090147248145615e-10,8.085996955859972e-08,1769.8133908812385,0.0,0.0,0.0,5.88235294117647e-10,8.032107742728616e-05,0.0,0.0,2.36e-25,0.0,0.0,0.0,0.0,0.0,0.0,0.0,0.0,0.0,0.0
Utopia,Surface_Freshwater,biofMP,mp3,3.2090147248145615e-10,9.512937595129377e-09,5.76600208787833,0.0,0.0,0.0,5.88235294117647e-10,3.092277755018431e-05,0.0,0.0,2.36e-25,0.0,0.0,0.0,0.0,0.0,0.0,0.0,0.0,0.0,0.0
Utopia,Surface_Freshwater,biofMP,mp4,3.2090147248145615e-10,2.3782343987823448e-09,0.0694331063982898,0.0,0.0,0.0,5.88235294117647e-10,4.708188242523557e-06,0.0,0.0,2.36e-25,0.0,0.0,0.0,0.0,0.0,0.0,0.0,0.0,0.0,0.0
Utopia,Surface_Freshwater,biofMP,mp5,3.2090147248145615e-10,1.6647640791476412e-09,0.020837142076202148,0.0,0.0,0.0,5.88235294117647e-10,2.399732728097385e-06,0.0,0.0,2.36e-25,0.0,0.0,0.0,0.0,0.0,0.0,0.0,0.0,0.0,0.0
Utopia,Surface_Freshwater,heterBiofMP,mp1,8.022536812036404e-11,0.0,0.0,2066556.620490461,0.0,0.0,5.88235294117647e-10,0.0,0.0,0.0,2.36e-25,0.0,0.0,0.0,0.0,0.0,0.0,0.0,0.0,0.0,0.0
Utopia,Surface_Freshwater,heterBiofMP,mp2,8.022536812036404e-11,0.0,0.0,176.98135206828692,0.0,0.0,5.88235294117647e-10,8.03210911101244e-05,0.0,0.0,2.36e-25,0.0,0.0,0.0,0.0,0.0,0.0,0.0,0.0,0.0,0.0
Utopia,Surface_Freshwater,heterBiofMP,mp3,8.022536812036404e-11,0.0,0.0,0.5766019184919207,0.0,0.0,5.88235294117647e-10,3.092288810371086e-05,0.0,0.0,2.36e-25,0.0,0.0,0.0,0.0,0.0,0.0,0.0,0.0,0.0,0.0
Utopia,Surface_Freshwater,heterBiofMP,mp4,8.022536812036404e-11,0.0,0.0,0.006943862901631909,0.0,0.0,5.88235294117647e-10,4.708596186778864e-06,0.0,0.0,2.36e-25,0.0,0.0,0.0,0.0,0.0,0.0,0.0,0.0,0.0,0.0
Utopia,Surface_Freshwater,heterBiofMP,mp5,8.022536812036404e-11,0.0,0.0,0.0020841437422785673,0.0,0.0,5.88235294117647e-10,2.400312156718272e-06,0.0,0.0,2.36e-25,0.0,0.0,0.0,0.0,0.0,0.0,0.0,0.0,0.0,0.0
Utopia,Bulk_Freshwater,freeMP,mp1,1.6045073624072808e-09,1.5854895991882292e-07,11782875.968886008,0.0,3.858024691358025e-07,0.0,6.25e-11,0.0,0.008372593199508397,0.0,2.36e-25,0.0,0.0,0.0,0.0,0.0,0.0,0.0,0.0,0.0,0.0
Utopia,Bulk_Freshwater,freeMP,mp2,1.6045073624072808e-09,1.5854895991882293e-08,1611.5295302509394,0.0,3.858024691358025e-07,0.0,6.25e-11,0.0,8.372593199508396e-05,0.0,2.36e-25,0.0,0.0,0.0,0.0,0.0,0.0,0.0,0.0,0.0,0.0
Utopia,Bulk_Freshwater,freeMP,mp3,1.6045073624072808e-09,1.5854895991882293e-09,0.6084886427406376,0.0,3.858024691358025e-07,0.0,6.25e-11,0.0,8.372593199508397e-07,0.0,2.36e-25,0.0,0.0,0.0,0.0,0.0,0.0,0.0,0.0,0.0,0.0
Utopia,Bulk_Freshwater,freeMP,mp4,1.6045073624072808e-09,1.5854895991882296e-10,0.0007294351434146552,0.0,3.858024691358025e-07,0.0,6.25e-11,0.0,8.372593199508398e-09,0.0,2.36e-25,0.0,0.0,0.0,0.0,0.0,0.0,0.0,0.0,0.0,0.0
Utopia,Bulk_Freshwater,freeMP,mp5,1.6045073624072808e-09,1.5854895991882293e-11,2.8088977861187754e-05,0.0,3.858024691358025e-07,0.0,6.25e-11,0.0,8.372593199508396e-11,0.0,2.36e-25,0.0,0.0,0.0,0.0,0.0,0.0,0.0,0.0,0.0,0.0
Utopia,Bulk_Freshwater,heterMP,mp1,1.6045073624072808e-10,0.0,0.0,1178287.596826095,3.858024691358025e-07,0.0,6.25e-11,0.0,0.00837259319903954,0.0,2.36e-25,0.0,0.0,0.0,0.0,0.0,0.0,0.0,0.0,0.0,0.0
Utopia,Bulk_Freshwater,heterMP,mp2,1.6045073624072808e-10,0.0,0.0,161.1529468060239,3.858024691358025e-07,0.0,6.25e-11,0.0,8.372592730643234e-05,0.0,2.36e-25,0.0,0.0,0.0,0.0,0.0,0.0,0.0,0.0,0.0,0.0
Utopia,Bulk_Freshwater,heterMP,mp3,1.6045073624072808e-10,0.0,0.0,0.060848274962398675,3.858024691358025e-07,0.0,6.25e-11,0.0,8.372124334446489e-07,0.0,2.36e-25,0.0,0.0,0.0,0.0,0.0,0.0,0.0,0.0,0.0,0.0
Utopia,Bulk_Freshwater,heterMP,mp4,1.6045073624072808e-10,0.0,0.0,7.292794646300206e-05,3.858024691358025e-07,0.0,6.25e-11,0.0,7.903885094092983e-09,0.0,2.36e-25,0.0,0.0,0.0,0.0,0.0,0.0,0.0,0.0,0.0,0.0
Utopia,Bulk_Freshwater,heterMP,mp5,1.6045073624072808e-10,0.0,0.0,2.991672106619476e-06,3.858024691358025e-07,0.0,6.25e-11,3.6327812890443956e-09,0.0,0.0,2.36e-25,0.0,0.0,0.0,0.0,0.0,0.0,0.0,0.0,0.0,0.0
Utopia,Bulk_Freshwater,biofMP,mp1,3.2090147248145615e-10,7.94330289193303e-08,20665566.206158254,0.0,0.0,0.0,6.25e-11,0.0,0.007267442872346294,0.0,2.36e-25,0.0,0.0,0.0,0.0,0.0,0.0,0.0,0.0,0.0,0.0
Utopia,Bulk_Freshwater,biofMP,mp2,3.2090147248145615e-10,8.08599695585997e-09,1769.8133908812385,0.0,0.0,0.0,6.25e-11,2.6773692475762054e-05,0.0,0.0,2.36e-25,0.0,0.0,0.0,0.0,0.0,0.0,0.0,0.0,0.0,0.0
Utopia,Bulk_Freshwater,biofMP,mp3,3.2090147248145615e-10,9.512937595129376e-10,5.76600208787833,0.0,0.0,0.0,6.25e-11,1.0307592516728102e-05,0.0,0.0,2.36e-25,0.0,0.0,0.0,0.0,0.0,0.0,0.0,0.0,0.0,0.0
Utopia,Bulk_Freshwater,biofMP,mp4,3.2090147248145615e-10,2.378234398782344e-10,0.0694331063982898,0.0,0.0,0.0,6.25e-11,1.5693960808411858e-06,0.0,0.0,2.36e-25,0.0,0.0,0.0,0.0,0.0,0.0,0.0,0.0,0.0,0.0
Utopia,Bulk_Freshwater,biofMP,mp5,3.2090147248145615e-10,1.664764079147641e-10,0.020837142076202148,0.0,0.0,0.0,6.25e-11,7.999109093657949e-07,0.0,0.0,2.36e-25,0.0,0.0,0.0,0.0,0.0,0.0,0.0,0.0,0.0,0.0
Utopia,Bulk_Freshwater,heterBiofMP,mp1,8.022536812036404e-11,0.0,0.0,2066556.620490461,0.0,0.0,6.25e-11,0.0,0.007267442871878753,0.0,2.36e-25,0.0,0.0,0.0,0.0,0.0,0.0,0.0,0.0,0.0,0.0
Utopia,Bulk_Freshwater,heterBiofMP,mp2,8.022536812036404e-11,0.0,0.0,176.98135206828692,0.0,0.0,6.25e-11,2.6773697036708134e-05,0.0,0.0,2.36e-25,0.0,0.0,0.0,0.0,0.0,0.0,0.0,0.0,0.0,0.0
Utopia,Bulk_Freshwater,heterBiofMP,mp3,8.022536812036404e-11,0.0,0.0,0.5766019184919207,0.0,0.0,6.25e-11,1.030762936790362e-05,0.0,0.0,2.36e-25,0.0,0.0,0.0,0.0,0.0,0.0,0.0,0.0,0.0,0.0
Utopia,Bulk_Freshwater,heterBiofMP,mp4,8.022536812036404e-11,0.0,0.0,0.006943862901631909,0.0,0.0,6.25e-11,1.5695320622596215e-06,0.0,0.0,2.36e-25,0.0,0.0,0.0,0.0,0.0,0.0,0.0,0.0,0.0,0.0
Utopia,Bulk_Freshwater,heterBiofMP,mp5,8.022536812036404e-11,0.0,0.0,0.0020841437422785673,0.0,0.0,6.25e-11,8.00104052239424e-07,0.0,0.0,2.36e-25,0.0,0.0,0.0,0.0,0.0,0.0,0.0,0.0,0.0,0.0
Utopia,Sediment_Freshwater,freeMP,mp1,1.6045073624072808e-09,1.5854895991882293e-08,0.0,0.0,0.0,0.0,0.0,0.0,0.0,0.0,0.0,1e-09,2.7e-10,0.0,0.0,0.0,0.0,0.0,0.0,0.0,0.0
Utopia,Sediment_Freshwater,freeMP,mp2,1.6045073624072808e-09,1.5854895991882293e-09,0.0,0.0,0.0,0.0,0.0,0.0,0.0,0.0,0.0,1e-09,2.7e-10,0.0,0.0,0.0,0.0,0.0,0.0,0.0,0.0
Utopia,Sediment_Freshwater,freeMP,mp3,1.6045073624072808e-09,1.5854895991882296e-10,0.0,0.0,0.0,0.0,0.0,0.0,0.0,0.0,0.0,1e-09,2.7e-10,0.0,0.0,0.0,0.0,0.0,0.0,0.0,0.0
Utopia,Sediment_Freshwater,freeMP,mp4,1.6045073624072808e-09,1.5854895991882293e-11,0.0,0.0,0.0,0.0,0.0,0.0,0.0,0.0,0.0,1e-09,2.7e-10,0.0,0.0,0.0,0.0,0.0,0.0,0.0,0.0
Utopia,Sediment_Freshwater,freeMP,mp5,1.6045073624072808e-09,1.5854895991882294e-12,0.0,0.0,0.0,0.0,0.0,0.0,0.0,0.0,0.0,1e-09,2.7e-10,0.0,0.0,0.0,0.0,0.0,0.0,0.0,0.0
Utopia,Sediment_Freshwater,heterMP,mp1,1.6045073624072808e-10,0.0,0.0,0.0,0.0,0.0,0.0,0.0,0.0,0.0,0.0,1e-09,2.7e-10,0.0,0.0,0.0,0.0,0.0,0.0,0.0,0.0
Utopia,Sediment_Freshwater,heterMP,mp2,1.6045073624072808e-10,0.0,0.0,0.0,0.0,0.0,0.0,0.0,0.0,0.0,0.0,1e-09,2.7e-10,0.0,0.0,0.0,0.0,0.0,0.0,0.0,0.0
Utopia,Sediment_Freshwater,heterMP,mp3,1.6045073624072808e-10,0.0,0.0,0.0,0.0,0.0,0.0,0.0,0.0,0.0,0.0,1e-09,2.7e-10,0.0,0.0,0.0,0.0,0.0,0.0,0.0,0.0
Utopia,Sediment_Freshwater,heterMP,mp4,1.6045073624072808e-10,0.0,0.0,0.0,0.0,0.0,0.0,0.0,0.0,0.0,0.0,1e-09,2.7e-10,0.0,0.0,0.0,0.0,0.0,0.0,0.0,0.0
Utopia,Sediment_Freshwater,heterMP,mp5,1.6045073624072808e-10,0.0,0.0,0.0,0.0,0.0,0.0,0.0,0.0,0.0,0.0,1e-09,2.7e-10,0.0,0.0,0.0,0.0,0.0,0.0,0.0,0.0
Utopia,Sediment_Freshwater,biofMP,mp1,3.2090147248145615e-10,7.943302891933028e-09,0.0,0.0,0.0,0.0,0.0,0.0,0.0,0.0,0.0,1e-09,2.7e-10,0.0,0.0,0.0,0.0,0.0,0.0,0.0,0.0
Utopia,Sediment_Freshwater,biofMP,mp2,3.2090147248145615e-10,8.08599695585997e-10,0.0,0.0,0.0,0.0,0.0,0.0,0.0,0.0,0.0,1e-09,2.7e-10,0.0,0.0,0.0,0.0,0.0,0.0,0.0,0.0
Utopia,Sediment_Freshwater,biofMP,mp3,3.2090147248145615e-10,9.512937595129376e-11,0.0,0.0,0.0,0.0,0.0,0.0,0.0,0.0,0.0,1e-09,2.7e-10,0.0,0.0,0.0,0.0,0.0,0.0,0.0,0.0
Utopia,Sediment_Freshwater,biofMP,mp4,3.2090147248145615e-10,2.3782343987823443e-11,0.0,0.0,0.0,0.0,0.0,0.0,0.0,0.0,0.0,1e-09,2.7e-10,0.0,0.0,0.0,0.0,0.0,0.0,0.0,0.0
Utopia,Sediment_Freshwater,biofMP,mp5,3.2090147248145615e-10,1.6647640791476408e-11,0.0,0.0,0.0,0.0,0.0,0.0,0.0,0.0,0.0,1e-09,2.7e-10,0.0,0.0,0.0,0.0,0.0,0.0,0.0,0.0
Utopia,Sediment_Freshwater,heterBiofMP,mp1,8.022536812036404e-11,0.0,0.0,0.0,0.0,0.0,0.0,0.0,0.0,0.0,0.0,1e-09,2.7e-10,0.0,0.0,0.0,0.0,0.0,0.0,0.0,0.0
Utopia,Sediment_Freshwater,heterBiofMP,mp2,8.022536812036404e-11,0.0,0.0,0.0,0.0,0.0,0.0,0.0,0.0,0.0,0.0,1e-09,2.7e-10,0.0,0.0,0.0,0.0,0.0,0.0,0.0,0.0
Utopia,Sediment_Freshwater,heterBiofMP,mp3,8.022536812036404e-11,0.0,0.0,0.0,0.0,0.0,0.0,0.0,0.0,0.0,0.0,1e-09,2.7e-10,0.0,0.0,0.0,0.0,0.0,0.0,0.0,0.0
Utopia,Sediment_Freshwater,heterBiofMP,mp4,8.022536812036404e-11,0.0,0.0,0.0,0.0,0.0,0.0,0.0,0.0,0.0,0.0,1e-09,2.7e-10,0.0,0.0,0.0,0.0,0.0,0.0,0.0,0.0
Utopia,Sediment_Freshwater,heterBiofMP,mp5,8.022536812036404e-11,0.0,0.0,0.0,0.0,0.0,0.0,0.0,0.0,0.0,0.0,1e-09,2.7e-10,0.0,0.0,0.0,0.0,0.0,0.0,0.0,0.0
Utopia,Sediment_Ocean,freeMP,mp1,1.6045073624072808e-09,1.5854895991882293e-08,0.0,0.0,0.0,0.0,0.0,0.0,0.0,0.0,0.0,1e-11,2.7e-12,0.0,0.0,0.0,0.0,0.0,0.0,0.0,0.0
Utopia,Sediment_Ocean,freeMP,mp2,1.6045073624072808e-09,1.5854895991882293e-09,0.0,0.0,0.0,0.0,0.0,0.0,0.0,0.0,0.0,1e-11,2.7e-12,0.0,0.0,0.0,0.0,0.0,0.0,0.0,0.0
Utopia,Sediment_Ocean,freeMP,mp3,1.6045073624072808e-09,1.5854895991882296e-10,0.0,0.0,0.0,0.0,0.0,0.0,0.0,0.0,0.0,1e-11,2.7e-12,0.0,0.0,0.0,0.0,0.0,0.0,0.0,0.0
Utopia,Sediment_Ocean,freeMP,mp4,1.6045073624072808e-09,1.5854895991882293e-11,0.0,0.0,0.0,0.0,0.0,0.0,0.0,0.0,0.0,1e-11,2.7e-12,0.0,0.0,0.0,0.0,0.0,0.0,0.0,0.0
Utopia,Sediment_Ocean,freeMP,mp5,1.6045073624072808e-09,1.5854895991882294e-12,0.0,0.0,0.0,0.0,0.0,0.0,0.0,0.0,0.0,1e-11,2.7e-12,0.0,0.0,0.0,0.0,0.0,0.0,0.0,0.0
Utopia,Sediment_Ocean,heterMP,mp1,1.6045073624072808e-10,0.0,0.0,0.0,0.0,0.0,0.0,0.0,0.0,0.0,0.0,1e-11,2.7e-12,0.0,0.0,0.0,0.0,0.0,0.0,0.0,0.0
Utopia,Sediment_Ocean,heterMP,mp2,1.6045073624072808e-10,0.0,0.0,0.0,0.0,0.0,0.0,0.0,0.0,0.0,0.0,1e-11,2.7e-12,0.0,0.0,0.0,0.0,0.0,0.0,0.0,0.0
Utopia,Sediment_Ocean,heterMP,mp3,1.6045073624072808e-10,0.0,0.0,0.0,0.0,0.0,0.0,0.0,0.0,0.0,0.0,1e-11,2.7e-12,0.0,0.0,0.0,0.0,0.0,0.0,0.0,0.0
Utopia,Sediment_Ocean,heterMP,mp4,1.6045073624072808e-10,0.0,0.0,0.0,0.0,0.0,0.0,0.0,0.0,0.0,0.0,1e-11,2.7e-12,0.0,0.0,0.0,0.0,0.0,0.0,0.0,0.0
Utopia,Sediment_Ocean,heterMP,mp5,1.6045073624072808e-10,0.0,0.0,0.0,0.0,0.0,0.0,0.0,0.0,0.0,0.0,1e-11,2.7e-12,0.0,0.0,0.0,0.0,0.0,0.0,0.0,0.0
Utopia,Sediment_Ocean,biofMP,mp1,3.2090147248145615e-10,7.943302891933028e-09,0.0,0.0,0.0,0.0,0.0,0.0,0.0,0.0,0.0,1e-11,2.7e-12,0.0,0.0,0.0,0.0,0.0,0.0,0.0,0.0
Utopia,Sediment_Ocean,biofMP,mp2,3.2090147248145615e-10,8.08599695585997e-10,0.0,0.0,0.0,0.0,0.0,0.0,0.0,0.0,0.0,1e-11,2.7e-12,0.0,0.0,0.0,0.0,0.0,0.0,0.0,0.0
Utopia,Sediment_Ocean,biofMP,mp3,3.2090147248145615e-10,9.512937595129376e-11,0.0,0.0,0.0,0.0,0.0,0.0,0.0,0.0,0.0,1e-11,2.7e-12,0.0,0.0,0.0,0.0,0.0,0.0,0.0,0.0
Utopia,Sediment_Ocean,biofMP,mp4,3.2090147248145615e-10,2.3782343987823443e-11,0.0,0.0,0.0,0.0,0.0,0.0,0.0,0.0,0.0,1e-11,2.7e-12,0.0,0.0,0.0,0.0,0.0,0.0,0.0,0.0
Utopia,Sediment_Ocean,biofMP,mp5,3.2090147248145615e-10,1.6647640791476408e-11,0.0,0.0,0.0,0.0,0.0,0.0,0.0,0.0,0.0,1e-11,2.7e-12,0.0,0.0,0.0,0.0,0.0,0.0,0.0,0.0
Utopia,Sediment_Ocean,heterBiofMP,mp1,8.022536812036404e-11,0.0,0.0,0.0,0.0,0.0,0.0,0.0,0.0,0.0,0.0,1e-11,2.7e-12,0.0,0.0,0.0,0.0,0.0,0.0,0.0,0.0
Utopia,Sediment_Ocean,heterBiofMP,mp2,8.022536812036404e-11,0.0,0.0,0.0,0.0,0.0,0.0,0.0,0.0,0.0,0.0,1e-11,2.7e-12,0.0,0.0,0.0,0.0,0.0,0.0,0.0,0.0
Utopia,Sediment_Ocean,heterBiofMP,mp3,8.022536812036404e-11,0.0,0.0,0.0,0.0,0.0,0.0,0.0,0.0,0.0,0.0,1e-11,2.7e-12,0.0,0.0,0.0,0.0,0.0,0.0,0.0,0.0
Utopia,Sediment_Ocean,heterBiofMP,mp4,8.022536812036404e-11,0.0,0.0,0.0,0.0,0.0,0.0,0.0,0.0,0.0,0.0,1e-11,2.7e-12,0.0,0.0,0.0,0.0,0.0,0.0,0.0,0.0
Utopia,Sediment_Ocean,heterBiofMP,mp5,8.022536812036404e-11,0.0,0.0,0.0,0.0,0.0,0.0,0.0,0.0,0.0,0.0,1e-11,2.7e-12,0.0,0.0,0.0,0.0,0.0,0.0,0.0,0.0
Utopia,Sediment_Coast,freeMP,mp1,1.6045073624072808e-09,1.5854895991882293e-08,0.0,0.0,0.0,0.0,0.0,0.0,0.0,0.0,0.0,1e-10,2.7e-11,0.0,0.0,0.0,0.0,0.0,0.0,0.0,0.0
Utopia,Sediment_Coast,freeMP,mp2,1.6045073624072808e-09,1.5854895991882293e-09,0.0,0.0,0.0,0.0,0.0,0.0,0.0,0.0,0.0,1e-10,2.7e-11,0.0,0.0,0.0,0.0,0.0,0.0,0.0,0.0
Utopia,Sediment_Coast,freeMP,mp3,1.6045073624072808e-09,1.5854895991882296e-10,0.0,0.0,0.0,0.0,0.0,0.0,0.0,0.0,0.0,1e-10,2.7e-11,0.0,0.0,0.0,0.0,0.0,0.0,0.0,0.0
Utopia,Sediment_Coast,freeMP,mp4,1.6045073624072808e-09,1.5854895991882293e-11,0.0,0.0,0.0,0.0,0.0,0.0,0.0,0.0,0.0,1e-10,2.7e-11,0.0,0.0,0.0,0.0,0.0,0.0,0.0,0.0
Utopia,Sediment_Coast,freeMP,mp5,1.6045073624072808e-09,1.5854895991882294e-12,0.0,0.0,0.0,0.0,0.0,0.0,0.0,0.0,0.0,1e-10,2.7e-11,0.0,0.0,0.0,0.0,0.0,0.0,0.0,0.0
Utopia,Sediment_Coast,heterMP,mp1,1.6045073624072808e-10,0.0,0.0,0.0,0.0,0.0,0.0,0.0,0.0,0.0,0.0,1e-10,2.7e-11,0.0,0.0,0.0,0.0,0.0,0.0,0.0,0.0
Utopia,Sediment_Coast,heterMP,mp2,1.6045073624072808e-10,0.0,0.0,0.0,0.0,0.0,0.0,0.0,0.0,0.0,0.0,1e-10,2.7e-11,0.0,0.0,0.0,0.0,0.0,0.0,0.0,0.0
Utopia,Sediment_Coast,heterMP,mp3,1.6045073624072808e-10,0.0,0.0,0.0,0.0,0.0,0.0,0.0,0.0,0.0,0.0,1e-10,2.7e-11,0.0,0.0,0.0,0.0,0.0,0.0,0.0,0.0
Utopia,Sediment_Coast,heterMP,mp4,1.6045073624072808e-10,0.0,0.0,0.0,0.0,0.0,0.0,0.0,0.0,0.0,0.0,1e-10,2.7e-11,0.0,0.0,0.0,0.0,0.0,0.0,0.0,0.0
Utopia,Sediment_Coast,heterMP,mp5,1.6045073624072808e-10,0.0,0.0,0.0,0.0,0.0,0.0,0.0,0.0,0.0,0.0,1e-10,2.7e-11,0.0,0.0,0.0,0.0,0.0,0.0,0.0,0.0
Utopia,Sediment_Coast,biofMP,mp1,3.2090147248145615e-10,7.943302891933028e-09,0.0,0.0,0.0,0.0,0.0,0.0,0.0,0.0,0.0,1e-10,2.7e-11,0.0,0.0,0.0,0.0,0.0,0.0,0.0,0.0
Utopia,Sediment_Coast,biofMP,mp2,3.2090147248145615e-10,8.08599695585997e-10,0.0,0.0,0.0,0.0,0.0,0.0,0.0,0.0,0.0,1e-10,2.7e-11,0.0,0.0,0.0,0.0,0.0,0.0,0.0,0.0
Utopia,Sediment_Coast,biofMP,mp3,3.2090147248145615e-10,9.512937595129376e-11,0.0,0.0,0.0,0.0,0.0,0.0,0.0,0.0,0.0,1e-10,2.7e-11,0.0,0.0,0.0,0.0,0.0,0.0,0.0,0.0
Utopia,Sediment_Coast,biofMP,mp4,3.2090147248145615e-10,2.3782343987823443e-11,0.0,0.0,0.0,0.0,0.0,0.0,0.0,0.0,0.0,1e-10,2.7e-11,0.0,0.0,0.0,0.0,0.0,0.0,0.0,0.0
Utopia,Sediment_Coast,biofMP,mp5,3.2090147248145615e-10,1.6647640791476408e-11,0.0,0.0,0.0,0.0,0.0,0.0,0.0,0.0,0.0,1e-10,2.7e-11,0.0,0.0,0.0,0.0,0.0,0.0,0.0,0.0
Utopia,Sediment_Coast,heterBiofMP,mp1,8.022536812036404e-11,0.0,0.0,0.0,0.0,0.0,0.0,0.0,0.0,0.0,0.0,1e-10,2.7e-11,0.0,0.0,0.0,0.0,0.0,0.0,0.0,0.0
Utopia,Sediment_Coast,heterBiofMP,mp2,8.022536812036404e-11,0.0,0.0,0.0,0.0,0.0,0.0,0.0,0.0,0.0,0.0,1e-10,2.7e-11,0.0,0.0,0.0,0.0,0.0,0.0,0.0,0.0
Utopia,Sediment_Coast,heterBiofMP,mp3,8.022536812036404e-11,0.0,0.0,0.0,0.0,0.0,0.0,0.0,0.0,0.0,0.0,1e-10,2.7e-11,0.0,0.0,0.0,0.0,0.0,0.0,0.0,0.0
Utopia,Sediment_Coast,heterBiofMP,mp4,8.022536812036404e-11,0.0,0.0,0.0,0.0,0.0,0.0,0.0,0.0,0.0,0.0,1e-10,2.7e-11,0.0,0.0,0.0,0.0,0.0,0.0,0.0,0.0
Utopia,Sediment_Coast,heterBiofMP,mp5,8.022536812036404e-11,0.0,0.0,0.0,0.0,0.0,0.0,0.0,0.0,0.0,0.0,1e-10,2.7e-11,0.0,0.0,0.0,0.0,0.0,0.0,0.0,0.0
Utopia,Urban_Soil_Surface,freeMP,mp1,1.6045073624072808e-09,1.5854895991882292e-07,0.0,0.0,0.0,0.0,0.0,0.0,0.0,0.0,0.0,0.0,0.0,4.69e-09,0.0,0.0,4.68e-24,0.0,0.0,0.0,0.0
Utopia,Urban_Soil_Surface,freeMP,mp2,1.6045073624072808e-09,1.5854895991882293e-08,0.0,0.0,0.0,0.0,0.0,0.0,0.0,0.0,0.0,0.0,0.0,4.69e-09,0.0,0.0,4.68e-24,0.0,0.0,0.0,0.0
Utopia,Urban_Soil_Surface,freeMP,mp3,1.6045073624072808e-09,1.5854895991882293e-09,0.0,0.0,0.0,0.0,0.0,0.0,0.0,0.0,0.0,0.0,0.0,4.69e-09,0.0,0.0,4.68e-24,0.0,0.0,0.0,0.0
Utopia,Urban_Soil_Surface,freeMP,mp4,1.6045073624072808e-09,1.5854895991882296e-10,0.0,0.0,0.0,0.0,0.0,0.0,0.0,0.0,0.0,0.0,0.0,4.69e-09,0.0,0.0,4.68e-24,0.0,0.0,0.0,0.0
Utopia,Urban_Soil_Surface,freeMP,mp5,1.6045073624072808e-09,1.5854895991882293e-11,0.0,0.0,0.0,0.0,0.0,0.0,0.0,0.0,0.0,0.0,0.0,4.69e-09,0.0,0.0,4.68e-24,0.0,0.0,0.0,0.0
Utopia,Urban_Soil_Surface,heterMP,mp1,1.6045073624072808e-10,0.0,0.0,0.0,0.0,0.0,0.0,0.0,0.0,0.0,0.0,0.0,0.0,4.69e-09,0.0,0.0,4.68e-24,0.0,0.0,0.0,0.0
Utopia,Urban_Soil_Surface,heterMP,mp2,1.6045073624072808e-10,0.0,0.0,0.0,0.0,0.0,0.0,0.0,0.0,0.0,0.0,0.0,0.0,4.69e-09,0.0,0.0,4.68e-24,0.0,0.0,0.0,0.0
Utopia,Urban_Soil_Surface,heterMP,mp3,1.6045073624072808e-10,0.0,0.0,0.0,0.0,0.0,0.0,0.0,0.0,0.0,0.0,0.0,0.0,4.69e-09,0.0,0.0,4.68e-24,0.0,0.0,0.0,0.0
Utopia,Urban_Soil_Surface,heterMP,mp4,1.6045073624072808e-10,0.0,0.0,0.0,0.0,0.0,0.0,0.0,0.0,0.0,0.0,0.0,0.0,4.69e-09,0.0,0.0,4.68e-24,0.0,0.0,0.0,0.0
Utopia,Urban_Soil_Surface,heterMP,mp5,1.6045073624072808e-10,0.0,0.0,0.0,0.0,0.0,0.0,0.0,0.0,0.0,0.0,0.0,0.0,4.69e-09,0.0,0.0,4.68e-24,0.0,0.0,0.0,0.0
Utopia,Urban_Soil_Surface,biofMP,mp1,3.2090147248145615e-10,7.94330289193303e-08,0.0,0.0,0.0,0.0,0.0,0.0,0.0,0.0,0.0,0.0,0.0,4.69e-09,0.0,0.0,4.68e-24,0.0,0.0,0.0,0.0
Utopia,Urban_Soil_Surface,biofMP,mp2,3.2090147248145615e-10,8.08599695585997e-09,0.0,0.0,0.0,0.0,0.0,0.0,0.0,0.0,0.0,0.0,0.0,4.69e-09,0.0,0.0,4.68e-24,0.0,0.0,0.0,0.0
Utopia,Urban_Soil_Surface,biofMP,mp3,3.2090147248145615e-10,9.512937595129376e-10,0.0,0.0,0.0,0.0,0.0,0.0,0.0,0.0,0.0,0.0,0.0,4.69e-09,0.0,0.0,4.68e-24,0.0,0.0,0.0,0.0
Utopia,Urban_Soil_Surface,biofMP,mp4,3.2090147248145615e-10,2.378234398782344e-10,0.0,0.0,0.0,0.0,0.0,0.0,0.0,0.0,0.0,0.0,0.0,4.69e-09,0.0,0.0,4.68e-24,0.0,0.0,0.0,0.0
Utopia,Urban_Soil_Surface,biofMP,mp5,3.2090147248145615e-10,1.664764079147641e-10,0.0,0.0,0.0,0.0,0.0,0.0,0.0,0.0,0.0,0.0,0.0,4.69e-09,0.0,0.0,4.68e-24,0.0,0.0,0.0,0.0
Utopia,Urban_Soil_Surface,heterBiofMP,mp1,8.022536812036404e-11,0.0,0.0,0.0,0.0,0.0,0.0,0.0,0.0,0.0,0.0,0.0,0.0,4.69e-09,0.0,0.0,4.68e-24,0.0,0.0,0.0,0.0
Utopia,Urban_Soil_Surface,heterBiofMP,mp2,8.022536812036404e-11,0.0,0.0,0.0,0.0,0.0,0.0,0.0,0.0,0.0,0.0,0.0,0.0,4.69e-09,0.0,0.0,4.68e-24,0.0,0.0,0.0,0.0
Utopia,Urban_Soil_Surface,heterBiofMP,mp3,8.022536812036404e-11,0.0,0.0,0.0,0.0,0.0,0.0,0.0,0.0,0.0,0.0,0.0,0.0,4.69e-09,0.0,0.0,4.68e-24,0.0,0.0,0.0,0.0
Utopia,Urban_Soil_Surface,heterBiofMP,mp4,8.022536812036404e-11,0.0,0.0,0.0,0.0,0.0,0.0,0.0,0.0,0.0,0.0,0.0,0.0,4.69e-09,0.0,0.0,4.68e-24,0.0,0.0,0.0,0.0
Utopia,Urban_Soil_Surface,heterBiofMP,mp5,8.022536812036404e-11,0.0,0.0,0.0,0.0,0.0,0.0,0.0,0.0,0.0,0.0,0.0,0.0,4.69e-09,0.0,0.0,4.68e-24,0.0,0.0,0.0,0.0
Utopia,Urban_Soil,freeMP,mp1,1.6045073624072808e-09,1.5854895991882293e-08,0.0,0.0,0.0,0.0,0.0,0.0,0.0,0.0,0.0,0.0,0.0,0.0,0.0,0.0,0.0,2.71e-09,0.0,0.0,0.0
Utopia,Urban_Soil,freeMP,mp2,1.6045073624072808e-09,1.5854895991882293e-09,0.0,0.0,0.0,0.0,0.0,0.0,0.0,0.0,0.0,0.0,0.0,0.0,0.0,0.0,0.0,2.71e-09,0.0,0.0,0.0
Utopia,Urban_Soil,freeMP,mp3,1.6045073624072808e-09,1.5854895991882296e-10,0.0,0.0,0.0,0.0,0.0,0.0,0.0,0.0,0.0,0.0,0.0,0.0,0.0,0.0,0.0,2.71e-09,0.0,0.0,0.0
Utopia,Urban_Soil,freeMP,mp4,1.6045073624072808e-09,1.5854895991882293e-11,0.0,0.0,0.0,0.0,0.0,0.0,0.0,0.0,0.0,0.0,0.0,0.0,0.0,0.0,0.0,2.71e-09,0.0,0.0,0.0
Utopia,Urban_Soil,freeMP,mp5,1.6045073624072808e-09,1.5854895991882294e-12,0.0,0.0,0.0,0.0,0.0,0.0,0.0,0.0,0.0,0.0,0.0,0.0,0.0,0.0,0.0,2.71e-09,0.0,0.0,0.0
Utopia,Urban_Soil,heterMP,mp1,1.6045073624072808e-10,0.0,0.0,0.0,0.0,0.0,0.0,0.0,0.0,0.0,0.0,0.0,0.0,0.0,0.0,0.0,0.0,2.71e-09,0.0,0.0,0.0
Utopia,Urban_Soil,heterMP,mp2,1.6045073624072808e-10,0.0,0.0,0.0,0.0,0.0,0.0,0.0,0.0,0.0,0.0,0.0,0.0,0.0,0.0,0.0,0.0,2.71e-09,0.0,0.0,0.0
Utopia,Urban_Soil,heterMP,mp3,1.6045073624072808e-10,0.0,0.0,0.0,0.0,0.0,0.0,0.0,0.0,0.0,0.0,0.0,0.0,0.0,0.0,0.0,0.0,2.71e-09,0.0,0.0,0.0
Utopia,Urban_Soil,heterMP,mp4,1.6045073624072808e-10,0.0,0.0,0.0,0.0,0.0,0.0,0.0,0.0,0.0,0.0,0.0,0.0,0.0,0.0,0.0,0.0,2.71e-09,0.0,0.0,0.0
Utopia,Urban_Soil,heterMP,mp5,1.6045073624072808e-10,0.0,0.0,0.0,0.0,0.0,0.0,0.0,0.0,0.0,0.0,0.0,0.0,0.0,0.0,0.0,0.0,2.71e-09,0.0,0.0,0.0
Utopia,Urban_Soil,biofMP,mp1,3.2090147248145615e-10,7.943302891933028e-09,0.0,0.0,0.0,0.0,0.0,0.0,0.0,0.0,0.0,0.0,0.0,0.0,0.0,0.0,0.0,2.71e-09,0.0,0.0,0.0
Utopia,Urban_Soil,biofMP,mp2,3.2090147248145615e-10,8.08599695585997e-10,0.0,0.0,0.0,0.0,0.0,0.0,0.0,0.0,0.0,0.0,0.0,0.0,0.0,0.0,0.0,2.71e-09,0.0,0.0,0.0
Utopia,Urban_Soil,biofMP,mp3,3.2090147248145615e-10,9.512937595129376e-11,0.0,0.0,0.0,0.0,0.0,0.0,0.0,0.0,0.0,0.0,0.0,0.0,0.0,0.0,0.0,2.71e-09,0.0,0.0,0.0
Utopia,Urban_Soil,biofMP,mp4,3.2090147248145615e-10,2.3782343987823443e-11,0.0,0.0,0.0,0.0,0.0,0.0,0.0,0.0,0.0,0.0,0.0,0.0,0.0,0.0,0.0,2.71e-09,0.0,0.0,0.0
Utopia,Urban_Soil,biofMP,mp5,3.2090147248145615e-10,1.6647640791476408e-11,0.0,0.0,0.0,0.0,0.0,0.0,0.0,0.0,0.0,0.0,0.0,0.0,0.0,0.0,0.0,2.71e-09,0.0,0.0,0.0
Utopia,Urban_Soil,heterBiofMP,mp1,8.022536812036404e-11,0.0,0.0,0.0,0.0,0.0,0.0,0.0,0.0,0.0,0.0,0.0,0.0,0.0,0.0,0.0,0.0,2.71e-09,0.0,0.0,0.0
Utopia,Urban_Soil,heterBiofMP,mp2,8.022536812036404e-11,0.0,0.0,0.0,0.0,0.0,0.0,0.0,0.0,0.0,0.0,0.0,0.0,0.0,0.0,0.0,0.0,2.71e-09,0.0,0.0,0.0
Utopia,Urban_Soil,heterBiofMP,mp3,8.022536812036404e-11,0.0,0.0,0.0,0.0,0.0,0.0,0.0,0.0,0.0,0.0,0.0,0.0,0.0,0.0,0.0,0.0,2.71e-09,0.0,0.0,0.0
Utopia,Urban_Soil,heterBiofMP,mp4,8.022536812036404e-11,0.0,0.0,0.0,0.0,0.0,0.0,0.0,0.0,0.0,0.0,0.0,0.0,0.0,0.0,0.0,0.0,2.71e-09,0.0,0.0,0.0
Utopia,Urban_Soil,heterBiofMP,mp5,8.022536812036404e-11,0.0,0.0,0.0,0.0,0.0,0.0,0.0,0.0,0.0,0.0,0.0,0.0,0.0,0.0,0.0,0.0,2.71e-09,0.0,0.0,0.0
Utopia,Background_Soil_Surface,freeMP,mp1,1.6045073624072808e-09,1.5854895991882292e-07,0.0,0.0,0.0,0.0,0.0,0.0,0.0,0.0,0.0,0.0,0.0,4.69e-09,0.0,0.0,4.68e-24,0.0,0.0,0.0,0.0
Utopia,Background_Soil_Surface,freeMP,mp2,1.6045073624072808e-09,1.5854895991882293e-08,0.0,0.0,0.0,0.0,0.0,0.0,0.0,0.0,0.0,0.0,0.0,4.69e-09,0.0,0.0,4.68e-24,0.0,0.0,0.0,0.0
Utopia,Background_Soil_Surface,freeMP,mp3,1.6045073624072808e-09,1.5854895991882293e-09,0.0,0.0,0.0,0.0,0.0,0.0,0.0,0.0,0.0,0.0,0.0,4.69e-09,0.0,0.0,4.68e-24,0.0,0.0,0.0,0.0
Utopia,Background_Soil_Surface,freeMP,mp4,1.6045073624072808e-09,1.5854895991882296e-10,0.0,0.0,0.0,0.0,0.0,0.0,0.0,0.0,0.0,0.0,0.0,4.69e-09,0.0,0.0,4.68e-24,0.0,0.0,0.0,0.0
Utopia,Background_Soil_Surface,freeMP,mp5,1.6045073624072808e-09,1.5854895991882293e-11,0.0,0.0,0.0,0.0,0.0,0.0,0.0,0.0,0.0,0.0,0.0,4.69e-09,0.0,0.0,4.68e-24,0.0,0.0,0.0,0.0
Utopia,Background_Soil_Surface,heterMP,mp1,1.6045073624072808e-10,0.0,0.0,0.0,0.0,0.0,0.0,0.0,0.0,0.0,0.0,0.0,0.0,4.69e-09,0.0,0.0,4.68e-24,0.0,0.0,0.0,0.0
Utopia,Background_Soil_Surface,heterMP,mp2,1.6045073624072808e-10,0.0,0.0,0.0,0.0,0.0,0.0,0.0,0.0,0.0,0.0,0.0,0.0,4.69e-09,0.0,0.0,4.68e-24,0.0,0.0,0.0,0.0
Utopia,Background_Soil_Surface,heterMP,mp3,1.6045073624072808e-10,0.0,0.0,0.0,0.0,0.0,0.0,0.0,0.0,0.0,0.0,0.0,0.0,4.69e-09,0.0,0.0,4.68e-24,0.0,0.0,0.0,0.0
Utopia,Background_Soil_Surface,heterMP,mp4,1.6045073624072808e-10,0.0,0.0,0.0,0.0,0.0,0.0,0.0,0.0,0.0,0.0,0.0,0.0,4.69e-09,0.0,0.0,4.68e-24,0.0,0.0,0.0,0.0
Utopia,Background_Soil_Surface,heterMP,mp5,1.6045073624072808e-10,0.0,0.0,0.0,0.0,0.0,0.0,0.0,0.0,0.0,0.0,0.0,0.0,4.69e-09,0.0,0.0,4.68e-24,0.0,0.0,0.0,0.0
Utopia,Background_Soil_Surface,biofMP,mp1,3.2090147248145615e-10,7.94330289193303e-08,0.0,0.0,0.0,0.0,0.0,0.0,0.0,0.0,0.0,0.0,0.0,4.69e-09,0.0,0.0,4.68e-24,0.0,0.0,0.0,0.0
Utopia,Background_Soil_Surface,biofMP,mp2,3.2090147248145615e-10,8.08599695585997e-09,0.0,0.0,0.0,0.0,0.0,0.0,0.0,0.0,0.0,0.0,0.0,4.69e-09,0.0,0.0,4.68e-24,0.0,0.0,0.0,0.0
Utopia,Background_Soil_Surface,biofMP,mp3,3.2090147248145615e-10,9.512937595129376e-10,0.0,0.0,0.0,0.0,0.0,0.0,0.0,0.0,0.0,0.0,0.0,4.69e-09,0.0,0.0,4.68e-24,0.0,0.0,0.0,0.0
Utopia,Background_Soil_Surface,biofMP,mp4,3.2090147248145615e-10,2.378234398782344e-10,0.0,0.0,0.0,0.0,0.0,0.0,0.0,0.0,0.0,0.0,0.0,4.69e-09,0.0,0.0,4.68e-24,0.0,0.0,0.0,0.0
Utopia,Background_Soil_Surface,biofMP,mp5,3.2090147248145615e-10,1.664764079147641e-10,0.0,0.0,0.0,0.0,0.0,0.0,0.0,0.0,0.0,0.0,0.0,4.69e-09,0.0,0.0,4.68e-24,0.0,0.0,0.0,0.0
Utopia,Background_Soil_Surface,heterBiofMP,mp1,8.022536812036404e-11,0.0,0.0,0.0,0.0,0.0,0.0,0.0,0.0,0.0,0.0,0.0,0.0,4.69e-09,0.0,0.0,4.68e-24,0.0,0.0,0.0,0.0
Utopia,Background_Soil_Surface,heterBiofMP,mp2,8.022536812036404e-11,0.0,0.0,0.0,0.0,0.0,0.0,0.0,0.0,0.0,0.0,0.0,0.0,4.69e-09,0.0,0.0,4.68e-24,0.0,0.0,0.0,0.0
Utopia,Background_Soil_Surface,heterBiofMP,mp3,8.022536812036404e-11,0.0,0.0,0.0,0.0,0.0,0.0,0.0,0.0,0.0,0.0,0.0,0.0,4.69e-09,0.0,0.0,4.68e-24,0.0,0.0,0.0,0.0
Utopia,Background_Soil_Surface,heterBiofMP,mp4,8.022536812036404e-11,0.0,0.0,0.0,0.0,0.0,0.0,0.0,0.0,0.0,0.0,0.0,0.0,4.69e-09,0.0,0.0,4.68e-24,0.0,0.0,0.0,0.0
Utopia,Background_Soil_Surface,heterBiofMP,mp5,8.022536812036404e-11,0.0,0.0,0.0,0.0,0.0,0.0,0.0,0.0,0.0,0.0,0.0,0.0,4.69e-09,0.0,0.0,4.68e-24,0.0,0.0,0.0,0.0
Utopia,Background_Soil,freeMP,mp1,1.6045073624072808e-09,1.5854895991882293e-08,0.0,0.0,0.0,0.0,0.0,0.0,0.0,0.0,0.0,0.0,0.0,0.0,0.0,0.0,0.0,2.71e-09,0.0,0.0,0.0
Utopia,Background_Soil,freeMP,mp2,1.6045073624072808e-09,1.5854895991882293e-09,0.0,0.0,0.0,0.0,0.0,0.0,0.0,0.0,0.0,0.0,0.0,0.0,0.0,0.0,0.0,2.71e-09,0.0,0.0,0.0
Utopia,Background_Soil,freeMP,mp3,1.6045073624072808e-09,1.5854895991882296e-10,0.0,0.0,0.0,0.0,0.0,0.0,0.0,0.0,0.0,0.0,0.0,0.0,0.0,0.0,0.0,2.71e-09,0.0,0.0,0.0
Utopia,Background_Soil,freeMP,mp4,1.6045073624072808e-09,1.5854895991882293e-11,0.0,0.0,0.0,0.0,0.0,0.0,0.0,0.0,0.0,0.0,0.0,0.0,0.0,0.0,0.0,2.71e-09,0.0,0.0,0.0
Utopia,Background_Soil,freeMP,mp5,1.6045073624072808e-09,1.5854895991882294e-12,0.0,0.0,0.0,0.0,0.0,0.0,0.0,0.0,0.0,0.0,0.0,0.0,0.0,0.0,0.0,2.71e-09,0.0,0.0,0.0
Utopia,Background_Soil,heterMP,mp1,1.6045073624072808e-10,0.0,0.0,0.0,0.0,0.0,0.0,0.0,0.0,0.0,0.0,0.0,0.0,0.0,0.0,0.0,0.0,2.71e-09,0.0,0.0,0.0
Utopia,Background_Soil,heterMP,mp2,1.6045073624072808e-10,0.0,0.0,0.0,0.0,0.0,0.0,0.0,0.0,0.0,0.0,0.0,0.0,0.0,0.0,0.0,0.0,2.71e-09,0.0,0.0,0.0
Utopia,Background_Soil,heterMP,mp3,1.6045073624072808e-10,0.0,0.0,0.0,0.0,0.0,0.0,0.0,0.0,0.0,0.0,0.0,0.0,0.0,0.0,0.0,0.0,2.71e-09,0.0,0.0,0.0
Utopia,Background_Soil,heterMP,mp4,1.6045073624072808e-10,0.0,0.0,0.0,0.0,0.0,0.0,0.0,0.0,0.0,0.0,0.0,0.0,0.0,0.0,0.0,0.0,2.71e-09,0.0,0.0,0.0
Utopia,Background_Soil,heterMP,mp5,1.6045073624072808e-10,0.0,0.0,0.0,0.0,0.0,0.0,0.0,0.0,0.0,0.0,0.0,0.0,0.0,0.0,0.0,0.0,2.71e-09,0.0,0.0,0.0
Utopia,Background_Soil,biofMP,mp1,3.2090147248145615e-10,7.943302891933028e-09,0.0,0.0,0.0,0.0,0.0,0.0,0.0,0.0,0.0,0.0,0.0,0.0,0.0,0.0,0.0,2.71e-09,0.0,0.0,0.0
Utopia,Background_Soil,biofMP,mp2,3.2090147248145615e-10,8.08599695585997e-10,0.0,0.0,0.0,0.0,0.0,0.0,0.0,0.0,0.0,0.0,0.0,0.0,0.0,0.0,0.0,2.71e-09,0.0,0.0,0.0
Utopia,Background_Soil,biofMP,mp3,3.2090147248145615e-10,9.512937595129376e-11,0.0,0.0,0.0,0.0,0.0,0.0,0.0,0.0,0.0,0.0,0.0,0.0,0.0,0.0,0.0,2.71e-09,0.0,0.0,0.0
Utopia,Background_Soil,biofMP,mp4,3.2090147248145615e-10,2.3782343987823443e-11,0.0,0.0,0.0,0.0,0.0,0.0,0.0,0.0,0.0,0.0,0.0,0.0,0.0,0.0,0.0,2.71e-09,0.0,0.0,0.0
Utopia,Background_Soil,biofMP,mp5,3.2090147248145615e-10,1.6647640791476408e-11,0.0,0.0,0.0,0.0,0.0,0.0,0.0,0.0,0.0,0.0,0.0,0.0,0.0,0.0,0.0,2.71e-09,0.0,0.0,0.0
Utopia,Background_Soil,heterBiofMP,mp1,8.022536812036404e-11,0.0,0.0,0.0,0.0,0.0,0.0,0.0,0.0,0.0,0.0,0.0,0.0,0.0,0.0,0.0,0.0,2.71e-09,0.0,0.0,0.0
Utopia,Background_Soil,heterBiofMP,mp2,8.022536812036404e-11,0.0,0.0,0.0,0.0,0.0,0.0,0.0,0.0,0.0,0.0,0.0,0.0,0.0,0.0,0.0,0.0,2.71e-09,0.0,0.0,0.0
Utopia,Background_Soil,heterBiofMP,mp3,8.022536812036404e-11,0.0,0.0,0.0,0.0,0.0,0.0,0.0,0.0,0.0,0.0,0.0,0.0,0.0,0.0,0.0,0.0,2.71e-09,0.0,0.0,0.0
Utopia,Background_Soil,heterBiofMP,mp4,8.022536812036404e-11,0.0,0.0,0.0,0.0,0.0,0.0,0.0,0.0,0.0,0.0,0.0,0.0,0.0,0.0,0.0,0.0,2.71e-09,0.0,0.0,0.0
Utopia,Background_Soil,heterBiofMP,mp5,8.022536812036404e-11,0.0,0.0,0.0,0.0,0.0,0.0,0.0,0.0,0.0,0.0,0.0,0.0,0.0,0.0,0.0,0.0,2.71e-09,0.0,0.0,0.0
Utopia,Agricultural_Soil_Surface,freeMP,mp1,1.6045073624072808e-09,1.5854895991882292e-07,0.0,0.0,0.0,0.0,0.0,0.0,0.0,0.0,0.0,0.0,0.0,4.69e-09,0.0,0.0,4.68e-24,0.0,0.0,0.0,0.0
Utopia,Agricultural_Soil_Surface,freeMP,mp2,1.6045073624072808e-09,1.5854895991882293e-08,0.0,0.0,0.0,0.0,0.0,0.0,0.0,0.0,0.0,0.0,0.0,4.69e-09,0.0,0.0,4.68e-24,0.0,0.0,0.0,0.0
Utopia,Agricultural_Soil_Surface,freeMP,mp3,1.6045073624072808e-09,1.5854895991882293e-09,0.0,0.0,0.0,0.0,0.0,0.0,0.0,0.0,0.0,0.0,0.0,4.69e-09,0.0,0.0,4.68e-24,0.0,0.0,0.0,0.0
Utopia,Agricultural_Soil_Surface,freeMP,mp4,1.6045073624072808e-09,1.5854895991882296e-10,0.0,0.0,0.0,0.0,0.0,0.0,0.0,0.0,0.0,0.0,0.0,4.69e-09,0.0,0.0,4.68e-24,0.0,0.0,0.0,0.0
Utopia,Agricultural_Soil_Surface,freeMP,mp5,1.6045073624072808e-09,1.5854895991882293e-11,0.0,0.0,0.0,0.0,0.0,0.0,0.0,0.0,0.0,0.0,0.0,4.69e-09,0.0,0.0,4.68e-24,0.0,0.0,0.0,0.0
Utopia,Agricultural_Soil_Surface,heterMP,mp1,1.6045073624072808e-10,0.0,0.0,0.0,0.0,0.0,0.0,0.0,0.0,0.0,0.0,0.0,0.0,4.69e-09,0.0,0.0,4.68e-24,0.0,0.0,0.0,0.0
Utopia,Agricultural_Soil_Surface,heterMP,mp2,1.6045073624072808e-10,0.0,0.0,0.0,0.0,0.0,0.0,0.0,0.0,0.0,0.0,0.0,0.0,4.69e-09,0.0,0.0,4.68e-24,0.0,0.0,0.0,0.0
Utopia,Agricultural_Soil_Surface,heterMP,mp3,1.6045073624072808e-10,0.0,0.0,0.0,0.0,0.0,0.0,0.0,0.0,0.0,0.0,0.0,0.0,4.69e-09,0.0,0.0,4.68e-24,0.0,0.0,0.0,0.0
Utopia,Agricultural_Soil_Surface,heterMP,mp4,1.6045073624072808e-10,0.0,0.0,0.0,0.0,0.0,0.0,0.0,0.0,0.0,0.0,0.0,0.0,4.69e-09,0.0,0.0,4.68e-24,0.0,0.0,0.0,0.0
Utopia,Agricultural_Soil_Surface,heterMP,mp5,1.6045073624072808e-10,0.0,0.0,0.0,0.0,0.0,0.0,0.0,0.0,0.0,0.0,0.0,0.0,4.69e-09,0.0,0.0,4.68e-24,0.0,0.0,0.0,0.0
Utopia,Agricultural_Soil_Surface,biofMP,mp1,3.2090147248145615e-10,7.94330289193303e-08,0.0,0.0,0.0,0.0,0.0,0.0,0.0,0.0,0.0,0.0,0.0,4.69e-09,0.0,0.0,4.68e-24,0.0,0.0,0.0,0.0
Utopia,Agricultural_Soil_Surface,biofMP,mp2,3.2090147248145615e-10,8.08599695585997e-09,0.0,0.0,0.0,0.0,0.0,0.0,0.0,0.0,0.0,0.0,0.0,4.69e-09,0.0,0.0,4.68e-24,0.0,0.0,0.0,0.0
Utopia,Agricultural_Soil_Surface,biofMP,mp3,3.2090147248145615e-10,9.512937595129376e-10,0.0,0.0,0.0,0.0,0.0,0.0,0.0,0.0,0.0,0.0,0.0,4.69e-09,0.0,0.0,4.68e-24,0.0,0.0,0.0,0.0
Utopia,Agricultural_Soil_Surface,biofMP,mp4,3.2090147248145615e-10,2.378234398782344e-10,0.0,0.0,0.0,0.0,0.0,0.0,0.0,0.0,0.0,0.0,0.0,4.69e-09,0.0,0.0,4.68e-24,0.0,0.0,0.0,0.0
Utopia,Agricultural_Soil_Surface,biofMP,mp5,3.2090147248145615e-10,1.664764079147641e-10,0.0,0.0,0.0,0.0,0.0,0.0,0.0,0.0,0.0,0.0,0.0,4.69e-09,0.0,0.0,4.68e-24,0.0,0.0,0.0,0.0
Utopia,Agricultural_Soil_Surface,heterBiofMP,mp1,8.022536812036404e-11,0.0,0.0,0.0,0.0,0.0,0.0,0.0,0.0,0.0,0.0,0.0,0.0,4.69e-09,0.0,0.0,4.68e-24,0.0,0.0,0.0,0.0
Utopia,Agricultural_Soil_Surface,heterBiofMP,mp2,8.022536812036404e-11,0.0,0.0,0.0,0.0,0.0,0.0,0.0,0.0,0.0,0.0,0.0,0.0,4.69e-09,0.0,0.0,4.68e-24,0.0,0.0,0.0,0.0
Utopia,Agricultural_Soil_Surface,heterBiofMP,mp3,8.022536812036404e-11,0.0,0.0,0.0,0.0,0.0,0.0,0.0,0.0,0.0,0.0,0.0,0.0,4.69e-09,0.0,0.0,4.68e-24,0.0,0.0,0.0,0.0
Utopia,Agricultural_Soil_Surface,heterBiofMP,mp4,8.022536812036404e-11,0.0,0.0,0.0,0.0,0.0,0.0,0.0,0.0,0.0,0.0,0.0,0.0,4.69e-09,0.0,0.0,4.68e-24,0.0,0.0,0.0,0.0
Utopia,Agricultural_Soil_Surface,heterBiofMP,mp5,8.022536812036404e-11,0.0,0.0,0.0,0.0,0.0,0.0,0.0,0.0,0.0,0.0,0.0,0.0,4.69e-09,0.0,0.0,4.68e-24,0.0,0.0,0.0,0.0
Utopia,Agricultural_Soil,freeMP,mp1,1.6045073624072808e-09,1.5854895991882293e-08,0.0,0.0,0.0,0.0,0.0,0.0,0.0,0.0,0.0,0.0,0.0,0.0,0.0,0.0,0.0,2.71e-09,0.0,0.0,0.0
Utopia,Agricultural_Soil,freeMP,mp2,1.6045073624072808e-09,1.5854895991882293e-09,0.0,0.0,0.0,0.0,0.0,0.0,0.0,0.0,0.0,0.0,0.0,0.0,0.0,0.0,0.0,2.71e-09,0.0,0.0,0.0
Utopia,Agricultural_Soil,freeMP,mp3,1.6045073624072808e-09,1.5854895991882296e-10,0.0,0.0,0.0,0.0,0.0,0.0,0.0,0.0,0.0,0.0,0.0,0.0,0.0,0.0,0.0,2.71e-09,0.0,0.0,0.0
Utopia,Agricultural_Soil,freeMP,mp4,1.6045073624072808e-09,1.5854895991882293e-11,0.0,0.0,0.0,0.0,0.0,0.0,0.0,0.0,0.0,0.0,0.0,0.0,0.0,0.0,0.0,2.71e-09,0.0,0.0,0.0
Utopia,Agricultural_Soil,freeMP,mp5,1.6045073624072808e-09,1.5854895991882294e-12,0.0,0.0,0.0,0.0,0.0,0.0,0.0,0.0,0.0,0.0,0.0,0.0,0.0,0.0,0.0,2.71e-09,0.0,0.0,0.0
Utopia,Agricultural_Soil,heterMP,mp1,1.6045073624072808e-10,0.0,0.0,0.0,0.0,0.0,0.0,0.0,0.0,0.0,0.0,0.0,0.0,0.0,0.0,0.0,0.0,2.71e-09,0.0,0.0,0.0
Utopia,Agricultural_Soil,heterMP,mp2,1.6045073624072808e-10,0.0,0.0,0.0,0.0,0.0,0.0,0.0,0.0,0.0,0.0,0.0,0.0,0.0,0.0,0.0,0.0,2.71e-09,0.0,0.0,0.0
Utopia,Agricultural_Soil,heterMP,mp3,1.6045073624072808e-10,0.0,0.0,0.0,0.0,0.0,0.0,0.0,0.0,0.0,0.0,0.0,0.0,0.0,0.0,0.0,0.0,2.71e-09,0.0,0.0,0.0
Utopia,Agricultural_Soil,heterMP,mp4,1.6045073624072808e-10,0.0,0.0,0.0,0.0,0.0,0.0,0.0,0.0,0.0,0.0,0.0,0.0,0.0,0.0,0.0,0.0,2.71e-09,0.0,0.0,0.0
Utopia,Agricultural_Soil,heterMP,mp5,1.6045073624072808e-10,0.0,0.0,0.0,0.0,0.0,0.0,0.0,0.0,0.0,0.0,0.0,0.0,0.0,0.0,0.0,0.0,2.71e-09,0.0,0.0,0.0
Utopia,Agricultural_Soil,biofMP,mp1,3.2090147248145615e-10,7.943302891933028e-09,0.0,0.0,0.0,0.0,0.0,0.0,0.0,0.0,0.0,0.0,0.0,0.0,0.0,0.0,0.0,2.71e-09,0.0,0.0,0.0
Utopia,Agricultural_Soil,biofMP,mp2,3.2090147248145615e-10,8.08599695585997e-10,0.0,0.0,0.0,0.0,0.0,0.0,0.0,0.0,0.0,0.0,0.0,0.0,0.0,0.0,0.0,2.71e-09,0.0,0.0,0.0
Utopia,Agricultural_Soil,biofMP,mp3,3.2090147248145615e-10,9.512937595129376e-11,0.0,0.0,0.0,0.0,0.0,0.0,0.0,0.0,0.0,0.0,0.0,0.0,0.0,0.0,0.0,2.71e-09,0.0,0.0,0.0
Utopia,Agricultural_Soil,biofMP,mp4,3.2090147248145615e-10,2.3782343987823443e-11,0.0,0.0,0.0,0.0,0.0,0.0,0.0,0.0,0.0,0.0,0.0,0.0,0.0,0.0,0.0,2.71e-09,0.0,0.0,0.0
Utopia,Agricultural_Soil,biofMP,mp5,3.2090147248145615e-10,1.6647640791476408e-11,0.0,0.0,0.0,0.0,0.0,0.0,0.0,0.0,0.0,0.0,0.0,0.0,0.0,0.0,0.0,2.71e-09,0.0,0.0,0.0
Utopia,Agricultural_Soil,heterBiofMP,mp1,8.022536812036404e-11,0.0,0.0,0.0,0.0,0.0,0.0,0.0,0.0,0.0,0.0,0.0,0.0,0.0,0.0,0.0,0.0,2.71e-09,0.0,0.0,0.0
Utopia,Agricultural_Soil,heterBiofMP,mp2,8.022536812036404e-11,0.0,0.0,0.0,0.0,0.0,0.0,0.0,0.0,0.0,0.0,0.0,0.0,0.0,0.0,0.0,0.0,2.71e-09,0.0,0.0,0.0
Utopia,Agricultural_Soil,heterBiofMP,mp3,8.022536812036404e-11,0.0,0.0,0.0,0.0,0.0,0.0,0.0,0.0,0.0,0.0,0.0,0.0,0.0,0.0,0.0,0.0,2.71e-09,0.0,0.0,0.0
Utopia,Agricultural_Soil,heterBiofMP,mp4,8.022536812036404e-11,0.0,0.0,0.0,0.0,0.0,0.0,0.0,0.0,0.0,0.0,0.0,0.0,0.0,0.0,0.0,0.0,2.71e-09,0.0,0.0,0.0
Utopia,Agricultural_Soil,heterBiofMP,mp5,8.022536812036404e-11,0.0,0.0,0.0,0.0,0.0,0.0,0.0,0.0,0.0,0.0,0.0,0.0,0.0,0.0,0.0,0.0,2.71e-09,0.0,0.0,0.0
Utopia,Air,freeMP,mp1,1.6045073624072808e-09,0.0,0.0,0.0,0.0,0.0,0.0,0.0,0.0,0.0,0.0,0.0,0.0,0.0,0.0,0.0,0.0,0.0,0.0,7.91e-06,0.0
Utopia,Air,freeMP,mp2,1.6045073624072808e-09,0.0,0.0,0.0,0.0,0.0,0.0,0.0,0.0,0.0,0.0,0.0,0.0,0.0,0.0,0.0,0.0,0.0,0.0,7.91e-06,0.0
Utopia,Air,freeMP,mp3,1.6045073624072808e-09,0.0,0.0,0.0,0.0,0.0,0.0,0.0,0.0,0.0,0.0,0.0,0.0,0.0,0.0,0.0,0.0,0.0,0.0,7.91e-06,0.0
Utopia,Air,freeMP,mp4,1.6045073624072808e-09,0.0,0.0,0.0,0.0,0.0,0.0,0.0,0.0,0.0,0.0,0.0,0.0,0.0,0.0,0.0,0.0,0.0,0.0,7.91e-06,0.0
Utopia,Air,freeMP,mp5,1.6045073624072808e-09,0.0,0.0,0.0,0.0,0.0,0.0,0.0,0.0,0.0,0.0,0.0,0.0,0.0,0.0,0.0,0.0,0.0,0.0,7.91e-06,0.0
Utopia,Air,heterMP,mp1,1.6045073624072808e-10,0.0,0.0,0.0,0.0,0.0,0.0,0.0,0.0,0.0,0.0,0.0,0.0,0.0,0.0,0.0,0.0,0.0,0.0,7.91e-06,0.0
Utopia,Air,heterMP,mp2,1.6045073624072808e-10,0.0,0.0,0.0,0.0,0.0,0.0,0.0,0.0,0.0,0.0,0.0,0.0,0.0,0.0,0.0,0.0,0.0,0.0,7.91e-06,0.0
Utopia,Air,heterMP,mp3,1.6045073624072808e-10,0.0,0.0,0.0,0.0,0.0,0.0,0.0,0.0,0.0,0.0,0.0,0.0,0.0,0.0,0.0,0.0,0.0,0.0,7.91e-06,0.0
Utopia,Air,heterMP,mp4,1.6045073624072808e-10,0.0,0.0,0.0,0.0,0.0,0.0,0.0,0.0,0.0,0.0,0.0,0.0,0.0,0.0,0.0,0.0,0.0,0.0,7.91e-06,0.0
Utopia,Air,heterMP,mp5,1.6045073624072808e-10,0.0,0.0,0.0,0.0,0.0,0.0,0.0,0.0,0.0,0.0,0.0,0.0,0.0,0.0,0.0,0.0,0.0,0.0,7.91e-06,0.0
Utopia,Air,biofMP,mp1,3.2090147248145615e-10,0.0,0.0,0.0,0.0,0.0,0.0,0.0,0.0,0.0,0.0,0.0,0.0,0.0,0.0,0.0,0.0,0.0,0.0,7.91e-06,0.0
Utopia,Air,biofMP,mp2,3.2090147248145615e-10,0.0,0.0,0.0,0.0,0.0,0.0,0.0,0.0,0.0,0.0,0.0,0.0,0.0,0.0,0.0,0.0,0.0,0.0,7.91e-06,0.0
Utopia,Air,biofMP,mp3,3.2090147248145615e-10,0.0,0.0,0.0,0.0,0.0,0.0,0.0,0.0,0.0,0.0,0.0,0.0,0.0,0.0,0.0,0.0,0.0,0.0,7.91e-06,0.0
Utopia,Air,biofMP,mp4,3.2090147248145615e-10,0.0,0.0,0.0,0.0,0.0,0.0,0.0,0.0,0.0,0.0,0.0,0.0,0.0,0.0,0.0,0.0,0.0,0.0,7.91e-06,0.0
Utopia,Air,biofMP,mp5,3.2090147248145615e-10,0.0,0.0,0.0,0.0,0.0,0.0,0.0,0.0,0.0,0.0,0.0,0.0,0.0,0.0,0.0,0.0,0.0,0.0,7.91e-06,0.0
Utopia,Air,heterBiofMP,mp1,8.022536812036404e-11,0.0,0.0,0.0,0.0,0.0,0.0,0.0,0.0,0.0,0.0,0.0,0.0,0.0,0.0,0.0,0.0,0.0,0.0,7.91e-06,0.0
Utopia,Air,heterBiofMP,mp2,8.022536812036404e-11,0.0,0.0,0.0,0.0,0.0,0.0,0.0,0.0,0.0,0.0,0.0,0.0,0.0,0.0,0.0,0.0,0.0,0.0,7.91e-06,0.0
Utopia,Air,heterBiofMP,mp3,8.022536812036404e-11,0.0,0.0,0.0,0.0,0.0,0.0,0.0,0.0,0.0,0.0,0.0,0.0,0.0,0.0,0.0,0.0,0.0,0.0,7.91e-06,0.0
Utopia,Air,heterBiofMP,mp4,8.022536812036404e-11,0.0,0.0,0.0,0.0,0.0,0.0,0.0,0.0,0.0,0.0,0.0,0.0,0.0,0.0,0.0,0.0,0.0,0.0,7.91e-06,0.0
Utopia,Air,heterBiofMP,mp5,8.022536812036404e-11,0.0,0.0,0.0,0.0,0.0,0.0,0.0,0.0,0.0,0.0,0.0,0.0,0.0,0.0,0.0,0.0,0.0,0.0,7.91e-06,0.0
